tag,label,source_rule,required_when,validation_checks,rule_id,implementation,automated_test,technical_status,clinical_review_status
HOSPID,醫事機構代碼,醫事服務機構代號,,Big5 encodability | required | max length 10,QBC-ENCODING-BIG5,qbc_workbench.validation,tests/test_conformance.py,implemented,verified-by-test
HOSPID,醫事機構代碼,醫事服務機構代號,,Big5 encodability | required | max length 10,QBC-FORMAT-LENGTH,qbc_workbench.validation,tests/test_conformance.py,implemented,verified-by-test
ID,個案身份證號,文數字，國民身分證統一編號或外籍居留證號碼(如無居留證號碼請填護照號碼)，如為A123456789則輸入A123456789,,Big5 encodability | required | max length 10,QBC-ENCODING-BIG5,qbc_workbench.validation,tests/test_conformance.py,implemented,verified-by-test
ID,個案身份證號,文數字，國民身分證統一編號或外籍居留證號碼(如無居留證號碼請填護照號碼)，如為A123456789則輸入A123456789,,Big5 encodability | required | max length 10,QBC-FORMAT-LENGTH,qbc_workbench.validation,tests/test_conformance.py,implemented,verified-by-test
BIRTHDAY,個案出生年月日,固定8碼，西元年（YYYYMMDD），例如1980年12月6日，則填寫：19801206,,Big5 encodability | required | max length 8 | date format,QBC-ENCODING-BIG5,qbc_workbench.validation,tests/test_conformance.py,implemented,verified-by-test
BIRTHDAY,個案出生年月日,固定8碼，西元年（YYYYMMDD），例如1980年12月6日，則填寫：19801206,,Big5 encodability | required | max length 8 | date format,QBC-FORMAT-LENGTH,qbc_workbench.validation,tests/test_conformance.py,implemented,verified-by-test
BIRTHDAY,個案出生年月日,固定8碼，西元年（YYYYMMDD），例如1980年12月6日，則填寫：19801206,,Big5 encodability | required | max length 8 | date format,QBC-FORMAT-DATE,qbc_workbench.validation,tests/test_conformance.py,implemented,verified-by-test
DIAG_TYPE,收案類別,1:新診斷個案-直接治癒性手術 2:新診斷個案-新輔助性治療法 3:首次復發個案,,Big5 encodability | required | max length 1 | allowed value set,QBC-ENCODING-BIG5,qbc_workbench.validation,tests/test_conformance.py,implemented,verified-by-test
DIAG_TYPE,收案類別,1:新診斷個案-直接治癒性手術 2:新診斷個案-新輔助性治療法 3:首次復發個案,,Big5 encodability | required | max length 1 | allowed value set,QBC-FORMAT-LENGTH,qbc_workbench.validation,tests/test_conformance.py,implemented,verified-by-test
DIAG_TYPE,收案類別,1:新診斷個案-直接治癒性手術 2:新診斷個案-新輔助性治療法 3:首次復發個案,,Big5 encodability | required | max length 1 | allowed value set,QBC-FORMAT-CODE,qbc_workbench.validation,tests/test_conformance.py,implemented,verified-by-test
DIAG_TYPE,收案類別,1:新診斷個案-直接治癒性手術 2:新診斷個案-新輔助性治療法 3:首次復發個案,,Big5 encodability | required | max length 1 | allowed value set,QBC-VALUESET,qbc_workbench.validation,tests/test_conformance.py,implemented,verified-by-test
LATERALITY,側性(患部),填入代碼: L:左側 R:右側 上傳資料包含診斷病理或治療療程時必填。 若為雙側的病患，請將左右側拆分為2筆資料填寫。,,Big5 encodability | required | max length 1 | allowed value set | cross-field business rules,QBC-ENCODING-BIG5,qbc_workbench.validation,tests/test_conformance.py,implemented,verified-by-test
LATERALITY,側性(患部),填入代碼: L:左側 R:右側 上傳資料包含診斷病理或治療療程時必填。 若為雙側的病患，請將左右側拆分為2筆資料填寫。,,Big5 encodability | required | max length 1 | allowed value set | cross-field business rules,QBC-FORMAT-LENGTH,qbc_workbench.validation,tests/test_conformance.py,implemented,verified-by-test
LATERALITY,側性(患部),填入代碼: L:左側 R:右側 上傳資料包含診斷病理或治療療程時必填。 若為雙側的病患，請將左右側拆分為2筆資料填寫。,,Big5 encodability | required | max length 1 | allowed value set | cross-field business rules,QBC-FORMAT-CODE,qbc_workbench.validation,tests/test_conformance.py,implemented,verified-by-test
LATERALITY,側性(患部),填入代碼: L:左側 R:右側 上傳資料包含診斷病理或治療療程時必填。 若為雙側的病患，請將左右側拆分為2筆資料填寫。,,Big5 encodability | required | max length 1 | allowed value set | cross-field business rules,QBC-VALUESET,qbc_workbench.validation,tests/test_conformance.py,implemented,verified-by-test
LATERALITY,側性(患部),填入代碼: L:左側 R:右側 上傳資料包含診斷病理或治療療程時必填。 若為雙側的病患，請將左右側拆分為2筆資料填寫。,,Big5 encodability | required | max length 1 | allowed value set | cross-field business rules,QBC-LATERALITY-REQUIRED,qbc_workbench.validation,tests/test_conformance.py,implemented,verified-by-test
P01,個案姓名,中文字採使用Big-5碼，至多為50個中文字,,Big5 encodability | required | max length 50,QBC-ENCODING-BIG5,qbc_workbench.validation,tests/test_conformance.py,implemented,verified-by-test
P01,個案姓名,中文字採使用Big-5碼，至多為50個中文字,,Big5 encodability | required | max length 50,QBC-FORMAT-LENGTH,qbc_workbench.validation,tests/test_conformance.py,implemented,verified-by-test
P02,個案性別,0：男性 1：女性 2：其他 (不符合傳統性別者，如雙性、跨性別) 3：未知,,Big5 encodability | required | max length 1 | allowed value set,QBC-ENCODING-BIG5,qbc_workbench.validation,tests/test_conformance.py,implemented,verified-by-test
P02,個案性別,0：男性 1：女性 2：其他 (不符合傳統性別者，如雙性、跨性別) 3：未知,,Big5 encodability | required | max length 1 | allowed value set,QBC-FORMAT-LENGTH,qbc_workbench.validation,tests/test_conformance.py,implemented,verified-by-test
P02,個案性別,0：男性 1：女性 2：其他 (不符合傳統性別者，如雙性、跨性別) 3：未知,,Big5 encodability | required | max length 1 | allowed value set,QBC-FORMAT-CODE,qbc_workbench.validation,tests/test_conformance.py,implemented,verified-by-test
P02,個案性別,0：男性 1：女性 2：其他 (不符合傳統性別者，如雙性、跨性別) 3：未知,,Big5 encodability | required | max length 1 | allowed value set,QBC-VALUESET,qbc_workbench.validation,tests/test_conformance.py,implemented,verified-by-test
P03,身高,數字、長度整數至多3位數及小數至多2位數、範例150.3,,Big5 encodability | required | max length 5 | decimal format,QBC-ENCODING-BIG5,qbc_workbench.validation,tests/test_conformance.py,implemented,verified-by-test
P03,身高,數字、長度整數至多3位數及小數至多2位數、範例150.3,,Big5 encodability | required | max length 5 | decimal format,QBC-FORMAT-LENGTH,qbc_workbench.validation,tests/test_conformance.py,implemented,verified-by-test
P03,身高,數字、長度整數至多3位數及小數至多2位數、範例150.3,,Big5 encodability | required | max length 5 | decimal format,QBC-FORMAT-DECIMAL,qbc_workbench.validation,tests/test_conformance.py,implemented,verified-by-test
P04,體重,數字、長度整數至多3位數及小數至多2位數、範例59.65,,Big5 encodability | required | max length 5 | decimal format,QBC-ENCODING-BIG5,qbc_workbench.validation,tests/test_conformance.py,implemented,verified-by-test
P04,體重,數字、長度整數至多3位數及小數至多2位數、範例59.65,,Big5 encodability | required | max length 5 | decimal format,QBC-FORMAT-LENGTH,qbc_workbench.validation,tests/test_conformance.py,implemented,verified-by-test
P04,體重,數字、長度整數至多3位數及小數至多2位數、範例59.65,,Big5 encodability | required | max length 5 | decimal format,QBC-FORMAT-DECIMAL,qbc_workbench.validation,tests/test_conformance.py,implemented,verified-by-test
P05,是否已停經,※ 僅女性個案需要填寫。 1：是 2：否,,Big5 encodability | max length 1 | allowed value set | cross-field business rules,QBC-ENCODING-BIG5,qbc_workbench.validation,tests/test_conformance.py,implemented,verified-by-test
P05,是否已停經,※ 僅女性個案需要填寫。 1：是 2：否,,Big5 encodability | max length 1 | allowed value set | cross-field business rules,QBC-FORMAT-LENGTH,qbc_workbench.validation,tests/test_conformance.py,implemented,verified-by-test
P05,是否已停經,※ 僅女性個案需要填寫。 1：是 2：否,,Big5 encodability | max length 1 | allowed value set | cross-field business rules,QBC-FORMAT-CODE,qbc_workbench.validation,tests/test_conformance.py,implemented,verified-by-test
P05,是否已停經,※ 僅女性個案需要填寫。 1：是 2：否,,Big5 encodability | max length 1 | allowed value set | cross-field business rules,QBC-VALUESET,qbc_workbench.validation,tests/test_conformance.py,implemented,verified-by-test
P05,是否已停經,※ 僅女性個案需要填寫。 1：是 2：否,,Big5 encodability | max length 1 | allowed value set | cross-field business rules,QBC-P05-FEMALE,qbc_workbench.validation,tests/test_conformance.py,implemented,verified-by-test
P06,停經年齡,※ 僅限已停經的女性個案需要填寫。 填入數字範圍值:0-99 (實歲),,Big5 encodability | max length 2 | integer format | numeric range | cross-field business rules,QBC-ENCODING-BIG5,qbc_workbench.validation,tests/test_conformance.py,implemented,verified-by-test
P06,停經年齡,※ 僅限已停經的女性個案需要填寫。 填入數字範圍值:0-99 (實歲),,Big5 encodability | max length 2 | integer format | numeric range | cross-field business rules,QBC-FORMAT-LENGTH,qbc_workbench.validation,tests/test_conformance.py,implemented,verified-by-test
P06,停經年齡,※ 僅限已停經的女性個案需要填寫。 填入數字範圍值:0-99 (實歲),,Big5 encodability | max length 2 | integer format | numeric range | cross-field business rules,QBC-FORMAT-INTEGER,qbc_workbench.validation,tests/test_conformance.py,implemented,verified-by-test
P06,停經年齡,※ 僅限已停經的女性個案需要填寫。 填入數字範圍值:0-99 (實歲),,Big5 encodability | max length 2 | integer format | numeric range | cross-field business rules,QBC-FORMAT-RANGE,qbc_workbench.validation,tests/test_conformance.py,implemented,verified-by-test
P06,停經年齡,※ 僅限已停經的女性個案需要填寫。 填入數字範圍值:0-99 (實歲),,Big5 encodability | max length 2 | integer format | numeric range | cross-field business rules,QBC-P06-MENOPAUSE,qbc_workbench.validation,tests/test_conformance.py,implemented,verified-by-test
P07,主責醫師身份證字號,文數字，國民身分證統一編號或外籍居留證號碼(如無居留證號碼請填護照號碼) 如為A123456789則輸入A123456789,,Big5 encodability | required | max length 10,QBC-ENCODING-BIG5,qbc_workbench.validation,tests/test_conformance.py,implemented,verified-by-test
P07,主責醫師身份證字號,文數字，國民身分證統一編號或外籍居留證號碼(如無居留證號碼請填護照號碼) 如為A123456789則輸入A123456789,,Big5 encodability | required | max length 10,QBC-FORMAT-LENGTH,qbc_workbench.validation,tests/test_conformance.py,implemented,verified-by-test
P08,個案分類,1：本院診斷+治療 2：他院診斷、本院治療 3：復發個案,,Big5 encodability | required | max length 1 | allowed value set,QBC-ENCODING-BIG5,qbc_workbench.validation,tests/test_conformance.py,implemented,verified-by-test
P08,個案分類,1：本院診斷+治療 2：他院診斷、本院治療 3：復發個案,,Big5 encodability | required | max length 1 | allowed value set,QBC-FORMAT-LENGTH,qbc_workbench.validation,tests/test_conformance.py,implemented,verified-by-test
P08,個案分類,1：本院診斷+治療 2：他院診斷、本院治療 3：復發個案,,Big5 encodability | required | max length 1 | allowed value set,QBC-FORMAT-CODE,qbc_workbench.validation,tests/test_conformance.py,implemented,verified-by-test
P08,個案分類,1：本院診斷+治療 2：他院診斷、本院治療 3：復發個案,,Big5 encodability | required | max length 1 | allowed value set,QBC-VALUESET,qbc_workbench.validation,tests/test_conformance.py,implemented,verified-by-test
P09,收案日期,確定診斷及提供相關治療建議之(門診)日期 固定8碼，西元年（YYYYMMDD），例如1980年12月6日，則填寫：19801206,,Big5 encodability | required | max length 8 | date format,QBC-ENCODING-BIG5,qbc_workbench.validation,tests/test_conformance.py,implemented,verified-by-test
P09,收案日期,確定診斷及提供相關治療建議之(門診)日期 固定8碼，西元年（YYYYMMDD），例如1980年12月6日，則填寫：19801206,,Big5 encodability | required | max length 8 | date format,QBC-FORMAT-LENGTH,qbc_workbench.validation,tests/test_conformance.py,implemented,verified-by-test
P09,收案日期,確定診斷及提供相關治療建議之(門診)日期 固定8碼，西元年（YYYYMMDD），例如1980年12月6日，則填寫：19801206,,Big5 encodability | required | max length 8 | date format,QBC-FORMAT-DATE,qbc_workbench.validation,tests/test_conformance.py,implemented,verified-by-test
D001,(新輔助) 最初診斷日期,若收案類別「DIAG_TYPE」為「2」時必填 臨床或病理上診斷為癌症的開始日期 固定8碼，西元年（YYYYMMDD），例如1980年12月6日，則填寫：19801206,,Big5 encodability | max length 8 | date format | cross-field business rules,QBC-ENCODING-BIG5,qbc_workbench.validation,tests/test_conformance.py,implemented,verified-by-test
D001,(新輔助) 最初診斷日期,若收案類別「DIAG_TYPE」為「2」時必填 臨床或病理上診斷為癌症的開始日期 固定8碼，西元年（YYYYMMDD），例如1980年12月6日，則填寫：19801206,,Big5 encodability | max length 8 | date format | cross-field business rules,QBC-FORMAT-LENGTH,qbc_workbench.validation,tests/test_conformance.py,implemented,verified-by-test
D001,(新輔助) 最初診斷日期,若收案類別「DIAG_TYPE」為「2」時必填 臨床或病理上診斷為癌症的開始日期 固定8碼，西元年（YYYYMMDD），例如1980年12月6日，則填寫：19801206,,Big5 encodability | max length 8 | date format | cross-field business rules,QBC-FORMAT-DATE,qbc_workbench.validation,tests/test_conformance.py,implemented,verified-by-test
D001,(新輔助) 最初診斷日期,若收案類別「DIAG_TYPE」為「2」時必填 臨床或病理上診斷為癌症的開始日期 固定8碼，西元年（YYYYMMDD），例如1980年12月6日，則填寫：19801206,,Big5 encodability | max length 8 | date format | cross-field business rules,QBC-D001-DIAGTYPE,qbc_workbench.validation,tests/test_conformance.py,implemented,verified-by-test
D002,(新輔助) 最初診斷院所,1：本院 2：他院,,Big5 encodability | max length 1 | allowed value set,QBC-ENCODING-BIG5,qbc_workbench.validation,tests/test_conformance.py,implemented,verified-by-test
D002,(新輔助) 最初診斷院所,1：本院 2：他院,,Big5 encodability | max length 1 | allowed value set,QBC-FORMAT-LENGTH,qbc_workbench.validation,tests/test_conformance.py,implemented,verified-by-test
D002,(新輔助) 最初診斷院所,1：本院 2：他院,,Big5 encodability | max length 1 | allowed value set,QBC-FORMAT-CODE,qbc_workbench.validation,tests/test_conformance.py,implemented,verified-by-test
D002,(新輔助) 最初診斷院所,1：本院 2：他院,,Big5 encodability | max length 1 | allowed value set,QBC-VALUESET,qbc_workbench.validation,tests/test_conformance.py,implemented,verified-by-test
D003,(新輔助) 組織學分類,0：No cancer 1：Intraductal ca (DCIS) 2：Invasive cancer with no special type (IDC) 3：Invasive lobular ca (ILC) 4：Mucinous ca 5：Tubular ca 6：Invasive papillary ca 7：Metaplastic carcinoma 8：Others,,Big5 encodability | max length 1 | allowed value set,QBC-ENCODING-BIG5,qbc_workbench.validation,tests/test_conformance.py,implemented,verified-by-test
D003,(新輔助) 組織學分類,0：No cancer 1：Intraductal ca (DCIS) 2：Invasive cancer with no special type (IDC) 3：Invasive lobular ca (ILC) 4：Mucinous ca 5：Tubular ca 6：Invasive papillary ca 7：Metaplastic carcinoma 8：Others,,Big5 encodability | max length 1 | allowed value set,QBC-FORMAT-LENGTH,qbc_workbench.validation,tests/test_conformance.py,implemented,verified-by-test
D003,(新輔助) 組織學分類,0：No cancer 1：Intraductal ca (DCIS) 2：Invasive cancer with no special type (IDC) 3：Invasive lobular ca (ILC) 4：Mucinous ca 5：Tubular ca 6：Invasive papillary ca 7：Metaplastic carcinoma 8：Others,,Big5 encodability | max length 1 | allowed value set,QBC-FORMAT-CODE,qbc_workbench.validation,tests/test_conformance.py,implemented,verified-by-test
D003,(新輔助) 組織學分類,0：No cancer 1：Intraductal ca (DCIS) 2：Invasive cancer with no special type (IDC) 3：Invasive lobular ca (ILC) 4：Mucinous ca 5：Tubular ca 6：Invasive papillary ca 7：Metaplastic carcinoma 8：Others,,Big5 encodability | max length 1 | allowed value set,QBC-VALUESET,qbc_workbench.validation,tests/test_conformance.py,implemented,verified-by-test
D004,(新輔助) 腫瘤組織分級,※若(新輔助) 組織學分類「D003」為「0、1」，不需填寫。 X：無法評估等級(無法確定分級) 1：分化良好(低度惡性) 2：中度分化(中度惡性) 3：分化差(高度惡性),,Big5 encodability | max length 1 | allowed value set | cross-field business rules,QBC-ENCODING-BIG5,qbc_workbench.validation,tests/test_conformance.py,implemented,verified-by-test
D004,(新輔助) 腫瘤組織分級,※若(新輔助) 組織學分類「D003」為「0、1」，不需填寫。 X：無法評估等級(無法確定分級) 1：分化良好(低度惡性) 2：中度分化(中度惡性) 3：分化差(高度惡性),,Big5 encodability | max length 1 | allowed value set | cross-field business rules,QBC-FORMAT-LENGTH,qbc_workbench.validation,tests/test_conformance.py,implemented,verified-by-test
D004,(新輔助) 腫瘤組織分級,※若(新輔助) 組織學分類「D003」為「0、1」，不需填寫。 X：無法評估等級(無法確定分級) 1：分化良好(低度惡性) 2：中度分化(中度惡性) 3：分化差(高度惡性),,Big5 encodability | max length 1 | allowed value set | cross-field business rules,QBC-FORMAT-CODE,qbc_workbench.validation,tests/test_conformance.py,implemented,verified-by-test
D004,(新輔助) 腫瘤組織分級,※若(新輔助) 組織學分類「D003」為「0、1」，不需填寫。 X：無法評估等級(無法確定分級) 1：分化良好(低度惡性) 2：中度分化(中度惡性) 3：分化差(高度惡性),,Big5 encodability | max length 1 | allowed value set | cross-field business rules,QBC-VALUESET,qbc_workbench.validation,tests/test_conformance.py,implemented,verified-by-test
D004,(新輔助) 腫瘤組織分級,※若(新輔助) 組織學分類「D003」為「0、1」，不需填寫。 X：無法評估等級(無法確定分級) 1：分化良好(低度惡性) 2：中度分化(中度惡性) 3：分化差(高度惡性),,Big5 encodability | max length 1 | allowed value set | cross-field business rules,QBC-D004-HISTOLOGY,qbc_workbench.validation,tests/test_conformance.py,implemented,verified-by-test
D005,(新輔助) 臨床期別 T,T0：No evidence of primary tumor Tis：(DCIS)*Ductal carcinoma in situ T1：腫瘤小於等於2公分 T2：腫瘤大於2公分，小於等於5公分 T3：腫瘤大於5公分 T4：腫瘤已侵犯至胸壁或是皮膚(潰瘍或結節)，發炎性乳癌 Tx：未知,,Big5 encodability | max length 5 | allowed value set,QBC-ENCODING-BIG5,qbc_workbench.validation,tests/test_conformance.py,implemented,verified-by-test
D005,(新輔助) 臨床期別 T,T0：No evidence of primary tumor Tis：(DCIS)*Ductal carcinoma in situ T1：腫瘤小於等於2公分 T2：腫瘤大於2公分，小於等於5公分 T3：腫瘤大於5公分 T4：腫瘤已侵犯至胸壁或是皮膚(潰瘍或結節)，發炎性乳癌 Tx：未知,,Big5 encodability | max length 5 | allowed value set,QBC-FORMAT-LENGTH,qbc_workbench.validation,tests/test_conformance.py,implemented,verified-by-test
D005,(新輔助) 臨床期別 T,T0：No evidence of primary tumor Tis：(DCIS)*Ductal carcinoma in situ T1：腫瘤小於等於2公分 T2：腫瘤大於2公分，小於等於5公分 T3：腫瘤大於5公分 T4：腫瘤已侵犯至胸壁或是皮膚(潰瘍或結節)，發炎性乳癌 Tx：未知,,Big5 encodability | max length 5 | allowed value set,QBC-FORMAT-CODE,qbc_workbench.validation,tests/test_conformance.py,implemented,verified-by-test
D005,(新輔助) 臨床期別 T,T0：No evidence of primary tumor Tis：(DCIS)*Ductal carcinoma in situ T1：腫瘤小於等於2公分 T2：腫瘤大於2公分，小於等於5公分 T3：腫瘤大於5公分 T4：腫瘤已侵犯至胸壁或是皮膚(潰瘍或結節)，發炎性乳癌 Tx：未知,,Big5 encodability | max length 5 | allowed value set,QBC-VALUESET,qbc_workbench.validation,tests/test_conformance.py,implemented,verified-by-test
D006,(新輔助) 臨床期別 N,N0：無區域淋巴結轉移（影像學或臨床檢查） N1mi：微小轉移(0.2-2mm) N1：轉移至同側可移動的 I、II 區腋窩淋巴結 N2：轉移至同側 I、II 區腋窩淋巴結，臨床表現為固定或 融合；或轉移至同側內乳淋巴結，但無腋窩淋巴結轉移 N3：轉移至同側鎖骨下（III 區腋窩）淋巴結，伴或不伴 I、II 區腋窩淋巴結受累；或轉移至同側內乳淋巴結， 伴隨 I、II 區腋窩淋巴結轉移；或同側鎖骨上淋巴結 轉移，伴隨或不伴隨腋窩或內乳淋巴結受累 Nx：未知,,Big5 encodability | max length 5 | allowed value set,QBC-ENCODING-BIG5,qbc_workbench.validation,tests/test_conformance.py,implemented,verified-by-test
D006,(新輔助) 臨床期別 N,N0：無區域淋巴結轉移（影像學或臨床檢查） N1mi：微小轉移(0.2-2mm) N1：轉移至同側可移動的 I、II 區腋窩淋巴結 N2：轉移至同側 I、II 區腋窩淋巴結，臨床表現為固定或 融合；或轉移至同側內乳淋巴結，但無腋窩淋巴結轉移 N3：轉移至同側鎖骨下（III 區腋窩）淋巴結，伴或不伴 I、II 區腋窩淋巴結受累；或轉移至同側內乳淋巴結， 伴隨 I、II 區腋窩淋巴結轉移；或同側鎖骨上淋巴結 轉移，伴隨或不伴隨腋窩或內乳淋巴結受累 Nx：未知,,Big5 encodability | max length 5 | allowed value set,QBC-FORMAT-LENGTH,qbc_workbench.validation,tests/test_conformance.py,implemented,verified-by-test
D006,(新輔助) 臨床期別 N,N0：無區域淋巴結轉移（影像學或臨床檢查） N1mi：微小轉移(0.2-2mm) N1：轉移至同側可移動的 I、II 區腋窩淋巴結 N2：轉移至同側 I、II 區腋窩淋巴結，臨床表現為固定或 融合；或轉移至同側內乳淋巴結，但無腋窩淋巴結轉移 N3：轉移至同側鎖骨下（III 區腋窩）淋巴結，伴或不伴 I、II 區腋窩淋巴結受累；或轉移至同側內乳淋巴結， 伴隨 I、II 區腋窩淋巴結轉移；或同側鎖骨上淋巴結 轉移，伴隨或不伴隨腋窩或內乳淋巴結受累 Nx：未知,,Big5 encodability | max length 5 | allowed value set,QBC-FORMAT-CODE,qbc_workbench.validation,tests/test_conformance.py,implemented,verified-by-test
D006,(新輔助) 臨床期別 N,N0：無區域淋巴結轉移（影像學或臨床檢查） N1mi：微小轉移(0.2-2mm) N1：轉移至同側可移動的 I、II 區腋窩淋巴結 N2：轉移至同側 I、II 區腋窩淋巴結，臨床表現為固定或 融合；或轉移至同側內乳淋巴結，但無腋窩淋巴結轉移 N3：轉移至同側鎖骨下（III 區腋窩）淋巴結，伴或不伴 I、II 區腋窩淋巴結受累；或轉移至同側內乳淋巴結， 伴隨 I、II 區腋窩淋巴結轉移；或同側鎖骨上淋巴結 轉移，伴隨或不伴隨腋窩或內乳淋巴結受累 Nx：未知,,Big5 encodability | max length 5 | allowed value set,QBC-VALUESET,qbc_workbench.validation,tests/test_conformance.py,implemented,verified-by-test
D007,(新輔助) 臨床期別 M,M0：遠端器官沒有癌細胞轉移 M1：遠端器官有癌細胞轉移，例如腦、肝、肺等 Mx：未知,,Big5 encodability | max length 5 | allowed value set,QBC-ENCODING-BIG5,qbc_workbench.validation,tests/test_conformance.py,implemented,verified-by-test
D007,(新輔助) 臨床期別 M,M0：遠端器官沒有癌細胞轉移 M1：遠端器官有癌細胞轉移，例如腦、肝、肺等 Mx：未知,,Big5 encodability | max length 5 | allowed value set,QBC-FORMAT-LENGTH,qbc_workbench.validation,tests/test_conformance.py,implemented,verified-by-test
D007,(新輔助) 臨床期別 M,M0：遠端器官沒有癌細胞轉移 M1：遠端器官有癌細胞轉移，例如腦、肝、肺等 Mx：未知,,Big5 encodability | max length 5 | allowed value set,QBC-FORMAT-CODE,qbc_workbench.validation,tests/test_conformance.py,implemented,verified-by-test
D007,(新輔助) 臨床期別 M,M0：遠端器官沒有癌細胞轉移 M1：遠端器官有癌細胞轉移，例如腦、肝、肺等 Mx：未知,,Big5 encodability | max length 5 | allowed value set,QBC-VALUESET,qbc_workbench.validation,tests/test_conformance.py,implemented,verified-by-test
D008,(新輔助) 癌症臨床分期：TNM 計算結果,"預設為空白，由系統自動計算「D005」、「D006」、「D007」三欄英文代號值合併結果，若有對應下列的Stage，則由系統代入其對應的Stage，若無任何對應的Stage，則需自行填寫，不能空白。 e.g.「D005」填入[T4]，「D006」填入[N0]，「D007」填入[M0]，合併計算結果為［T4N0M0］，其所對應的Stage為「StageⅢB」，則系統將此欄位值自動代入［StageⅢB］ e.g.「D005」填入[T4]，「D006」填入[Nx]，「D007」填入[M0]，合併計算結果為［T4NxM0］，沒有對應的Stage則需由使用者自行填入值StageⅠ~Ⅳ。 ==================== Stage ================= Stage 0： ['TisN0M0'] StageⅠA： ['T1N0M0'] StageⅠB： ['T0N1miM0', 'T1N1miM0'] StageⅡA： ['T2N0M0', 'T0N1M0', 'T1N1M0'] StageⅡB： ['T3N0M0', 'T2N1M0'] StageⅢA： ['T3N1M0', 'T3N2M0', 'T0N2M0', 'T1N2M0', 'T2N2M0'] StageⅢB： ['T4N0M0', 'T4N1M0', 'T4N2M0'] StageⅢC： ['anyTN3M0'] StageⅣ： ['anyTanyNM1'] Stage X： ['TxNxMx', 'TxNxM0']",,Big5 encodability | max length 20 | cross-field business rules,QBC-ENCODING-BIG5,qbc_workbench.validation,tests/test_conformance.py,implemented,verified-by-test
D008,(新輔助) 癌症臨床分期：TNM 計算結果,"預設為空白，由系統自動計算「D005」、「D006」、「D007」三欄英文代號值合併結果，若有對應下列的Stage，則由系統代入其對應的Stage，若無任何對應的Stage，則需自行填寫，不能空白。 e.g.「D005」填入[T4]，「D006」填入[N0]，「D007」填入[M0]，合併計算結果為［T4N0M0］，其所對應的Stage為「StageⅢB」，則系統將此欄位值自動代入［StageⅢB］ e.g.「D005」填入[T4]，「D006」填入[Nx]，「D007」填入[M0]，合併計算結果為［T4NxM0］，沒有對應的Stage則需由使用者自行填入值StageⅠ~Ⅳ。 ==================== Stage ================= Stage 0： ['TisN0M0'] StageⅠA： ['T1N0M0'] StageⅠB： ['T0N1miM0', 'T1N1miM0'] StageⅡA： ['T2N0M0', 'T0N1M0', 'T1N1M0'] StageⅡB： ['T3N0M0', 'T2N1M0'] StageⅢA： ['T3N1M0', 'T3N2M0', 'T0N2M0', 'T1N2M0', 'T2N2M0'] StageⅢB： ['T4N0M0', 'T4N1M0', 'T4N2M0'] StageⅢC： ['anyTN3M0'] StageⅣ： ['anyTanyNM1'] Stage X： ['TxNxMx', 'TxNxM0']",,Big5 encodability | max length 20 | cross-field business rules,QBC-FORMAT-LENGTH,qbc_workbench.validation,tests/test_conformance.py,implemented,verified-by-test
D008,(新輔助) 癌症臨床分期：TNM 計算結果,"預設為空白，由系統自動計算「D005」、「D006」、「D007」三欄英文代號值合併結果，若有對應下列的Stage，則由系統代入其對應的Stage，若無任何對應的Stage，則需自行填寫，不能空白。 e.g.「D005」填入[T4]，「D006」填入[N0]，「D007」填入[M0]，合併計算結果為［T4N0M0］，其所對應的Stage為「StageⅢB」，則系統將此欄位值自動代入［StageⅢB］ e.g.「D005」填入[T4]，「D006」填入[Nx]，「D007」填入[M0]，合併計算結果為［T4NxM0］，沒有對應的Stage則需由使用者自行填入值StageⅠ~Ⅳ。 ==================== Stage ================= Stage 0： ['TisN0M0'] StageⅠA： ['T1N0M0'] StageⅠB： ['T0N1miM0', 'T1N1miM0'] StageⅡA： ['T2N0M0', 'T0N1M0', 'T1N1M0'] StageⅡB： ['T3N0M0', 'T2N1M0'] StageⅢA： ['T3N1M0', 'T3N2M0', 'T0N2M0', 'T1N2M0', 'T2N2M0'] StageⅢB： ['T4N0M0', 'T4N1M0', 'T4N2M0'] StageⅢC： ['anyTN3M0'] StageⅣ： ['anyTanyNM1'] Stage X： ['TxNxMx', 'TxNxM0']",,Big5 encodability | max length 20 | cross-field business rules,QBC-D008-TNM,qbc_workbench.validation,tests/test_conformance.py,implemented,verified-by-test
D009,(新輔助) 遠端轉移部位,"填入代碼，可複選 ※「D008」滿足「StageⅣ」才可選擇。 ※ 複選以逗點相隔。 e.g. 1,5,10,11,12 (以半形英文逗號「,」連接數字) 1：遠端淋巴 2：皮膚 3：骨 4：肝 5：肺 6：腦 7：骨髓 8：胸膜 9：腹膜 10：腎上腺 11：對側腋下淋巴 12：其他",,Big5 encodability | max length 30 | code-list format | allowed value set | cross-field business rules,QBC-ENCODING-BIG5,qbc_workbench.validation,tests/test_conformance.py,implemented,verified-by-test
D009,(新輔助) 遠端轉移部位,"填入代碼，可複選 ※「D008」滿足「StageⅣ」才可選擇。 ※ 複選以逗點相隔。 e.g. 1,5,10,11,12 (以半形英文逗號「,」連接數字) 1：遠端淋巴 2：皮膚 3：骨 4：肝 5：肺 6：腦 7：骨髓 8：胸膜 9：腹膜 10：腎上腺 11：對側腋下淋巴 12：其他",,Big5 encodability | max length 30 | code-list format | allowed value set | cross-field business rules,QBC-FORMAT-LENGTH,qbc_workbench.validation,tests/test_conformance.py,implemented,verified-by-test
D009,(新輔助) 遠端轉移部位,"填入代碼，可複選 ※「D008」滿足「StageⅣ」才可選擇。 ※ 複選以逗點相隔。 e.g. 1,5,10,11,12 (以半形英文逗號「,」連接數字) 1：遠端淋巴 2：皮膚 3：骨 4：肝 5：肺 6：腦 7：骨髓 8：胸膜 9：腹膜 10：腎上腺 11：對側腋下淋巴 12：其他",,Big5 encodability | max length 30 | code-list format | allowed value set | cross-field business rules,QBC-FORMAT-CODE-LIST,qbc_workbench.validation,tests/test_conformance.py,implemented,verified-by-test
D009,(新輔助) 遠端轉移部位,"填入代碼，可複選 ※「D008」滿足「StageⅣ」才可選擇。 ※ 複選以逗點相隔。 e.g. 1,5,10,11,12 (以半形英文逗號「,」連接數字) 1：遠端淋巴 2：皮膚 3：骨 4：肝 5：肺 6：腦 7：骨髓 8：胸膜 9：腹膜 10：腎上腺 11：對側腋下淋巴 12：其他",,Big5 encodability | max length 30 | code-list format | allowed value set | cross-field business rules,QBC-VALUESET,qbc_workbench.validation,tests/test_conformance.py,implemented,verified-by-test
D009,(新輔助) 遠端轉移部位,"填入代碼，可複選 ※「D008」滿足「StageⅣ」才可選擇。 ※ 複選以逗點相隔。 e.g. 1,5,10,11,12 (以半形英文逗號「,」連接數字) 1：遠端淋巴 2：皮膚 3：骨 4：肝 5：肺 6：腦 7：骨髓 8：胸膜 9：腹膜 10：腎上腺 11：對側腋下淋巴 12：其他",,Big5 encodability | max length 30 | code-list format | allowed value set | cross-field business rules,QBC-D009-STAGE4,qbc_workbench.validation,tests/test_conformance.py,implemented,verified-by-test
D010,(新輔助) 遠端轉移部位：其他,※「D009」為[12:其他]，此欄位為必填。 內容自訂，文字格式,,Big5 encodability | max length 200 | cross-field business rules,QBC-ENCODING-BIG5,qbc_workbench.validation,tests/test_conformance.py,implemented,verified-by-test
D010,(新輔助) 遠端轉移部位：其他,※「D009」為[12:其他]，此欄位為必填。 內容自訂，文字格式,,Big5 encodability | max length 200 | cross-field business rules,QBC-FORMAT-LENGTH,qbc_workbench.validation,tests/test_conformance.py,implemented,verified-by-test
D010,(新輔助) 遠端轉移部位：其他,※「D009」為[12:其他]，此欄位為必填。 內容自訂，文字格式,,Big5 encodability | max length 200 | cross-field business rules,QBC-D010-OTHER,qbc_workbench.validation,tests/test_conformance.py,implemented,verified-by-test
D011,(新輔助) 術前腋下淋巴檢驗：未檢驗,※與術前腋下淋巴檢驗：檢驗方式「D012」擇一填寫 ※ 若此欄位有填寫，則不需填寫「D012」、「D013」 1：未檢驗,,Big5 encodability | max length 1 | allowed value set | cross-field business rules,QBC-ENCODING-BIG5,qbc_workbench.validation,tests/test_conformance.py,implemented,verified-by-test
D011,(新輔助) 術前腋下淋巴檢驗：未檢驗,※與術前腋下淋巴檢驗：檢驗方式「D012」擇一填寫 ※ 若此欄位有填寫，則不需填寫「D012」、「D013」 1：未檢驗,,Big5 encodability | max length 1 | allowed value set | cross-field business rules,QBC-FORMAT-LENGTH,qbc_workbench.validation,tests/test_conformance.py,implemented,verified-by-test
D011,(新輔助) 術前腋下淋巴檢驗：未檢驗,※與術前腋下淋巴檢驗：檢驗方式「D012」擇一填寫 ※ 若此欄位有填寫，則不需填寫「D012」、「D013」 1：未檢驗,,Big5 encodability | max length 1 | allowed value set | cross-field business rules,QBC-FORMAT-CODE,qbc_workbench.validation,tests/test_conformance.py,implemented,verified-by-test
D011,(新輔助) 術前腋下淋巴檢驗：未檢驗,※與術前腋下淋巴檢驗：檢驗方式「D012」擇一填寫 ※ 若此欄位有填寫，則不需填寫「D012」、「D013」 1：未檢驗,,Big5 encodability | max length 1 | allowed value set | cross-field business rules,QBC-VALUESET,qbc_workbench.validation,tests/test_conformance.py,implemented,verified-by-test
D011,(新輔助) 術前腋下淋巴檢驗：未檢驗,※與術前腋下淋巴檢驗：檢驗方式「D012」擇一填寫 ※ 若此欄位有填寫，則不需填寫「D012」、「D013」 1：未檢驗,,Big5 encodability | max length 1 | allowed value set | cross-field business rules,QBC-D011-D012-XOR,qbc_workbench.validation,tests/test_conformance.py,implemented,verified-by-test
D012,(新輔助) 術前腋下淋巴檢驗：檢驗方式,※與術前腋下淋巴檢驗：未檢驗「D011」擇一填寫 1：細針穿刺 2：粗針切片,,Big5 encodability | max length 1 | allowed value set | cross-field business rules,QBC-ENCODING-BIG5,qbc_workbench.validation,tests/test_conformance.py,implemented,verified-by-test
D012,(新輔助) 術前腋下淋巴檢驗：檢驗方式,※與術前腋下淋巴檢驗：未檢驗「D011」擇一填寫 1：細針穿刺 2：粗針切片,,Big5 encodability | max length 1 | allowed value set | cross-field business rules,QBC-FORMAT-LENGTH,qbc_workbench.validation,tests/test_conformance.py,implemented,verified-by-test
D012,(新輔助) 術前腋下淋巴檢驗：檢驗方式,※與術前腋下淋巴檢驗：未檢驗「D011」擇一填寫 1：細針穿刺 2：粗針切片,,Big5 encodability | max length 1 | allowed value set | cross-field business rules,QBC-FORMAT-CODE,qbc_workbench.validation,tests/test_conformance.py,implemented,verified-by-test
D012,(新輔助) 術前腋下淋巴檢驗：檢驗方式,※與術前腋下淋巴檢驗：未檢驗「D011」擇一填寫 1：細針穿刺 2：粗針切片,,Big5 encodability | max length 1 | allowed value set | cross-field business rules,QBC-VALUESET,qbc_workbench.validation,tests/test_conformance.py,implemented,verified-by-test
D012,(新輔助) 術前腋下淋巴檢驗：檢驗方式,※與術前腋下淋巴檢驗：未檢驗「D011」擇一填寫 1：細針穿刺 2：粗針切片,,Big5 encodability | max length 1 | allowed value set | cross-field business rules,QBC-D011-D012-XOR,qbc_workbench.validation,tests/test_conformance.py,implemented,verified-by-test
D013,(新輔助) 術前腋下淋巴檢驗：檢驗結果,※「D012」有值時，才需填寫。 0：陰性 1：陽性,,Big5 encodability | max length 1 | allowed value set | cross-field business rules,QBC-ENCODING-BIG5,qbc_workbench.validation,tests/test_conformance.py,implemented,verified-by-test
D013,(新輔助) 術前腋下淋巴檢驗：檢驗結果,※「D012」有值時，才需填寫。 0：陰性 1：陽性,,Big5 encodability | max length 1 | allowed value set | cross-field business rules,QBC-FORMAT-LENGTH,qbc_workbench.validation,tests/test_conformance.py,implemented,verified-by-test
D013,(新輔助) 術前腋下淋巴檢驗：檢驗結果,※「D012」有值時，才需填寫。 0：陰性 1：陽性,,Big5 encodability | max length 1 | allowed value set | cross-field business rules,QBC-FORMAT-CODE,qbc_workbench.validation,tests/test_conformance.py,implemented,verified-by-test
D013,(新輔助) 術前腋下淋巴檢驗：檢驗結果,※「D012」有值時，才需填寫。 0：陰性 1：陽性,,Big5 encodability | max length 1 | allowed value set | cross-field business rules,QBC-VALUESET,qbc_workbench.validation,tests/test_conformance.py,implemented,verified-by-test
D013,(新輔助) 術前腋下淋巴檢驗：檢驗結果,※「D012」有值時，才需填寫。 0：陰性 1：陽性,,Big5 encodability | max length 1 | allowed value set | cross-field business rules,QBC-D013-METHOD,qbc_workbench.validation,tests/test_conformance.py,implemented,verified-by-test
D014,(新輔助) ER,X：未檢驗 0：陰性 1：陽性,,Big5 encodability | max length 1 | allowed value set,QBC-ENCODING-BIG5,qbc_workbench.validation,tests/test_conformance.py,implemented,verified-by-test
D014,(新輔助) ER,X：未檢驗 0：陰性 1：陽性,,Big5 encodability | max length 1 | allowed value set,QBC-FORMAT-LENGTH,qbc_workbench.validation,tests/test_conformance.py,implemented,verified-by-test
D014,(新輔助) ER,X：未檢驗 0：陰性 1：陽性,,Big5 encodability | max length 1 | allowed value set,QBC-FORMAT-CODE,qbc_workbench.validation,tests/test_conformance.py,implemented,verified-by-test
D014,(新輔助) ER,X：未檢驗 0：陰性 1：陽性,,Big5 encodability | max length 1 | allowed value set,QBC-VALUESET,qbc_workbench.validation,tests/test_conformance.py,implemented,verified-by-test
D015,(新輔助) ER 數值,※「D014」為[1:陽性]時，才需填寫。 填入範圍值：01-100 整數百分比(%),,Big5 encodability | max length 3 | integer format | numeric range | cross-field business rules,QBC-ENCODING-BIG5,qbc_workbench.validation,tests/test_conformance.py,implemented,verified-by-test
D015,(新輔助) ER 數值,※「D014」為[1:陽性]時，才需填寫。 填入範圍值：01-100 整數百分比(%),,Big5 encodability | max length 3 | integer format | numeric range | cross-field business rules,QBC-FORMAT-LENGTH,qbc_workbench.validation,tests/test_conformance.py,implemented,verified-by-test
D015,(新輔助) ER 數值,※「D014」為[1:陽性]時，才需填寫。 填入範圍值：01-100 整數百分比(%),,Big5 encodability | max length 3 | integer format | numeric range | cross-field business rules,QBC-FORMAT-INTEGER,qbc_workbench.validation,tests/test_conformance.py,implemented,verified-by-test
D015,(新輔助) ER 數值,※「D014」為[1:陽性]時，才需填寫。 填入範圍值：01-100 整數百分比(%),,Big5 encodability | max length 3 | integer format | numeric range | cross-field business rules,QBC-FORMAT-RANGE,qbc_workbench.validation,tests/test_conformance.py,implemented,verified-by-test
D015,(新輔助) ER 數值,※「D014」為[1:陽性]時，才需填寫。 填入範圍值：01-100 整數百分比(%),,Big5 encodability | max length 3 | integer format | numeric range | cross-field business rules,QBC-D015-ER,qbc_workbench.validation,tests/test_conformance.py,implemented,verified-by-test
D016,(新輔助) PR,X：未檢驗 0：陰性 1：陽性,,Big5 encodability | max length 1 | allowed value set,QBC-ENCODING-BIG5,qbc_workbench.validation,tests/test_conformance.py,implemented,verified-by-test
D016,(新輔助) PR,X：未檢驗 0：陰性 1：陽性,,Big5 encodability | max length 1 | allowed value set,QBC-FORMAT-LENGTH,qbc_workbench.validation,tests/test_conformance.py,implemented,verified-by-test
D016,(新輔助) PR,X：未檢驗 0：陰性 1：陽性,,Big5 encodability | max length 1 | allowed value set,QBC-FORMAT-CODE,qbc_workbench.validation,tests/test_conformance.py,implemented,verified-by-test
D016,(新輔助) PR,X：未檢驗 0：陰性 1：陽性,,Big5 encodability | max length 1 | allowed value set,QBC-VALUESET,qbc_workbench.validation,tests/test_conformance.py,implemented,verified-by-test
D017,(新輔助) PR 數值,※「D016」為[1:陽性]時，才需填寫。 填入範圍值：01-100 整數百分比(%),,Big5 encodability | max length 3 | integer format | numeric range | cross-field business rules,QBC-ENCODING-BIG5,qbc_workbench.validation,tests/test_conformance.py,implemented,verified-by-test
D017,(新輔助) PR 數值,※「D016」為[1:陽性]時，才需填寫。 填入範圍值：01-100 整數百分比(%),,Big5 encodability | max length 3 | integer format | numeric range | cross-field business rules,QBC-FORMAT-LENGTH,qbc_workbench.validation,tests/test_conformance.py,implemented,verified-by-test
D017,(新輔助) PR 數值,※「D016」為[1:陽性]時，才需填寫。 填入範圍值：01-100 整數百分比(%),,Big5 encodability | max length 3 | integer format | numeric range | cross-field business rules,QBC-FORMAT-INTEGER,qbc_workbench.validation,tests/test_conformance.py,implemented,verified-by-test
D017,(新輔助) PR 數值,※「D016」為[1:陽性]時，才需填寫。 填入範圍值：01-100 整數百分比(%),,Big5 encodability | max length 3 | integer format | numeric range | cross-field business rules,QBC-FORMAT-RANGE,qbc_workbench.validation,tests/test_conformance.py,implemented,verified-by-test
D017,(新輔助) PR 數值,※「D016」為[1:陽性]時，才需填寫。 填入範圍值：01-100 整數百分比(%),,Big5 encodability | max length 3 | integer format | numeric range | cross-field business rules,QBC-D017-PR,qbc_workbench.validation,tests/test_conformance.py,implemented,verified-by-test
D018,(新輔助) HER2,X：未檢驗 0：IHC 0 (negative or score 0) 1：IHC 1+(negative or score 1+) 2：IHC 2+(equivocal or score 2+) 3：IHC 3+(positive or score 3+),,Big5 encodability | max length 1 | allowed value set,QBC-ENCODING-BIG5,qbc_workbench.validation,tests/test_conformance.py,implemented,verified-by-test
D018,(新輔助) HER2,X：未檢驗 0：IHC 0 (negative or score 0) 1：IHC 1+(negative or score 1+) 2：IHC 2+(equivocal or score 2+) 3：IHC 3+(positive or score 3+),,Big5 encodability | max length 1 | allowed value set,QBC-FORMAT-LENGTH,qbc_workbench.validation,tests/test_conformance.py,implemented,verified-by-test
D018,(新輔助) HER2,X：未檢驗 0：IHC 0 (negative or score 0) 1：IHC 1+(negative or score 1+) 2：IHC 2+(equivocal or score 2+) 3：IHC 3+(positive or score 3+),,Big5 encodability | max length 1 | allowed value set,QBC-FORMAT-CODE,qbc_workbench.validation,tests/test_conformance.py,implemented,verified-by-test
D018,(新輔助) HER2,X：未檢驗 0：IHC 0 (negative or score 0) 1：IHC 1+(negative or score 1+) 2：IHC 2+(equivocal or score 2+) 3：IHC 3+(positive or score 3+),,Big5 encodability | max length 1 | allowed value set,QBC-VALUESET,qbc_workbench.validation,tests/test_conformance.py,implemented,verified-by-test
D019,(新輔助) HER2 FISH,※「D018」為[2：IHC 2+(equivocal or score 2+)]時，才需填寫。 0：negative 1：positive,,Big5 encodability | max length 1 | allowed value set | cross-field business rules,QBC-ENCODING-BIG5,qbc_workbench.validation,tests/test_conformance.py,implemented,verified-by-test
D019,(新輔助) HER2 FISH,※「D018」為[2：IHC 2+(equivocal or score 2+)]時，才需填寫。 0：negative 1：positive,,Big5 encodability | max length 1 | allowed value set | cross-field business rules,QBC-FORMAT-LENGTH,qbc_workbench.validation,tests/test_conformance.py,implemented,verified-by-test
D019,(新輔助) HER2 FISH,※「D018」為[2：IHC 2+(equivocal or score 2+)]時，才需填寫。 0：negative 1：positive,,Big5 encodability | max length 1 | allowed value set | cross-field business rules,QBC-FORMAT-CODE,qbc_workbench.validation,tests/test_conformance.py,implemented,verified-by-test
D019,(新輔助) HER2 FISH,※「D018」為[2：IHC 2+(equivocal or score 2+)]時，才需填寫。 0：negative 1：positive,,Big5 encodability | max length 1 | allowed value set | cross-field business rules,QBC-VALUESET,qbc_workbench.validation,tests/test_conformance.py,implemented,verified-by-test
D019,(新輔助) HER2 FISH,※「D018」為[2：IHC 2+(equivocal or score 2+)]時，才需填寫。 0：negative 1：positive,,Big5 encodability | max length 1 | allowed value set | cross-field business rules,QBC-D019-HER2,qbc_workbench.validation,tests/test_conformance.py,implemented,verified-by-test
D020,(新輔助) Ki-67,0：未檢驗 1：有檢驗,,Big5 encodability | max length 1 | allowed value set,QBC-ENCODING-BIG5,qbc_workbench.validation,tests/test_conformance.py,implemented,verified-by-test
D020,(新輔助) Ki-67,0：未檢驗 1：有檢驗,,Big5 encodability | max length 1 | allowed value set,QBC-FORMAT-LENGTH,qbc_workbench.validation,tests/test_conformance.py,implemented,verified-by-test
D020,(新輔助) Ki-67,0：未檢驗 1：有檢驗,,Big5 encodability | max length 1 | allowed value set,QBC-FORMAT-CODE,qbc_workbench.validation,tests/test_conformance.py,implemented,verified-by-test
D020,(新輔助) Ki-67,0：未檢驗 1：有檢驗,,Big5 encodability | max length 1 | allowed value set,QBC-VALUESET,qbc_workbench.validation,tests/test_conformance.py,implemented,verified-by-test
D021,(新輔助) Ki-67 數值,※「D020」為[1：有檢驗]時，才需填寫。 填入範圍值：01-100 整數百分比(%),,Big5 encodability | max length 3 | integer format | numeric range | cross-field business rules,QBC-ENCODING-BIG5,qbc_workbench.validation,tests/test_conformance.py,implemented,verified-by-test
D021,(新輔助) Ki-67 數值,※「D020」為[1：有檢驗]時，才需填寫。 填入範圍值：01-100 整數百分比(%),,Big5 encodability | max length 3 | integer format | numeric range | cross-field business rules,QBC-FORMAT-LENGTH,qbc_workbench.validation,tests/test_conformance.py,implemented,verified-by-test
D021,(新輔助) Ki-67 數值,※「D020」為[1：有檢驗]時，才需填寫。 填入範圍值：01-100 整數百分比(%),,Big5 encodability | max length 3 | integer format | numeric range | cross-field business rules,QBC-FORMAT-INTEGER,qbc_workbench.validation,tests/test_conformance.py,implemented,verified-by-test
D021,(新輔助) Ki-67 數值,※「D020」為[1：有檢驗]時，才需填寫。 填入範圍值：01-100 整數百分比(%),,Big5 encodability | max length 3 | integer format | numeric range | cross-field business rules,QBC-FORMAT-RANGE,qbc_workbench.validation,tests/test_conformance.py,implemented,verified-by-test
D021,(新輔助) Ki-67 數值,※「D020」為[1：有檢驗]時，才需填寫。 填入範圍值：01-100 整數百分比(%),,Big5 encodability | max length 3 | integer format | numeric range | cross-field business rules,QBC-D021-KI67,qbc_workbench.validation,tests/test_conformance.py,implemented,verified-by-test
D022,(新輔助) BRCA 1/2,X：未檢驗 0：無突變 1：有突變,,Big5 encodability | max length 1 | allowed value set,QBC-ENCODING-BIG5,qbc_workbench.validation,tests/test_conformance.py,implemented,verified-by-test
D022,(新輔助) BRCA 1/2,X：未檢驗 0：無突變 1：有突變,,Big5 encodability | max length 1 | allowed value set,QBC-FORMAT-LENGTH,qbc_workbench.validation,tests/test_conformance.py,implemented,verified-by-test
D022,(新輔助) BRCA 1/2,X：未檢驗 0：無突變 1：有突變,,Big5 encodability | max length 1 | allowed value set,QBC-FORMAT-CODE,qbc_workbench.validation,tests/test_conformance.py,implemented,verified-by-test
D022,(新輔助) BRCA 1/2,X：未檢驗 0：無突變 1：有突變,,Big5 encodability | max length 1 | allowed value set,QBC-VALUESET,qbc_workbench.validation,tests/test_conformance.py,implemented,verified-by-test
D023,(新輔助) PD-L1,X：未檢驗 0：陰性 1：陽性,,Big5 encodability | max length 1 | allowed value set,QBC-ENCODING-BIG5,qbc_workbench.validation,tests/test_conformance.py,implemented,verified-by-test
D023,(新輔助) PD-L1,X：未檢驗 0：陰性 1：陽性,,Big5 encodability | max length 1 | allowed value set,QBC-FORMAT-LENGTH,qbc_workbench.validation,tests/test_conformance.py,implemented,verified-by-test
D023,(新輔助) PD-L1,X：未檢驗 0：陰性 1：陽性,,Big5 encodability | max length 1 | allowed value set,QBC-FORMAT-CODE,qbc_workbench.validation,tests/test_conformance.py,implemented,verified-by-test
D023,(新輔助) PD-L1,X：未檢驗 0：陰性 1：陽性,,Big5 encodability | max length 1 | allowed value set,QBC-VALUESET,qbc_workbench.validation,tests/test_conformance.py,implemented,verified-by-test
D024,(術後) 新輔助性治療法之療效,※若收案類別「DIAG_TYPE」為[2:新診斷個案-新輔助性治療法]且治療療程「TM02」為[1.治癒性手術]時，必填 0：Non-pCR 1：pCR,,Big5 encodability | max length 1 | allowed value set | cross-field business rules,QBC-ENCODING-BIG5,qbc_workbench.validation,tests/test_conformance.py,implemented,verified-by-test
D024,(術後) 新輔助性治療法之療效,※若收案類別「DIAG_TYPE」為[2:新診斷個案-新輔助性治療法]且治療療程「TM02」為[1.治癒性手術]時，必填 0：Non-pCR 1：pCR,,Big5 encodability | max length 1 | allowed value set | cross-field business rules,QBC-FORMAT-LENGTH,qbc_workbench.validation,tests/test_conformance.py,implemented,verified-by-test
D024,(術後) 新輔助性治療法之療效,※若收案類別「DIAG_TYPE」為[2:新診斷個案-新輔助性治療法]且治療療程「TM02」為[1.治癒性手術]時，必填 0：Non-pCR 1：pCR,,Big5 encodability | max length 1 | allowed value set | cross-field business rules,QBC-FORMAT-CODE,qbc_workbench.validation,tests/test_conformance.py,implemented,verified-by-test
D024,(術後) 新輔助性治療法之療效,※若收案類別「DIAG_TYPE」為[2:新診斷個案-新輔助性治療法]且治療療程「TM02」為[1.治癒性手術]時，必填 0：Non-pCR 1：pCR,,Big5 encodability | max length 1 | allowed value set | cross-field business rules,QBC-VALUESET,qbc_workbench.validation,tests/test_conformance.py,implemented,verified-by-test
D024,(術後) 新輔助性治療法之療效,※若收案類別「DIAG_TYPE」為[2:新診斷個案-新輔助性治療法]且治療療程「TM02」為[1.治癒性手術]時，必填 0：Non-pCR 1：pCR,,Big5 encodability | max length 1 | allowed value set | cross-field business rules,QBC-D024-NEOADJUVANT-SURGERY,qbc_workbench.validation,tests/test_conformance.py,implemented,verified-by-test
D025,(術後) 最初診斷日期,※若收案類別「DIAG_TYPE」為[1:新診斷個案-直接治癒性手術]時，必填 ※收案類別「DIAG_TYPE」為[2:新診斷個案-新輔助性治療法]無需填寫 臨床或病理上診斷為癌症的開始日期 固定8碼，西元年（YYYYMMDD），例如1980年12月6日，則填寫：19801206,,Big5 encodability | max length 8 | date format | cross-field business rules,QBC-ENCODING-BIG5,qbc_workbench.validation,tests/test_conformance.py,implemented,verified-by-test
D025,(術後) 最初診斷日期,※若收案類別「DIAG_TYPE」為[1:新診斷個案-直接治癒性手術]時，必填 ※收案類別「DIAG_TYPE」為[2:新診斷個案-新輔助性治療法]無需填寫 臨床或病理上診斷為癌症的開始日期 固定8碼，西元年（YYYYMMDD），例如1980年12月6日，則填寫：19801206,,Big5 encodability | max length 8 | date format | cross-field business rules,QBC-FORMAT-LENGTH,qbc_workbench.validation,tests/test_conformance.py,implemented,verified-by-test
D025,(術後) 最初診斷日期,※若收案類別「DIAG_TYPE」為[1:新診斷個案-直接治癒性手術]時，必填 ※收案類別「DIAG_TYPE」為[2:新診斷個案-新輔助性治療法]無需填寫 臨床或病理上診斷為癌症的開始日期 固定8碼，西元年（YYYYMMDD），例如1980年12月6日，則填寫：19801206,,Big5 encodability | max length 8 | date format | cross-field business rules,QBC-FORMAT-DATE,qbc_workbench.validation,tests/test_conformance.py,implemented,verified-by-test
D025,(術後) 最初診斷日期,※若收案類別「DIAG_TYPE」為[1:新診斷個案-直接治癒性手術]時，必填 ※收案類別「DIAG_TYPE」為[2:新診斷個案-新輔助性治療法]無需填寫 臨床或病理上診斷為癌症的開始日期 固定8碼，西元年（YYYYMMDD），例如1980年12月6日，則填寫：19801206,,Big5 encodability | max length 8 | date format | cross-field business rules,QBC-D025-DIAGTYPE,qbc_workbench.validation,tests/test_conformance.py,implemented,verified-by-test
D026,(術後) 最初診斷院所,※若收案類別「DIAG_TYPE」為[1:新診斷個案-直接治癒性手術]時，必填 ※收案類別「DIAG_TYPE」為[2:新診斷個案-新輔助性治療法]無需填寫 1：本院 2：他院,,Big5 encodability | max length 1 | allowed value set | cross-field business rules,QBC-ENCODING-BIG5,qbc_workbench.validation,tests/test_conformance.py,implemented,verified-by-test
D026,(術後) 最初診斷院所,※若收案類別「DIAG_TYPE」為[1:新診斷個案-直接治癒性手術]時，必填 ※收案類別「DIAG_TYPE」為[2:新診斷個案-新輔助性治療法]無需填寫 1：本院 2：他院,,Big5 encodability | max length 1 | allowed value set | cross-field business rules,QBC-FORMAT-LENGTH,qbc_workbench.validation,tests/test_conformance.py,implemented,verified-by-test
D026,(術後) 最初診斷院所,※若收案類別「DIAG_TYPE」為[1:新診斷個案-直接治癒性手術]時，必填 ※收案類別「DIAG_TYPE」為[2:新診斷個案-新輔助性治療法]無需填寫 1：本院 2：他院,,Big5 encodability | max length 1 | allowed value set | cross-field business rules,QBC-FORMAT-CODE,qbc_workbench.validation,tests/test_conformance.py,implemented,verified-by-test
D026,(術後) 最初診斷院所,※若收案類別「DIAG_TYPE」為[1:新診斷個案-直接治癒性手術]時，必填 ※收案類別「DIAG_TYPE」為[2:新診斷個案-新輔助性治療法]無需填寫 1：本院 2：他院,,Big5 encodability | max length 1 | allowed value set | cross-field business rules,QBC-VALUESET,qbc_workbench.validation,tests/test_conformance.py,implemented,verified-by-test
D026,(術後) 最初診斷院所,※若收案類別「DIAG_TYPE」為[1:新診斷個案-直接治癒性手術]時，必填 ※收案類別「DIAG_TYPE」為[2:新診斷個案-新輔助性治療法]無需填寫 1：本院 2：他院,,Big5 encodability | max length 1 | allowed value set | cross-field business rules,QBC-D026-DIAGTYPE,qbc_workbench.validation,tests/test_conformance.py,implemented,verified-by-test
D027,(術後) 乳房手術,0：乳房部分切除手術 (BCS) 1：乳房全切除術 (Mastectomy),"TM02=1 AND DIAG_TYPE IN (1,2)",Big5 encodability | max length 1 | allowed value set | conditional requiredness | cross-field business rules,QBC-ENCODING-BIG5,qbc_workbench.validation,tests/test_conformance.py,implemented,verified-by-test
D027,(術後) 乳房手術,0：乳房部分切除手術 (BCS) 1：乳房全切除術 (Mastectomy),"TM02=1 AND DIAG_TYPE IN (1,2)",Big5 encodability | max length 1 | allowed value set | conditional requiredness | cross-field business rules,QBC-FORMAT-LENGTH,qbc_workbench.validation,tests/test_conformance.py,implemented,verified-by-test
D027,(術後) 乳房手術,0：乳房部分切除手術 (BCS) 1：乳房全切除術 (Mastectomy),"TM02=1 AND DIAG_TYPE IN (1,2)",Big5 encodability | max length 1 | allowed value set | conditional requiredness | cross-field business rules,QBC-FORMAT-CODE,qbc_workbench.validation,tests/test_conformance.py,implemented,verified-by-test
D027,(術後) 乳房手術,0：乳房部分切除手術 (BCS) 1：乳房全切除術 (Mastectomy),"TM02=1 AND DIAG_TYPE IN (1,2)",Big5 encodability | max length 1 | allowed value set | conditional requiredness | cross-field business rules,QBC-VALUESET,qbc_workbench.validation,tests/test_conformance.py,implemented,verified-by-test
D027,(術後) 乳房手術,0：乳房部分切除手術 (BCS) 1：乳房全切除術 (Mastectomy),"TM02=1 AND DIAG_TYPE IN (1,2)",Big5 encodability | max length 1 | allowed value set | conditional requiredness | cross-field business rules,QBC-TM02-SURGERY-POSTOP-REQUIRED,qbc_workbench.validation,tests/test_conformance.py,implemented,needs-decision
D028,(術後) 手術邊緣,0：free 1：involved with DCIS 2：involved with invasive carcinoma,"TM02=1 AND DIAG_TYPE IN (1,2)",Big5 encodability | max length 1 | allowed value set | conditional requiredness | cross-field business rules,QBC-ENCODING-BIG5,qbc_workbench.validation,tests/test_conformance.py,implemented,verified-by-test
D028,(術後) 手術邊緣,0：free 1：involved with DCIS 2：involved with invasive carcinoma,"TM02=1 AND DIAG_TYPE IN (1,2)",Big5 encodability | max length 1 | allowed value set | conditional requiredness | cross-field business rules,QBC-FORMAT-LENGTH,qbc_workbench.validation,tests/test_conformance.py,implemented,verified-by-test
D028,(術後) 手術邊緣,0：free 1：involved with DCIS 2：involved with invasive carcinoma,"TM02=1 AND DIAG_TYPE IN (1,2)",Big5 encodability | max length 1 | allowed value set | conditional requiredness | cross-field business rules,QBC-FORMAT-CODE,qbc_workbench.validation,tests/test_conformance.py,implemented,verified-by-test
D028,(術後) 手術邊緣,0：free 1：involved with DCIS 2：involved with invasive carcinoma,"TM02=1 AND DIAG_TYPE IN (1,2)",Big5 encodability | max length 1 | allowed value set | conditional requiredness | cross-field business rules,QBC-VALUESET,qbc_workbench.validation,tests/test_conformance.py,implemented,verified-by-test
D028,(術後) 手術邊緣,0：free 1：involved with DCIS 2：involved with invasive carcinoma,"TM02=1 AND DIAG_TYPE IN (1,2)",Big5 encodability | max length 1 | allowed value set | conditional requiredness | cross-field business rules,QBC-TM02-SURGERY-POSTOP-REQUIRED,qbc_workbench.validation,tests/test_conformance.py,implemented,needs-decision
D029,(術後) 腋窩手術,0：Nil 1：SLNB 2：SLNB → ALND 3：direct ALND 4：TLND,"TM02=1 AND DIAG_TYPE IN (1,2)",Big5 encodability | max length 1 | allowed value set | conditional requiredness | cross-field business rules,QBC-ENCODING-BIG5,qbc_workbench.validation,tests/test_conformance.py,implemented,verified-by-test
D029,(術後) 腋窩手術,0：Nil 1：SLNB 2：SLNB → ALND 3：direct ALND 4：TLND,"TM02=1 AND DIAG_TYPE IN (1,2)",Big5 encodability | max length 1 | allowed value set | conditional requiredness | cross-field business rules,QBC-FORMAT-LENGTH,qbc_workbench.validation,tests/test_conformance.py,implemented,verified-by-test
D029,(術後) 腋窩手術,0：Nil 1：SLNB 2：SLNB → ALND 3：direct ALND 4：TLND,"TM02=1 AND DIAG_TYPE IN (1,2)",Big5 encodability | max length 1 | allowed value set | conditional requiredness | cross-field business rules,QBC-FORMAT-CODE,qbc_workbench.validation,tests/test_conformance.py,implemented,verified-by-test
D029,(術後) 腋窩手術,0：Nil 1：SLNB 2：SLNB → ALND 3：direct ALND 4：TLND,"TM02=1 AND DIAG_TYPE IN (1,2)",Big5 encodability | max length 1 | allowed value set | conditional requiredness | cross-field business rules,QBC-VALUESET,qbc_workbench.validation,tests/test_conformance.py,implemented,verified-by-test
D029,(術後) 腋窩手術,0：Nil 1：SLNB 2：SLNB → ALND 3：direct ALND 4：TLND,"TM02=1 AND DIAG_TYPE IN (1,2)",Big5 encodability | max length 1 | allowed value set | conditional requiredness | cross-field business rules,QBC-TM02-SURGERY-POSTOP-REQUIRED,qbc_workbench.validation,tests/test_conformance.py,implemented,needs-decision
D030,(術後) 組織學分類,0：No cancer 1：Intraductal ca (DCIS) 2：Invasive cancer with no special type (IDC) 3：Invasive lobular ca (ILC) 4：Mucinous ca 5：Tubular ca 6：Invasive papillary ca 7：Metaplastic carcinoma 8：Others,"TM02=1 AND DIAG_TYPE IN (1,2)",Big5 encodability | max length 1 | allowed value set | conditional requiredness | cross-field business rules,QBC-ENCODING-BIG5,qbc_workbench.validation,tests/test_conformance.py,implemented,verified-by-test
D030,(術後) 組織學分類,0：No cancer 1：Intraductal ca (DCIS) 2：Invasive cancer with no special type (IDC) 3：Invasive lobular ca (ILC) 4：Mucinous ca 5：Tubular ca 6：Invasive papillary ca 7：Metaplastic carcinoma 8：Others,"TM02=1 AND DIAG_TYPE IN (1,2)",Big5 encodability | max length 1 | allowed value set | conditional requiredness | cross-field business rules,QBC-FORMAT-LENGTH,qbc_workbench.validation,tests/test_conformance.py,implemented,verified-by-test
D030,(術後) 組織學分類,0：No cancer 1：Intraductal ca (DCIS) 2：Invasive cancer with no special type (IDC) 3：Invasive lobular ca (ILC) 4：Mucinous ca 5：Tubular ca 6：Invasive papillary ca 7：Metaplastic carcinoma 8：Others,"TM02=1 AND DIAG_TYPE IN (1,2)",Big5 encodability | max length 1 | allowed value set | conditional requiredness | cross-field business rules,QBC-FORMAT-CODE,qbc_workbench.validation,tests/test_conformance.py,implemented,verified-by-test
D030,(術後) 組織學分類,0：No cancer 1：Intraductal ca (DCIS) 2：Invasive cancer with no special type (IDC) 3：Invasive lobular ca (ILC) 4：Mucinous ca 5：Tubular ca 6：Invasive papillary ca 7：Metaplastic carcinoma 8：Others,"TM02=1 AND DIAG_TYPE IN (1,2)",Big5 encodability | max length 1 | allowed value set | conditional requiredness | cross-field business rules,QBC-VALUESET,qbc_workbench.validation,tests/test_conformance.py,implemented,verified-by-test
D030,(術後) 組織學分類,0：No cancer 1：Intraductal ca (DCIS) 2：Invasive cancer with no special type (IDC) 3：Invasive lobular ca (ILC) 4：Mucinous ca 5：Tubular ca 6：Invasive papillary ca 7：Metaplastic carcinoma 8：Others,"TM02=1 AND DIAG_TYPE IN (1,2)",Big5 encodability | max length 1 | allowed value set | conditional requiredness | cross-field business rules,QBC-TM02-SURGERY-POSTOP-REQUIRED,qbc_workbench.validation,tests/test_conformance.py,implemented,needs-decision
D031,(術後) 腫瘤組織分級,X：無法評估等級(無法確定分級) 1：分化良好(低度惡性) 2：中度分化(中度惡性) 3：分化差(高度惡性),"TM02=1 AND DIAG_TYPE IN (1,2)",Big5 encodability | max length 1 | allowed value set | conditional requiredness | cross-field business rules,QBC-ENCODING-BIG5,qbc_workbench.validation,tests/test_conformance.py,implemented,verified-by-test
D031,(術後) 腫瘤組織分級,X：無法評估等級(無法確定分級) 1：分化良好(低度惡性) 2：中度分化(中度惡性) 3：分化差(高度惡性),"TM02=1 AND DIAG_TYPE IN (1,2)",Big5 encodability | max length 1 | allowed value set | conditional requiredness | cross-field business rules,QBC-FORMAT-LENGTH,qbc_workbench.validation,tests/test_conformance.py,implemented,verified-by-test
D031,(術後) 腫瘤組織分級,X：無法評估等級(無法確定分級) 1：分化良好(低度惡性) 2：中度分化(中度惡性) 3：分化差(高度惡性),"TM02=1 AND DIAG_TYPE IN (1,2)",Big5 encodability | max length 1 | allowed value set | conditional requiredness | cross-field business rules,QBC-FORMAT-CODE,qbc_workbench.validation,tests/test_conformance.py,implemented,verified-by-test
D031,(術後) 腫瘤組織分級,X：無法評估等級(無法確定分級) 1：分化良好(低度惡性) 2：中度分化(中度惡性) 3：分化差(高度惡性),"TM02=1 AND DIAG_TYPE IN (1,2)",Big5 encodability | max length 1 | allowed value set | conditional requiredness | cross-field business rules,QBC-VALUESET,qbc_workbench.validation,tests/test_conformance.py,implemented,verified-by-test
D031,(術後) 腫瘤組織分級,X：無法評估等級(無法確定分級) 1：分化良好(低度惡性) 2：中度分化(中度惡性) 3：分化差(高度惡性),"TM02=1 AND DIAG_TYPE IN (1,2)",Big5 encodability | max length 1 | allowed value set | conditional requiredness | cross-field business rules,QBC-TM02-SURGERY-POSTOP-REQUIRED,qbc_workbench.validation,tests/test_conformance.py,implemented,needs-decision
D032,(術後) 病理期別T,T0：No evidence of primary tumor Tis：(DCIS)*Ductal carcinoma in situ T1：腫瘤小於等於2公分 T2：腫瘤大於2公分，小於等於5公分 T3：腫瘤大於5公分 T4：腫瘤已侵犯至胸壁或是皮膚(潰瘍或結節)，發炎性乳癌 Tx：未知,"TM02=1 AND DIAG_TYPE IN (1,2)",Big5 encodability | max length 5 | allowed value set | conditional requiredness | cross-field business rules,QBC-ENCODING-BIG5,qbc_workbench.validation,tests/test_conformance.py,implemented,verified-by-test
D032,(術後) 病理期別T,T0：No evidence of primary tumor Tis：(DCIS)*Ductal carcinoma in situ T1：腫瘤小於等於2公分 T2：腫瘤大於2公分，小於等於5公分 T3：腫瘤大於5公分 T4：腫瘤已侵犯至胸壁或是皮膚(潰瘍或結節)，發炎性乳癌 Tx：未知,"TM02=1 AND DIAG_TYPE IN (1,2)",Big5 encodability | max length 5 | allowed value set | conditional requiredness | cross-field business rules,QBC-FORMAT-LENGTH,qbc_workbench.validation,tests/test_conformance.py,implemented,verified-by-test
D032,(術後) 病理期別T,T0：No evidence of primary tumor Tis：(DCIS)*Ductal carcinoma in situ T1：腫瘤小於等於2公分 T2：腫瘤大於2公分，小於等於5公分 T3：腫瘤大於5公分 T4：腫瘤已侵犯至胸壁或是皮膚(潰瘍或結節)，發炎性乳癌 Tx：未知,"TM02=1 AND DIAG_TYPE IN (1,2)",Big5 encodability | max length 5 | allowed value set | conditional requiredness | cross-field business rules,QBC-FORMAT-CODE,qbc_workbench.validation,tests/test_conformance.py,implemented,verified-by-test
D032,(術後) 病理期別T,T0：No evidence of primary tumor Tis：(DCIS)*Ductal carcinoma in situ T1：腫瘤小於等於2公分 T2：腫瘤大於2公分，小於等於5公分 T3：腫瘤大於5公分 T4：腫瘤已侵犯至胸壁或是皮膚(潰瘍或結節)，發炎性乳癌 Tx：未知,"TM02=1 AND DIAG_TYPE IN (1,2)",Big5 encodability | max length 5 | allowed value set | conditional requiredness | cross-field business rules,QBC-VALUESET,qbc_workbench.validation,tests/test_conformance.py,implemented,verified-by-test
D032,(術後) 病理期別T,T0：No evidence of primary tumor Tis：(DCIS)*Ductal carcinoma in situ T1：腫瘤小於等於2公分 T2：腫瘤大於2公分，小於等於5公分 T3：腫瘤大於5公分 T4：腫瘤已侵犯至胸壁或是皮膚(潰瘍或結節)，發炎性乳癌 Tx：未知,"TM02=1 AND DIAG_TYPE IN (1,2)",Big5 encodability | max length 5 | allowed value set | conditional requiredness | cross-field business rules,QBC-TM02-SURGERY-POSTOP-REQUIRED,qbc_workbench.validation,tests/test_conformance.py,implemented,needs-decision
D033,(術後) 病理期別N,N0：沒有淋巴結轉移 N1mi：微小轉移(0.2-2mm) N1：同側腋下淋巴結1~3顆有癌細胞轉移 N2：同側腋下淋巴結4~9顆有癌細胞轉移 N3：同側腋下淋巴結大於等於10顆有癌細胞轉移 Nx：未知,"TM02=1 AND DIAG_TYPE IN (1,2)",Big5 encodability | max length 5 | allowed value set | conditional requiredness | cross-field business rules,QBC-ENCODING-BIG5,qbc_workbench.validation,tests/test_conformance.py,implemented,verified-by-test
D033,(術後) 病理期別N,N0：沒有淋巴結轉移 N1mi：微小轉移(0.2-2mm) N1：同側腋下淋巴結1~3顆有癌細胞轉移 N2：同側腋下淋巴結4~9顆有癌細胞轉移 N3：同側腋下淋巴結大於等於10顆有癌細胞轉移 Nx：未知,"TM02=1 AND DIAG_TYPE IN (1,2)",Big5 encodability | max length 5 | allowed value set | conditional requiredness | cross-field business rules,QBC-FORMAT-LENGTH,qbc_workbench.validation,tests/test_conformance.py,implemented,verified-by-test
D033,(術後) 病理期別N,N0：沒有淋巴結轉移 N1mi：微小轉移(0.2-2mm) N1：同側腋下淋巴結1~3顆有癌細胞轉移 N2：同側腋下淋巴結4~9顆有癌細胞轉移 N3：同側腋下淋巴結大於等於10顆有癌細胞轉移 Nx：未知,"TM02=1 AND DIAG_TYPE IN (1,2)",Big5 encodability | max length 5 | allowed value set | conditional requiredness | cross-field business rules,QBC-FORMAT-CODE,qbc_workbench.validation,tests/test_conformance.py,implemented,verified-by-test
D033,(術後) 病理期別N,N0：沒有淋巴結轉移 N1mi：微小轉移(0.2-2mm) N1：同側腋下淋巴結1~3顆有癌細胞轉移 N2：同側腋下淋巴結4~9顆有癌細胞轉移 N3：同側腋下淋巴結大於等於10顆有癌細胞轉移 Nx：未知,"TM02=1 AND DIAG_TYPE IN (1,2)",Big5 encodability | max length 5 | allowed value set | conditional requiredness | cross-field business rules,QBC-VALUESET,qbc_workbench.validation,tests/test_conformance.py,implemented,verified-by-test
D033,(術後) 病理期別N,N0：沒有淋巴結轉移 N1mi：微小轉移(0.2-2mm) N1：同側腋下淋巴結1~3顆有癌細胞轉移 N2：同側腋下淋巴結4~9顆有癌細胞轉移 N3：同側腋下淋巴結大於等於10顆有癌細胞轉移 Nx：未知,"TM02=1 AND DIAG_TYPE IN (1,2)",Big5 encodability | max length 5 | allowed value set | conditional requiredness | cross-field business rules,QBC-TM02-SURGERY-POSTOP-REQUIRED,qbc_workbench.validation,tests/test_conformance.py,implemented,needs-decision
D034,(術後) 病理期別M,M0：遠端器官沒有癌細胞轉移 M1：遠端器官有癌細胞轉移，例如腦、肝、肺等 Mx：未知,"TM02=1 AND DIAG_TYPE IN (1,2)",Big5 encodability | max length 5 | allowed value set | conditional requiredness | cross-field business rules,QBC-ENCODING-BIG5,qbc_workbench.validation,tests/test_conformance.py,implemented,verified-by-test
D034,(術後) 病理期別M,M0：遠端器官沒有癌細胞轉移 M1：遠端器官有癌細胞轉移，例如腦、肝、肺等 Mx：未知,"TM02=1 AND DIAG_TYPE IN (1,2)",Big5 encodability | max length 5 | allowed value set | conditional requiredness | cross-field business rules,QBC-FORMAT-LENGTH,qbc_workbench.validation,tests/test_conformance.py,implemented,verified-by-test
D034,(術後) 病理期別M,M0：遠端器官沒有癌細胞轉移 M1：遠端器官有癌細胞轉移，例如腦、肝、肺等 Mx：未知,"TM02=1 AND DIAG_TYPE IN (1,2)",Big5 encodability | max length 5 | allowed value set | conditional requiredness | cross-field business rules,QBC-FORMAT-CODE,qbc_workbench.validation,tests/test_conformance.py,implemented,verified-by-test
D034,(術後) 病理期別M,M0：遠端器官沒有癌細胞轉移 M1：遠端器官有癌細胞轉移，例如腦、肝、肺等 Mx：未知,"TM02=1 AND DIAG_TYPE IN (1,2)",Big5 encodability | max length 5 | allowed value set | conditional requiredness | cross-field business rules,QBC-VALUESET,qbc_workbench.validation,tests/test_conformance.py,implemented,verified-by-test
D034,(術後) 病理期別M,M0：遠端器官沒有癌細胞轉移 M1：遠端器官有癌細胞轉移，例如腦、肝、肺等 Mx：未知,"TM02=1 AND DIAG_TYPE IN (1,2)",Big5 encodability | max length 5 | allowed value set | conditional requiredness | cross-field business rules,QBC-TM02-SURGERY-POSTOP-REQUIRED,qbc_workbench.validation,tests/test_conformance.py,implemented,needs-decision
D035,(術後) 癌症病理分期：TNM 計算結果,"預設為空白，由系統自動計算「D032」、「D033」、「D034」三欄英文代號值合併計算結果，若有對應下列的Stage，則由系統代入其對應的Stage，若無任何對應的Stage，則需自行填寫，不能空白。 e.g.「D032」填入[T4]，「D033」填入[N0]，「D034」填入[M0]，合併計算結果為［T4N0M0］，其所對應的Stage為「StageⅢB」，則系統將此欄位值自動代入［StageⅢB］ e.g.「D032」填入[T4]，「D033」填入[Nx]，「D034」填入[M0]，合併計算結果為［T4NxM0］，沒有對應的Stage需由使用者自行填入值StageⅠ~Ⅳ。 ==================== Stage ================= Stage 0：['TisN0M0'] StageⅠA：['T1N0M0'] StageⅠB：['T0N1miM0', 'T1N1miM0'] StageⅡA：['T2N0M0', 'T0N1M0', 'T1N1M0'] StageⅡB：['T3N0M0', 'T2N1M0'] StageⅢA：['T3N1M0', 'T3N2M0', 'T0N2M0', 'T1N2M0', 'T2N2M0'] StageⅢB：['T4N0M0', 'T4N1M0', 'T4N2M0'] StageⅢC：['anyTN3M0'] StageⅣ：['anyTanyNM1'] Stage X：['TxNxMx', 'TxNxM0']","TM02=1 AND DIAG_TYPE IN (1,2)",Big5 encodability | max length 40 | conditional requiredness | cross-field business rules,QBC-ENCODING-BIG5,qbc_workbench.validation,tests/test_conformance.py,implemented,verified-by-test
D035,(術後) 癌症病理分期：TNM 計算結果,"預設為空白，由系統自動計算「D032」、「D033」、「D034」三欄英文代號值合併計算結果，若有對應下列的Stage，則由系統代入其對應的Stage，若無任何對應的Stage，則需自行填寫，不能空白。 e.g.「D032」填入[T4]，「D033」填入[N0]，「D034」填入[M0]，合併計算結果為［T4N0M0］，其所對應的Stage為「StageⅢB」，則系統將此欄位值自動代入［StageⅢB］ e.g.「D032」填入[T4]，「D033」填入[Nx]，「D034」填入[M0]，合併計算結果為［T4NxM0］，沒有對應的Stage需由使用者自行填入值StageⅠ~Ⅳ。 ==================== Stage ================= Stage 0：['TisN0M0'] StageⅠA：['T1N0M0'] StageⅠB：['T0N1miM0', 'T1N1miM0'] StageⅡA：['T2N0M0', 'T0N1M0', 'T1N1M0'] StageⅡB：['T3N0M0', 'T2N1M0'] StageⅢA：['T3N1M0', 'T3N2M0', 'T0N2M0', 'T1N2M0', 'T2N2M0'] StageⅢB：['T4N0M0', 'T4N1M0', 'T4N2M0'] StageⅢC：['anyTN3M0'] StageⅣ：['anyTanyNM1'] Stage X：['TxNxMx', 'TxNxM0']","TM02=1 AND DIAG_TYPE IN (1,2)",Big5 encodability | max length 40 | conditional requiredness | cross-field business rules,QBC-FORMAT-LENGTH,qbc_workbench.validation,tests/test_conformance.py,implemented,verified-by-test
D035,(術後) 癌症病理分期：TNM 計算結果,"預設為空白，由系統自動計算「D032」、「D033」、「D034」三欄英文代號值合併計算結果，若有對應下列的Stage，則由系統代入其對應的Stage，若無任何對應的Stage，則需自行填寫，不能空白。 e.g.「D032」填入[T4]，「D033」填入[N0]，「D034」填入[M0]，合併計算結果為［T4N0M0］，其所對應的Stage為「StageⅢB」，則系統將此欄位值自動代入［StageⅢB］ e.g.「D032」填入[T4]，「D033」填入[Nx]，「D034」填入[M0]，合併計算結果為［T4NxM0］，沒有對應的Stage需由使用者自行填入值StageⅠ~Ⅳ。 ==================== Stage ================= Stage 0：['TisN0M0'] StageⅠA：['T1N0M0'] StageⅠB：['T0N1miM0', 'T1N1miM0'] StageⅡA：['T2N0M0', 'T0N1M0', 'T1N1M0'] StageⅡB：['T3N0M0', 'T2N1M0'] StageⅢA：['T3N1M0', 'T3N2M0', 'T0N2M0', 'T1N2M0', 'T2N2M0'] StageⅢB：['T4N0M0', 'T4N1M0', 'T4N2M0'] StageⅢC：['anyTN3M0'] StageⅣ：['anyTanyNM1'] Stage X：['TxNxMx', 'TxNxM0']","TM02=1 AND DIAG_TYPE IN (1,2)",Big5 encodability | max length 40 | conditional requiredness | cross-field business rules,QBC-TM02-SURGERY-POSTOP-REQUIRED,qbc_workbench.validation,tests/test_conformance.py,implemented,needs-decision
D035,(術後) 癌症病理分期：TNM 計算結果,"預設為空白，由系統自動計算「D032」、「D033」、「D034」三欄英文代號值合併計算結果，若有對應下列的Stage，則由系統代入其對應的Stage，若無任何對應的Stage，則需自行填寫，不能空白。 e.g.「D032」填入[T4]，「D033」填入[N0]，「D034」填入[M0]，合併計算結果為［T4N0M0］，其所對應的Stage為「StageⅢB」，則系統將此欄位值自動代入［StageⅢB］ e.g.「D032」填入[T4]，「D033」填入[Nx]，「D034」填入[M0]，合併計算結果為［T4NxM0］，沒有對應的Stage需由使用者自行填入值StageⅠ~Ⅳ。 ==================== Stage ================= Stage 0：['TisN0M0'] StageⅠA：['T1N0M0'] StageⅠB：['T0N1miM0', 'T1N1miM0'] StageⅡA：['T2N0M0', 'T0N1M0', 'T1N1M0'] StageⅡB：['T3N0M0', 'T2N1M0'] StageⅢA：['T3N1M0', 'T3N2M0', 'T0N2M0', 'T1N2M0', 'T2N2M0'] StageⅢB：['T4N0M0', 'T4N1M0', 'T4N2M0'] StageⅢC：['anyTN3M0'] StageⅣ：['anyTanyNM1'] Stage X：['TxNxMx', 'TxNxM0']","TM02=1 AND DIAG_TYPE IN (1,2)",Big5 encodability | max length 40 | conditional requiredness | cross-field business rules,QBC-D035-TNM,qbc_workbench.validation,tests/test_conformance.py,implemented,verified-by-test
D036,(術後) 遠端轉移部位,"※「D035」滿足[StageⅣ]才需填寫。 填入代碼，可複選 e.g. 1,5,10,11,12 (以半形英文逗號「,」連接數字) 1：遠端淋巴 2：皮膚 3：骨 4：肝 5：肺 6：腦 7：骨髓 8：胸膜 9：腹膜 10：腎上腺 11：對側腋下淋巴 12：其他",TM02=1 AND D035=StageⅣ,Big5 encodability | max length 30 | code-list format | allowed value set | conditional requiredness | cross-field business rules,QBC-ENCODING-BIG5,qbc_workbench.validation,tests/test_conformance.py,implemented,verified-by-test
D036,(術後) 遠端轉移部位,"※「D035」滿足[StageⅣ]才需填寫。 填入代碼，可複選 e.g. 1,5,10,11,12 (以半形英文逗號「,」連接數字) 1：遠端淋巴 2：皮膚 3：骨 4：肝 5：肺 6：腦 7：骨髓 8：胸膜 9：腹膜 10：腎上腺 11：對側腋下淋巴 12：其他",TM02=1 AND D035=StageⅣ,Big5 encodability | max length 30 | code-list format | allowed value set | conditional requiredness | cross-field business rules,QBC-FORMAT-LENGTH,qbc_workbench.validation,tests/test_conformance.py,implemented,verified-by-test
D036,(術後) 遠端轉移部位,"※「D035」滿足[StageⅣ]才需填寫。 填入代碼，可複選 e.g. 1,5,10,11,12 (以半形英文逗號「,」連接數字) 1：遠端淋巴 2：皮膚 3：骨 4：肝 5：肺 6：腦 7：骨髓 8：胸膜 9：腹膜 10：腎上腺 11：對側腋下淋巴 12：其他",TM02=1 AND D035=StageⅣ,Big5 encodability | max length 30 | code-list format | allowed value set | conditional requiredness | cross-field business rules,QBC-FORMAT-CODE-LIST,qbc_workbench.validation,tests/test_conformance.py,implemented,verified-by-test
D036,(術後) 遠端轉移部位,"※「D035」滿足[StageⅣ]才需填寫。 填入代碼，可複選 e.g. 1,5,10,11,12 (以半形英文逗號「,」連接數字) 1：遠端淋巴 2：皮膚 3：骨 4：肝 5：肺 6：腦 7：骨髓 8：胸膜 9：腹膜 10：腎上腺 11：對側腋下淋巴 12：其他",TM02=1 AND D035=StageⅣ,Big5 encodability | max length 30 | code-list format | allowed value set | conditional requiredness | cross-field business rules,QBC-VALUESET,qbc_workbench.validation,tests/test_conformance.py,implemented,verified-by-test
D036,(術後) 遠端轉移部位,"※「D035」滿足[StageⅣ]才需填寫。 填入代碼，可複選 e.g. 1,5,10,11,12 (以半形英文逗號「,」連接數字) 1：遠端淋巴 2：皮膚 3：骨 4：肝 5：肺 6：腦 7：骨髓 8：胸膜 9：腹膜 10：腎上腺 11：對側腋下淋巴 12：其他",TM02=1 AND D035=StageⅣ,Big5 encodability | max length 30 | code-list format | allowed value set | conditional requiredness | cross-field business rules,QBC-D036-STAGE4,qbc_workbench.validation,tests/test_conformance.py,implemented,verified-by-test
D037,(術後) 遠端轉移部位：其他,※「D036」為[12：其他]，此欄位為必填。 內容自訂，文字格式,TM02=1 AND D036 CONTAINS 12,Big5 encodability | max length 200 | conditional requiredness | cross-field business rules,QBC-ENCODING-BIG5,qbc_workbench.validation,tests/test_conformance.py,implemented,verified-by-test
D037,(術後) 遠端轉移部位：其他,※「D036」為[12：其他]，此欄位為必填。 內容自訂，文字格式,TM02=1 AND D036 CONTAINS 12,Big5 encodability | max length 200 | conditional requiredness | cross-field business rules,QBC-FORMAT-LENGTH,qbc_workbench.validation,tests/test_conformance.py,implemented,verified-by-test
D037,(術後) 遠端轉移部位：其他,※「D036」為[12：其他]，此欄位為必填。 內容自訂，文字格式,TM02=1 AND D036 CONTAINS 12,Big5 encodability | max length 200 | conditional requiredness | cross-field business rules,QBC-D037-OTHER,qbc_workbench.validation,tests/test_conformance.py,implemented,verified-by-test
D038,(術後) 哨兵淋巴結,X：未檢驗 0：陰性 1：陽性,"TM02=1 AND DIAG_TYPE IN (1,2)",Big5 encodability | max length 1 | allowed value set | conditional requiredness | cross-field business rules,QBC-ENCODING-BIG5,qbc_workbench.validation,tests/test_conformance.py,implemented,verified-by-test
D038,(術後) 哨兵淋巴結,X：未檢驗 0：陰性 1：陽性,"TM02=1 AND DIAG_TYPE IN (1,2)",Big5 encodability | max length 1 | allowed value set | conditional requiredness | cross-field business rules,QBC-FORMAT-LENGTH,qbc_workbench.validation,tests/test_conformance.py,implemented,verified-by-test
D038,(術後) 哨兵淋巴結,X：未檢驗 0：陰性 1：陽性,"TM02=1 AND DIAG_TYPE IN (1,2)",Big5 encodability | max length 1 | allowed value set | conditional requiredness | cross-field business rules,QBC-FORMAT-CODE,qbc_workbench.validation,tests/test_conformance.py,implemented,verified-by-test
D038,(術後) 哨兵淋巴結,X：未檢驗 0：陰性 1：陽性,"TM02=1 AND DIAG_TYPE IN (1,2)",Big5 encodability | max length 1 | allowed value set | conditional requiredness | cross-field business rules,QBC-VALUESET,qbc_workbench.validation,tests/test_conformance.py,implemented,verified-by-test
D038,(術後) 哨兵淋巴結,X：未檢驗 0：陰性 1：陽性,"TM02=1 AND DIAG_TYPE IN (1,2)",Big5 encodability | max length 1 | allowed value set | conditional requiredness | cross-field business rules,QBC-TM02-SURGERY-POSTOP-REQUIRED,qbc_workbench.validation,tests/test_conformance.py,implemented,needs-decision
D039,(術後) 哨兵淋巴結：陽性顆數,※「D038」為[1.陽性]時，必填。 填入範圍值：1-99,TM02=1 AND D038=1,Big5 encodability | max length 2 | integer format | numeric range | conditional requiredness | cross-field business rules,QBC-ENCODING-BIG5,qbc_workbench.validation,tests/test_conformance.py,implemented,verified-by-test
D039,(術後) 哨兵淋巴結：陽性顆數,※「D038」為[1.陽性]時，必填。 填入範圍值：1-99,TM02=1 AND D038=1,Big5 encodability | max length 2 | integer format | numeric range | conditional requiredness | cross-field business rules,QBC-FORMAT-LENGTH,qbc_workbench.validation,tests/test_conformance.py,implemented,verified-by-test
D039,(術後) 哨兵淋巴結：陽性顆數,※「D038」為[1.陽性]時，必填。 填入範圍值：1-99,TM02=1 AND D038=1,Big5 encodability | max length 2 | integer format | numeric range | conditional requiredness | cross-field business rules,QBC-FORMAT-INTEGER,qbc_workbench.validation,tests/test_conformance.py,implemented,verified-by-test
D039,(術後) 哨兵淋巴結：陽性顆數,※「D038」為[1.陽性]時，必填。 填入範圍值：1-99,TM02=1 AND D038=1,Big5 encodability | max length 2 | integer format | numeric range | conditional requiredness | cross-field business rules,QBC-FORMAT-RANGE,qbc_workbench.validation,tests/test_conformance.py,implemented,verified-by-test
D039,(術後) 哨兵淋巴結：陽性顆數,※「D038」為[1.陽性]時，必填。 填入範圍值：1-99,TM02=1 AND D038=1,Big5 encodability | max length 2 | integer format | numeric range | conditional requiredness | cross-field business rules,QBC-D039-SENTINEL,qbc_workbench.validation,tests/test_conformance.py,implemented,verified-by-test
D040,(術後) 哨兵淋巴結：哨兵淋巴結顆數,※「D038」為[0：陰性]或[1：陽性]時，必填。 填入範圍值：1-99,"TM02=1 AND D038 IN (0,1)",Big5 encodability | max length 2 | integer format | numeric range | conditional requiredness | cross-field business rules,QBC-ENCODING-BIG5,qbc_workbench.validation,tests/test_conformance.py,implemented,verified-by-test
D040,(術後) 哨兵淋巴結：哨兵淋巴結顆數,※「D038」為[0：陰性]或[1：陽性]時，必填。 填入範圍值：1-99,"TM02=1 AND D038 IN (0,1)",Big5 encodability | max length 2 | integer format | numeric range | conditional requiredness | cross-field business rules,QBC-FORMAT-LENGTH,qbc_workbench.validation,tests/test_conformance.py,implemented,verified-by-test
D040,(術後) 哨兵淋巴結：哨兵淋巴結顆數,※「D038」為[0：陰性]或[1：陽性]時，必填。 填入範圍值：1-99,"TM02=1 AND D038 IN (0,1)",Big5 encodability | max length 2 | integer format | numeric range | conditional requiredness | cross-field business rules,QBC-FORMAT-INTEGER,qbc_workbench.validation,tests/test_conformance.py,implemented,verified-by-test
D040,(術後) 哨兵淋巴結：哨兵淋巴結顆數,※「D038」為[0：陰性]或[1：陽性]時，必填。 填入範圍值：1-99,"TM02=1 AND D038 IN (0,1)",Big5 encodability | max length 2 | integer format | numeric range | conditional requiredness | cross-field business rules,QBC-FORMAT-RANGE,qbc_workbench.validation,tests/test_conformance.py,implemented,verified-by-test
D040,(術後) 哨兵淋巴結：哨兵淋巴結顆數,※「D038」為[0：陰性]或[1：陽性]時，必填。 填入範圍值：1-99,"TM02=1 AND D038 IN (0,1)",Big5 encodability | max length 2 | integer format | numeric range | conditional requiredness | cross-field business rules,QBC-D040-SENTINEL,qbc_workbench.validation,tests/test_conformance.py,implemented,verified-by-test
D041,(術後) 腋下淋巴結,X：未檢驗 0：陰性 1：陽性,"TM02=1 AND DIAG_TYPE IN (1,2)",Big5 encodability | max length 1 | allowed value set | conditional requiredness | cross-field business rules,QBC-ENCODING-BIG5,qbc_workbench.validation,tests/test_conformance.py,implemented,verified-by-test
D041,(術後) 腋下淋巴結,X：未檢驗 0：陰性 1：陽性,"TM02=1 AND DIAG_TYPE IN (1,2)",Big5 encodability | max length 1 | allowed value set | conditional requiredness | cross-field business rules,QBC-FORMAT-LENGTH,qbc_workbench.validation,tests/test_conformance.py,implemented,verified-by-test
D041,(術後) 腋下淋巴結,X：未檢驗 0：陰性 1：陽性,"TM02=1 AND DIAG_TYPE IN (1,2)",Big5 encodability | max length 1 | allowed value set | conditional requiredness | cross-field business rules,QBC-FORMAT-CODE,qbc_workbench.validation,tests/test_conformance.py,implemented,verified-by-test
D041,(術後) 腋下淋巴結,X：未檢驗 0：陰性 1：陽性,"TM02=1 AND DIAG_TYPE IN (1,2)",Big5 encodability | max length 1 | allowed value set | conditional requiredness | cross-field business rules,QBC-VALUESET,qbc_workbench.validation,tests/test_conformance.py,implemented,verified-by-test
D041,(術後) 腋下淋巴結,X：未檢驗 0：陰性 1：陽性,"TM02=1 AND DIAG_TYPE IN (1,2)",Big5 encodability | max length 1 | allowed value set | conditional requiredness | cross-field business rules,QBC-TM02-SURGERY-POSTOP-REQUIRED,qbc_workbench.validation,tests/test_conformance.py,implemented,needs-decision
D042,(術後) 腋下淋巴結：陽性顆數,※「D041」為[1：陽性]時，必填。 填入範圍值：1-99,TM02=1 AND D041=1,Big5 encodability | max length 2 | integer format | numeric range | conditional requiredness | cross-field business rules,QBC-ENCODING-BIG5,qbc_workbench.validation,tests/test_conformance.py,implemented,verified-by-test
D042,(術後) 腋下淋巴結：陽性顆數,※「D041」為[1：陽性]時，必填。 填入範圍值：1-99,TM02=1 AND D041=1,Big5 encodability | max length 2 | integer format | numeric range | conditional requiredness | cross-field business rules,QBC-FORMAT-LENGTH,qbc_workbench.validation,tests/test_conformance.py,implemented,verified-by-test
D042,(術後) 腋下淋巴結：陽性顆數,※「D041」為[1：陽性]時，必填。 填入範圍值：1-99,TM02=1 AND D041=1,Big5 encodability | max length 2 | integer format | numeric range | conditional requiredness | cross-field business rules,QBC-FORMAT-INTEGER,qbc_workbench.validation,tests/test_conformance.py,implemented,verified-by-test
D042,(術後) 腋下淋巴結：陽性顆數,※「D041」為[1：陽性]時，必填。 填入範圍值：1-99,TM02=1 AND D041=1,Big5 encodability | max length 2 | integer format | numeric range | conditional requiredness | cross-field business rules,QBC-FORMAT-RANGE,qbc_workbench.validation,tests/test_conformance.py,implemented,verified-by-test
D042,(術後) 腋下淋巴結：陽性顆數,※「D041」為[1：陽性]時，必填。 填入範圍值：1-99,TM02=1 AND D041=1,Big5 encodability | max length 2 | integer format | numeric range | conditional requiredness | cross-field business rules,QBC-D042-AXILLARY,qbc_workbench.validation,tests/test_conformance.py,implemented,verified-by-test
D043,(術後) 腋下淋巴結：腋下淋巴結顆數,※「D041」為[0.陰性]或[1.陽性]時，必填。 填入範圍值：1-99,"TM02=1 AND D041 IN (0,1)",Big5 encodability | max length 2 | integer format | numeric range | conditional requiredness | cross-field business rules,QBC-ENCODING-BIG5,qbc_workbench.validation,tests/test_conformance.py,implemented,verified-by-test
D043,(術後) 腋下淋巴結：腋下淋巴結顆數,※「D041」為[0.陰性]或[1.陽性]時，必填。 填入範圍值：1-99,"TM02=1 AND D041 IN (0,1)",Big5 encodability | max length 2 | integer format | numeric range | conditional requiredness | cross-field business rules,QBC-FORMAT-LENGTH,qbc_workbench.validation,tests/test_conformance.py,implemented,verified-by-test
D043,(術後) 腋下淋巴結：腋下淋巴結顆數,※「D041」為[0.陰性]或[1.陽性]時，必填。 填入範圍值：1-99,"TM02=1 AND D041 IN (0,1)",Big5 encodability | max length 2 | integer format | numeric range | conditional requiredness | cross-field business rules,QBC-FORMAT-INTEGER,qbc_workbench.validation,tests/test_conformance.py,implemented,verified-by-test
D043,(術後) 腋下淋巴結：腋下淋巴結顆數,※「D041」為[0.陰性]或[1.陽性]時，必填。 填入範圍值：1-99,"TM02=1 AND D041 IN (0,1)",Big5 encodability | max length 2 | integer format | numeric range | conditional requiredness | cross-field business rules,QBC-FORMAT-RANGE,qbc_workbench.validation,tests/test_conformance.py,implemented,verified-by-test
D043,(術後) 腋下淋巴結：腋下淋巴結顆數,※「D041」為[0.陰性]或[1.陽性]時，必填。 填入範圍值：1-99,"TM02=1 AND D041 IN (0,1)",Big5 encodability | max length 2 | integer format | numeric range | conditional requiredness | cross-field business rules,QBC-D043-AXILLARY,qbc_workbench.validation,tests/test_conformance.py,implemented,verified-by-test
D044,(術後) 淋巴結陽性數量,※「D038」、「D041」任一項滿足[1：陽性]，需填寫此欄位。 0：無 1：有,"TM02=1 AND DIAG_TYPE IN (1,2)",Big5 encodability | max length 1 | allowed value set | conditional requiredness | cross-field business rules,QBC-ENCODING-BIG5,qbc_workbench.validation,tests/test_conformance.py,implemented,verified-by-test
D044,(術後) 淋巴結陽性數量,※「D038」、「D041」任一項滿足[1：陽性]，需填寫此欄位。 0：無 1：有,"TM02=1 AND DIAG_TYPE IN (1,2)",Big5 encodability | max length 1 | allowed value set | conditional requiredness | cross-field business rules,QBC-FORMAT-LENGTH,qbc_workbench.validation,tests/test_conformance.py,implemented,verified-by-test
D044,(術後) 淋巴結陽性數量,※「D038」、「D041」任一項滿足[1：陽性]，需填寫此欄位。 0：無 1：有,"TM02=1 AND DIAG_TYPE IN (1,2)",Big5 encodability | max length 1 | allowed value set | conditional requiredness | cross-field business rules,QBC-FORMAT-CODE,qbc_workbench.validation,tests/test_conformance.py,implemented,verified-by-test
D044,(術後) 淋巴結陽性數量,※「D038」、「D041」任一項滿足[1：陽性]，需填寫此欄位。 0：無 1：有,"TM02=1 AND DIAG_TYPE IN (1,2)",Big5 encodability | max length 1 | allowed value set | conditional requiredness | cross-field business rules,QBC-VALUESET,qbc_workbench.validation,tests/test_conformance.py,implemented,verified-by-test
D044,(術後) 淋巴結陽性數量,※「D038」、「D041」任一項滿足[1：陽性]，需填寫此欄位。 0：無 1：有,"TM02=1 AND DIAG_TYPE IN (1,2)",Big5 encodability | max length 1 | allowed value set | conditional requiredness | cross-field business rules,QBC-TM02-SURGERY-POSTOP-REQUIRED,qbc_workbench.validation,tests/test_conformance.py,implemented,needs-decision
D044,(術後) 淋巴結陽性數量,※「D038」、「D041」任一項滿足[1：陽性]，需填寫此欄位。 0：無 1：有,"TM02=1 AND DIAG_TYPE IN (1,2)",Big5 encodability | max length 1 | allowed value set | conditional requiredness | cross-field business rules,QBC-D044-NODE,qbc_workbench.validation,tests/test_conformance.py,implemented,verified-by-test
D045,(術後) 淋巴結陽性數量：Micro-Metastasis 顆數,※「D044」為[1：有]時，「D045」與「D046」至少填一項。 填入範圍值：0-99,"TM02=1 AND D044=1 (AT LEAST ONE OF D045,D046)",Big5 encodability | max length 2 | integer format | numeric range | conditional requiredness | cross-field business rules,QBC-ENCODING-BIG5,qbc_workbench.validation,tests/test_conformance.py,implemented,verified-by-test
D045,(術後) 淋巴結陽性數量：Micro-Metastasis 顆數,※「D044」為[1：有]時，「D045」與「D046」至少填一項。 填入範圍值：0-99,"TM02=1 AND D044=1 (AT LEAST ONE OF D045,D046)",Big5 encodability | max length 2 | integer format | numeric range | conditional requiredness | cross-field business rules,QBC-FORMAT-LENGTH,qbc_workbench.validation,tests/test_conformance.py,implemented,verified-by-test
D045,(術後) 淋巴結陽性數量：Micro-Metastasis 顆數,※「D044」為[1：有]時，「D045」與「D046」至少填一項。 填入範圍值：0-99,"TM02=1 AND D044=1 (AT LEAST ONE OF D045,D046)",Big5 encodability | max length 2 | integer format | numeric range | conditional requiredness | cross-field business rules,QBC-FORMAT-INTEGER,qbc_workbench.validation,tests/test_conformance.py,implemented,verified-by-test
D045,(術後) 淋巴結陽性數量：Micro-Metastasis 顆數,※「D044」為[1：有]時，「D045」與「D046」至少填一項。 填入範圍值：0-99,"TM02=1 AND D044=1 (AT LEAST ONE OF D045,D046)",Big5 encodability | max length 2 | integer format | numeric range | conditional requiredness | cross-field business rules,QBC-FORMAT-RANGE,qbc_workbench.validation,tests/test_conformance.py,implemented,verified-by-test
D045,(術後) 淋巴結陽性數量：Micro-Metastasis 顆數,※「D044」為[1：有]時，「D045」與「D046」至少填一項。 填入範圍值：0-99,"TM02=1 AND D044=1 (AT LEAST ONE OF D045,D046)",Big5 encodability | max length 2 | integer format | numeric range | conditional requiredness | cross-field business rules,QBC-D045-D046-ONE,qbc_workbench.validation,tests/test_conformance.py,implemented,verified-by-test
D046,(術後) 淋巴結陽性數量：Macro-Metastasis 顆數,※「D044」為「1：有]」時，「D045」與「D046」至少填一項。 填入範圍值：0-99,"TM02=1 AND D044=1 (AT LEAST ONE OF D045,D046)",Big5 encodability | max length 2 | integer format | numeric range | conditional requiredness | cross-field business rules,QBC-ENCODING-BIG5,qbc_workbench.validation,tests/test_conformance.py,implemented,verified-by-test
D046,(術後) 淋巴結陽性數量：Macro-Metastasis 顆數,※「D044」為「1：有]」時，「D045」與「D046」至少填一項。 填入範圍值：0-99,"TM02=1 AND D044=1 (AT LEAST ONE OF D045,D046)",Big5 encodability | max length 2 | integer format | numeric range | conditional requiredness | cross-field business rules,QBC-FORMAT-LENGTH,qbc_workbench.validation,tests/test_conformance.py,implemented,verified-by-test
D046,(術後) 淋巴結陽性數量：Macro-Metastasis 顆數,※「D044」為「1：有]」時，「D045」與「D046」至少填一項。 填入範圍值：0-99,"TM02=1 AND D044=1 (AT LEAST ONE OF D045,D046)",Big5 encodability | max length 2 | integer format | numeric range | conditional requiredness | cross-field business rules,QBC-FORMAT-INTEGER,qbc_workbench.validation,tests/test_conformance.py,implemented,verified-by-test
D046,(術後) 淋巴結陽性數量：Macro-Metastasis 顆數,※「D044」為「1：有]」時，「D045」與「D046」至少填一項。 填入範圍值：0-99,"TM02=1 AND D044=1 (AT LEAST ONE OF D045,D046)",Big5 encodability | max length 2 | integer format | numeric range | conditional requiredness | cross-field business rules,QBC-FORMAT-RANGE,qbc_workbench.validation,tests/test_conformance.py,implemented,verified-by-test
D046,(術後) 淋巴結陽性數量：Macro-Metastasis 顆數,※「D044」為「1：有]」時，「D045」與「D046」至少填一項。 填入範圍值：0-99,"TM02=1 AND D044=1 (AT LEAST ONE OF D045,D046)",Big5 encodability | max length 2 | integer format | numeric range | conditional requiredness | cross-field business rules,QBC-D045-D046-ONE,qbc_workbench.validation,tests/test_conformance.py,implemented,verified-by-test
D047,(術後) 手術時顯微鏡下腫瘤大小,填入範圍值：0.00-99.99,"TM02=1 AND DIAG_TYPE IN (1,2)",Big5 encodability | max length 5 | decimal format | numeric range | conditional requiredness | cross-field business rules,QBC-ENCODING-BIG5,qbc_workbench.validation,tests/test_conformance.py,implemented,verified-by-test
D047,(術後) 手術時顯微鏡下腫瘤大小,填入範圍值：0.00-99.99,"TM02=1 AND DIAG_TYPE IN (1,2)",Big5 encodability | max length 5 | decimal format | numeric range | conditional requiredness | cross-field business rules,QBC-FORMAT-LENGTH,qbc_workbench.validation,tests/test_conformance.py,implemented,verified-by-test
D047,(術後) 手術時顯微鏡下腫瘤大小,填入範圍值：0.00-99.99,"TM02=1 AND DIAG_TYPE IN (1,2)",Big5 encodability | max length 5 | decimal format | numeric range | conditional requiredness | cross-field business rules,QBC-FORMAT-DECIMAL,qbc_workbench.validation,tests/test_conformance.py,implemented,verified-by-test
D047,(術後) 手術時顯微鏡下腫瘤大小,填入範圍值：0.00-99.99,"TM02=1 AND DIAG_TYPE IN (1,2)",Big5 encodability | max length 5 | decimal format | numeric range | conditional requiredness | cross-field business rules,QBC-FORMAT-RANGE,qbc_workbench.validation,tests/test_conformance.py,implemented,verified-by-test
D047,(術後) 手術時顯微鏡下腫瘤大小,填入範圍值：0.00-99.99,"TM02=1 AND DIAG_TYPE IN (1,2)",Big5 encodability | max length 5 | decimal format | numeric range | conditional requiredness | cross-field business rules,QBC-TM02-SURGERY-POSTOP-REQUIRED,qbc_workbench.validation,tests/test_conformance.py,implemented,needs-decision
D048,(術後) ER,X：未檢驗 0：陰性 1：陽性,"TM02=1 AND DIAG_TYPE IN (1,2)",Big5 encodability | max length 1 | allowed value set | conditional requiredness | cross-field business rules,QBC-ENCODING-BIG5,qbc_workbench.validation,tests/test_conformance.py,implemented,verified-by-test
D048,(術後) ER,X：未檢驗 0：陰性 1：陽性,"TM02=1 AND DIAG_TYPE IN (1,2)",Big5 encodability | max length 1 | allowed value set | conditional requiredness | cross-field business rules,QBC-FORMAT-LENGTH,qbc_workbench.validation,tests/test_conformance.py,implemented,verified-by-test
D048,(術後) ER,X：未檢驗 0：陰性 1：陽性,"TM02=1 AND DIAG_TYPE IN (1,2)",Big5 encodability | max length 1 | allowed value set | conditional requiredness | cross-field business rules,QBC-FORMAT-CODE,qbc_workbench.validation,tests/test_conformance.py,implemented,verified-by-test
D048,(術後) ER,X：未檢驗 0：陰性 1：陽性,"TM02=1 AND DIAG_TYPE IN (1,2)",Big5 encodability | max length 1 | allowed value set | conditional requiredness | cross-field business rules,QBC-VALUESET,qbc_workbench.validation,tests/test_conformance.py,implemented,verified-by-test
D048,(術後) ER,X：未檢驗 0：陰性 1：陽性,"TM02=1 AND DIAG_TYPE IN (1,2)",Big5 encodability | max length 1 | allowed value set | conditional requiredness | cross-field business rules,QBC-TM02-SURGERY-POSTOP-REQUIRED,qbc_workbench.validation,tests/test_conformance.py,implemented,needs-decision
D049,(術後) ER 數值,※(術後) ER「D048」為[1：陽性]時，才需填寫。 填入範圍值：01-100 整數百分比(%),TM02=1 AND D048=1,Big5 encodability | max length 3 | integer format | numeric range | conditional requiredness | cross-field business rules,QBC-ENCODING-BIG5,qbc_workbench.validation,tests/test_conformance.py,implemented,verified-by-test
D049,(術後) ER 數值,※(術後) ER「D048」為[1：陽性]時，才需填寫。 填入範圍值：01-100 整數百分比(%),TM02=1 AND D048=1,Big5 encodability | max length 3 | integer format | numeric range | conditional requiredness | cross-field business rules,QBC-FORMAT-LENGTH,qbc_workbench.validation,tests/test_conformance.py,implemented,verified-by-test
D049,(術後) ER 數值,※(術後) ER「D048」為[1：陽性]時，才需填寫。 填入範圍值：01-100 整數百分比(%),TM02=1 AND D048=1,Big5 encodability | max length 3 | integer format | numeric range | conditional requiredness | cross-field business rules,QBC-FORMAT-INTEGER,qbc_workbench.validation,tests/test_conformance.py,implemented,verified-by-test
D049,(術後) ER 數值,※(術後) ER「D048」為[1：陽性]時，才需填寫。 填入範圍值：01-100 整數百分比(%),TM02=1 AND D048=1,Big5 encodability | max length 3 | integer format | numeric range | conditional requiredness | cross-field business rules,QBC-FORMAT-RANGE,qbc_workbench.validation,tests/test_conformance.py,implemented,verified-by-test
D049,(術後) ER 數值,※(術後) ER「D048」為[1：陽性]時，才需填寫。 填入範圍值：01-100 整數百分比(%),TM02=1 AND D048=1,Big5 encodability | max length 3 | integer format | numeric range | conditional requiredness | cross-field business rules,QBC-D049-ER,qbc_workbench.validation,tests/test_conformance.py,implemented,verified-by-test
D050,(術後) PR,X：未檢驗 0：陰性 1：陽性,"TM02=1 AND DIAG_TYPE IN (1,2)",Big5 encodability | max length 1 | allowed value set | conditional requiredness | cross-field business rules,QBC-ENCODING-BIG5,qbc_workbench.validation,tests/test_conformance.py,implemented,verified-by-test
D050,(術後) PR,X：未檢驗 0：陰性 1：陽性,"TM02=1 AND DIAG_TYPE IN (1,2)",Big5 encodability | max length 1 | allowed value set | conditional requiredness | cross-field business rules,QBC-FORMAT-LENGTH,qbc_workbench.validation,tests/test_conformance.py,implemented,verified-by-test
D050,(術後) PR,X：未檢驗 0：陰性 1：陽性,"TM02=1 AND DIAG_TYPE IN (1,2)",Big5 encodability | max length 1 | allowed value set | conditional requiredness | cross-field business rules,QBC-FORMAT-CODE,qbc_workbench.validation,tests/test_conformance.py,implemented,verified-by-test
D050,(術後) PR,X：未檢驗 0：陰性 1：陽性,"TM02=1 AND DIAG_TYPE IN (1,2)",Big5 encodability | max length 1 | allowed value set | conditional requiredness | cross-field business rules,QBC-VALUESET,qbc_workbench.validation,tests/test_conformance.py,implemented,verified-by-test
D050,(術後) PR,X：未檢驗 0：陰性 1：陽性,"TM02=1 AND DIAG_TYPE IN (1,2)",Big5 encodability | max length 1 | allowed value set | conditional requiredness | cross-field business rules,QBC-TM02-SURGERY-POSTOP-REQUIRED,qbc_workbench.validation,tests/test_conformance.py,implemented,needs-decision
D051,(術後) PR 數值,※「D050」為[1：陽性]時，才需填寫。 填入範圍值：01-100 整數百分比(%),TM02=1 AND D050=1,Big5 encodability | max length 3 | integer format | numeric range | conditional requiredness | cross-field business rules,QBC-ENCODING-BIG5,qbc_workbench.validation,tests/test_conformance.py,implemented,verified-by-test
D051,(術後) PR 數值,※「D050」為[1：陽性]時，才需填寫。 填入範圍值：01-100 整數百分比(%),TM02=1 AND D050=1,Big5 encodability | max length 3 | integer format | numeric range | conditional requiredness | cross-field business rules,QBC-FORMAT-LENGTH,qbc_workbench.validation,tests/test_conformance.py,implemented,verified-by-test
D051,(術後) PR 數值,※「D050」為[1：陽性]時，才需填寫。 填入範圍值：01-100 整數百分比(%),TM02=1 AND D050=1,Big5 encodability | max length 3 | integer format | numeric range | conditional requiredness | cross-field business rules,QBC-FORMAT-INTEGER,qbc_workbench.validation,tests/test_conformance.py,implemented,verified-by-test
D051,(術後) PR 數值,※「D050」為[1：陽性]時，才需填寫。 填入範圍值：01-100 整數百分比(%),TM02=1 AND D050=1,Big5 encodability | max length 3 | integer format | numeric range | conditional requiredness | cross-field business rules,QBC-FORMAT-RANGE,qbc_workbench.validation,tests/test_conformance.py,implemented,verified-by-test
D051,(術後) PR 數值,※「D050」為[1：陽性]時，才需填寫。 填入範圍值：01-100 整數百分比(%),TM02=1 AND D050=1,Big5 encodability | max length 3 | integer format | numeric range | conditional requiredness | cross-field business rules,QBC-D051-PR,qbc_workbench.validation,tests/test_conformance.py,implemented,verified-by-test
D052,(術後) HER2,X：未檢驗 0：IHC 0 (negative or score 0) 1：IHC 1+(negative or score 1+) 2：IHC 2+(equivocal or score 2+) 3：IHC 3+(positive or score 3+),"TM02=1 AND DIAG_TYPE IN (1,2)",Big5 encodability | max length 1 | allowed value set | conditional requiredness | cross-field business rules,QBC-ENCODING-BIG5,qbc_workbench.validation,tests/test_conformance.py,implemented,verified-by-test
D052,(術後) HER2,X：未檢驗 0：IHC 0 (negative or score 0) 1：IHC 1+(negative or score 1+) 2：IHC 2+(equivocal or score 2+) 3：IHC 3+(positive or score 3+),"TM02=1 AND DIAG_TYPE IN (1,2)",Big5 encodability | max length 1 | allowed value set | conditional requiredness | cross-field business rules,QBC-FORMAT-LENGTH,qbc_workbench.validation,tests/test_conformance.py,implemented,verified-by-test
D052,(術後) HER2,X：未檢驗 0：IHC 0 (negative or score 0) 1：IHC 1+(negative or score 1+) 2：IHC 2+(equivocal or score 2+) 3：IHC 3+(positive or score 3+),"TM02=1 AND DIAG_TYPE IN (1,2)",Big5 encodability | max length 1 | allowed value set | conditional requiredness | cross-field business rules,QBC-FORMAT-CODE,qbc_workbench.validation,tests/test_conformance.py,implemented,verified-by-test
D052,(術後) HER2,X：未檢驗 0：IHC 0 (negative or score 0) 1：IHC 1+(negative or score 1+) 2：IHC 2+(equivocal or score 2+) 3：IHC 3+(positive or score 3+),"TM02=1 AND DIAG_TYPE IN (1,2)",Big5 encodability | max length 1 | allowed value set | conditional requiredness | cross-field business rules,QBC-VALUESET,qbc_workbench.validation,tests/test_conformance.py,implemented,verified-by-test
D052,(術後) HER2,X：未檢驗 0：IHC 0 (negative or score 0) 1：IHC 1+(negative or score 1+) 2：IHC 2+(equivocal or score 2+) 3：IHC 3+(positive or score 3+),"TM02=1 AND DIAG_TYPE IN (1,2)",Big5 encodability | max length 1 | allowed value set | conditional requiredness | cross-field business rules,QBC-TM02-SURGERY-POSTOP-REQUIRED,qbc_workbench.validation,tests/test_conformance.py,implemented,needs-decision
D053,(術後) HER2：FISH,※「D052」為[2：IHC 2+(equivocal or score 2+)]時，才需填寫。 0：negative 1：positive,TM02=1 AND D052=2,Big5 encodability | max length 1 | allowed value set | conditional requiredness | cross-field business rules,QBC-ENCODING-BIG5,qbc_workbench.validation,tests/test_conformance.py,implemented,verified-by-test
D053,(術後) HER2：FISH,※「D052」為[2：IHC 2+(equivocal or score 2+)]時，才需填寫。 0：negative 1：positive,TM02=1 AND D052=2,Big5 encodability | max length 1 | allowed value set | conditional requiredness | cross-field business rules,QBC-FORMAT-LENGTH,qbc_workbench.validation,tests/test_conformance.py,implemented,verified-by-test
D053,(術後) HER2：FISH,※「D052」為[2：IHC 2+(equivocal or score 2+)]時，才需填寫。 0：negative 1：positive,TM02=1 AND D052=2,Big5 encodability | max length 1 | allowed value set | conditional requiredness | cross-field business rules,QBC-FORMAT-CODE,qbc_workbench.validation,tests/test_conformance.py,implemented,verified-by-test
D053,(術後) HER2：FISH,※「D052」為[2：IHC 2+(equivocal or score 2+)]時，才需填寫。 0：negative 1：positive,TM02=1 AND D052=2,Big5 encodability | max length 1 | allowed value set | conditional requiredness | cross-field business rules,QBC-VALUESET,qbc_workbench.validation,tests/test_conformance.py,implemented,verified-by-test
D053,(術後) HER2：FISH,※「D052」為[2：IHC 2+(equivocal or score 2+)]時，才需填寫。 0：negative 1：positive,TM02=1 AND D052=2,Big5 encodability | max length 1 | allowed value set | conditional requiredness | cross-field business rules,QBC-D053-HER2,qbc_workbench.validation,tests/test_conformance.py,implemented,verified-by-test
D054,(術後) Ki-67,0：未檢驗 1：有檢驗,"TM02=1 AND DIAG_TYPE IN (1,2)",Big5 encodability | max length 1 | allowed value set | conditional requiredness | cross-field business rules,QBC-ENCODING-BIG5,qbc_workbench.validation,tests/test_conformance.py,implemented,verified-by-test
D054,(術後) Ki-67,0：未檢驗 1：有檢驗,"TM02=1 AND DIAG_TYPE IN (1,2)",Big5 encodability | max length 1 | allowed value set | conditional requiredness | cross-field business rules,QBC-FORMAT-LENGTH,qbc_workbench.validation,tests/test_conformance.py,implemented,verified-by-test
D054,(術後) Ki-67,0：未檢驗 1：有檢驗,"TM02=1 AND DIAG_TYPE IN (1,2)",Big5 encodability | max length 1 | allowed value set | conditional requiredness | cross-field business rules,QBC-FORMAT-CODE,qbc_workbench.validation,tests/test_conformance.py,implemented,verified-by-test
D054,(術後) Ki-67,0：未檢驗 1：有檢驗,"TM02=1 AND DIAG_TYPE IN (1,2)",Big5 encodability | max length 1 | allowed value set | conditional requiredness | cross-field business rules,QBC-VALUESET,qbc_workbench.validation,tests/test_conformance.py,implemented,verified-by-test
D054,(術後) Ki-67,0：未檢驗 1：有檢驗,"TM02=1 AND DIAG_TYPE IN (1,2)",Big5 encodability | max length 1 | allowed value set | conditional requiredness | cross-field business rules,QBC-TM02-SURGERY-POSTOP-REQUIRED,qbc_workbench.validation,tests/test_conformance.py,implemented,needs-decision
D055,(術後) Ki-67 數值,※ 「D054」為[1：有檢驗]時，才需填寫。 填入範圍值：01-100 整數百分比(%),TM02=1 AND D054=1,Big5 encodability | max length 3 | integer format | numeric range | conditional requiredness | cross-field business rules,QBC-ENCODING-BIG5,qbc_workbench.validation,tests/test_conformance.py,implemented,verified-by-test
D055,(術後) Ki-67 數值,※ 「D054」為[1：有檢驗]時，才需填寫。 填入範圍值：01-100 整數百分比(%),TM02=1 AND D054=1,Big5 encodability | max length 3 | integer format | numeric range | conditional requiredness | cross-field business rules,QBC-FORMAT-LENGTH,qbc_workbench.validation,tests/test_conformance.py,implemented,verified-by-test
D055,(術後) Ki-67 數值,※ 「D054」為[1：有檢驗]時，才需填寫。 填入範圍值：01-100 整數百分比(%),TM02=1 AND D054=1,Big5 encodability | max length 3 | integer format | numeric range | conditional requiredness | cross-field business rules,QBC-FORMAT-INTEGER,qbc_workbench.validation,tests/test_conformance.py,implemented,verified-by-test
D055,(術後) Ki-67 數值,※ 「D054」為[1：有檢驗]時，才需填寫。 填入範圍值：01-100 整數百分比(%),TM02=1 AND D054=1,Big5 encodability | max length 3 | integer format | numeric range | conditional requiredness | cross-field business rules,QBC-FORMAT-RANGE,qbc_workbench.validation,tests/test_conformance.py,implemented,verified-by-test
D055,(術後) Ki-67 數值,※ 「D054」為[1：有檢驗]時，才需填寫。 填入範圍值：01-100 整數百分比(%),TM02=1 AND D054=1,Big5 encodability | max length 3 | integer format | numeric range | conditional requiredness | cross-field business rules,QBC-D055-KI67,qbc_workbench.validation,tests/test_conformance.py,implemented,verified-by-test
D056,(術後) BRCA 1/2,X：未檢驗 0：無突變 1：有突變,"TM02=1 AND DIAG_TYPE IN (1,2)",Big5 encodability | max length 1 | allowed value set | conditional requiredness | cross-field business rules,QBC-ENCODING-BIG5,qbc_workbench.validation,tests/test_conformance.py,implemented,verified-by-test
D056,(術後) BRCA 1/2,X：未檢驗 0：無突變 1：有突變,"TM02=1 AND DIAG_TYPE IN (1,2)",Big5 encodability | max length 1 | allowed value set | conditional requiredness | cross-field business rules,QBC-FORMAT-LENGTH,qbc_workbench.validation,tests/test_conformance.py,implemented,verified-by-test
D056,(術後) BRCA 1/2,X：未檢驗 0：無突變 1：有突變,"TM02=1 AND DIAG_TYPE IN (1,2)",Big5 encodability | max length 1 | allowed value set | conditional requiredness | cross-field business rules,QBC-FORMAT-CODE,qbc_workbench.validation,tests/test_conformance.py,implemented,verified-by-test
D056,(術後) BRCA 1/2,X：未檢驗 0：無突變 1：有突變,"TM02=1 AND DIAG_TYPE IN (1,2)",Big5 encodability | max length 1 | allowed value set | conditional requiredness | cross-field business rules,QBC-VALUESET,qbc_workbench.validation,tests/test_conformance.py,implemented,verified-by-test
D056,(術後) BRCA 1/2,X：未檢驗 0：無突變 1：有突變,"TM02=1 AND DIAG_TYPE IN (1,2)",Big5 encodability | max length 1 | allowed value set | conditional requiredness | cross-field business rules,QBC-TM02-SURGERY-POSTOP-REQUIRED,qbc_workbench.validation,tests/test_conformance.py,implemented,needs-decision
D057,(術後) PD-L1,X：未檢驗 0：陰性 1：陽性,"TM02=1 AND DIAG_TYPE IN (1,2)",Big5 encodability | max length 1 | allowed value set | conditional requiredness | cross-field business rules,QBC-ENCODING-BIG5,qbc_workbench.validation,tests/test_conformance.py,implemented,verified-by-test
D057,(術後) PD-L1,X：未檢驗 0：陰性 1：陽性,"TM02=1 AND DIAG_TYPE IN (1,2)",Big5 encodability | max length 1 | allowed value set | conditional requiredness | cross-field business rules,QBC-FORMAT-LENGTH,qbc_workbench.validation,tests/test_conformance.py,implemented,verified-by-test
D057,(術後) PD-L1,X：未檢驗 0：陰性 1：陽性,"TM02=1 AND DIAG_TYPE IN (1,2)",Big5 encodability | max length 1 | allowed value set | conditional requiredness | cross-field business rules,QBC-FORMAT-CODE,qbc_workbench.validation,tests/test_conformance.py,implemented,verified-by-test
D057,(術後) PD-L1,X：未檢驗 0：陰性 1：陽性,"TM02=1 AND DIAG_TYPE IN (1,2)",Big5 encodability | max length 1 | allowed value set | conditional requiredness | cross-field business rules,QBC-VALUESET,qbc_workbench.validation,tests/test_conformance.py,implemented,verified-by-test
D057,(術後) PD-L1,X：未檢驗 0：陰性 1：陽性,"TM02=1 AND DIAG_TYPE IN (1,2)",Big5 encodability | max length 1 | allowed value set | conditional requiredness | cross-field business rules,QBC-TM02-SURGERY-POSTOP-REQUIRED,qbc_workbench.validation,tests/test_conformance.py,implemented,needs-decision
D058,(復發) 診斷日期,固定8碼，西元年（YYYYMMDD），例如1980年12月6日，則填寫：19801206,DIAG_TYPE=3,Big5 encodability | max length 8 | date format | conditional requiredness | cross-field business rules,QBC-ENCODING-BIG5,qbc_workbench.validation,tests/test_conformance.py,implemented,verified-by-test
D058,(復發) 診斷日期,固定8碼，西元年（YYYYMMDD），例如1980年12月6日，則填寫：19801206,DIAG_TYPE=3,Big5 encodability | max length 8 | date format | conditional requiredness | cross-field business rules,QBC-FORMAT-LENGTH,qbc_workbench.validation,tests/test_conformance.py,implemented,verified-by-test
D058,(復發) 診斷日期,固定8碼，西元年（YYYYMMDD），例如1980年12月6日，則填寫：19801206,DIAG_TYPE=3,Big5 encodability | max length 8 | date format | conditional requiredness | cross-field business rules,QBC-FORMAT-DATE,qbc_workbench.validation,tests/test_conformance.py,implemented,verified-by-test
D058,(復發) 診斷日期,固定8碼，西元年（YYYYMMDD），例如1980年12月6日，則填寫：19801206,DIAG_TYPE=3,Big5 encodability | max length 8 | date format | conditional requiredness | cross-field business rules,QBC-DIAGTYPE3-RECURRENCE-REQUIRED,qbc_workbench.validation,tests/test_conformance.py,implemented,needs-decision
D059,(復發) 診斷院所,1：本院 2：他院,DIAG_TYPE=3,Big5 encodability | max length 1 | allowed value set | conditional requiredness | cross-field business rules,QBC-ENCODING-BIG5,qbc_workbench.validation,tests/test_conformance.py,implemented,verified-by-test
D059,(復發) 診斷院所,1：本院 2：他院,DIAG_TYPE=3,Big5 encodability | max length 1 | allowed value set | conditional requiredness | cross-field business rules,QBC-FORMAT-LENGTH,qbc_workbench.validation,tests/test_conformance.py,implemented,verified-by-test
D059,(復發) 診斷院所,1：本院 2：他院,DIAG_TYPE=3,Big5 encodability | max length 1 | allowed value set | conditional requiredness | cross-field business rules,QBC-FORMAT-CODE,qbc_workbench.validation,tests/test_conformance.py,implemented,verified-by-test
D059,(復發) 診斷院所,1：本院 2：他院,DIAG_TYPE=3,Big5 encodability | max length 1 | allowed value set | conditional requiredness | cross-field business rules,QBC-VALUESET,qbc_workbench.validation,tests/test_conformance.py,implemented,verified-by-test
D059,(復發) 診斷院所,1：本院 2：他院,DIAG_TYPE=3,Big5 encodability | max length 1 | allowed value set | conditional requiredness | cross-field business rules,QBC-DIAGTYPE3-RECURRENCE-REQUIRED,qbc_workbench.validation,tests/test_conformance.py,implemented,needs-decision
D060,(復發) 臨床期別 T,T0：No evidence of primary tumor Tis：(DCIS)*Ductal carcinoma in situ T1：腫瘤小於等於2公分 T2：腫瘤大於2公分，小於等於5公分 T3：腫瘤大於5公分 T4：腫瘤已侵犯至胸壁或是皮膚(潰瘍或結節)，發炎性乳癌 Tx：未知,DIAG_TYPE=3,Big5 encodability | max length 5 | allowed value set | conditional requiredness | cross-field business rules,QBC-ENCODING-BIG5,qbc_workbench.validation,tests/test_conformance.py,implemented,verified-by-test
D060,(復發) 臨床期別 T,T0：No evidence of primary tumor Tis：(DCIS)*Ductal carcinoma in situ T1：腫瘤小於等於2公分 T2：腫瘤大於2公分，小於等於5公分 T3：腫瘤大於5公分 T4：腫瘤已侵犯至胸壁或是皮膚(潰瘍或結節)，發炎性乳癌 Tx：未知,DIAG_TYPE=3,Big5 encodability | max length 5 | allowed value set | conditional requiredness | cross-field business rules,QBC-FORMAT-LENGTH,qbc_workbench.validation,tests/test_conformance.py,implemented,verified-by-test
D060,(復發) 臨床期別 T,T0：No evidence of primary tumor Tis：(DCIS)*Ductal carcinoma in situ T1：腫瘤小於等於2公分 T2：腫瘤大於2公分，小於等於5公分 T3：腫瘤大於5公分 T4：腫瘤已侵犯至胸壁或是皮膚(潰瘍或結節)，發炎性乳癌 Tx：未知,DIAG_TYPE=3,Big5 encodability | max length 5 | allowed value set | conditional requiredness | cross-field business rules,QBC-FORMAT-CODE,qbc_workbench.validation,tests/test_conformance.py,implemented,verified-by-test
D060,(復發) 臨床期別 T,T0：No evidence of primary tumor Tis：(DCIS)*Ductal carcinoma in situ T1：腫瘤小於等於2公分 T2：腫瘤大於2公分，小於等於5公分 T3：腫瘤大於5公分 T4：腫瘤已侵犯至胸壁或是皮膚(潰瘍或結節)，發炎性乳癌 Tx：未知,DIAG_TYPE=3,Big5 encodability | max length 5 | allowed value set | conditional requiredness | cross-field business rules,QBC-VALUESET,qbc_workbench.validation,tests/test_conformance.py,implemented,verified-by-test
D060,(復發) 臨床期別 T,T0：No evidence of primary tumor Tis：(DCIS)*Ductal carcinoma in situ T1：腫瘤小於等於2公分 T2：腫瘤大於2公分，小於等於5公分 T3：腫瘤大於5公分 T4：腫瘤已侵犯至胸壁或是皮膚(潰瘍或結節)，發炎性乳癌 Tx：未知,DIAG_TYPE=3,Big5 encodability | max length 5 | allowed value set | conditional requiredness | cross-field business rules,QBC-DIAGTYPE3-RECURRENCE-REQUIRED,qbc_workbench.validation,tests/test_conformance.py,implemented,needs-decision
D061,(復發) 臨床期別 N,N0：無區域淋巴結轉移（影像學或臨床檢查） N1mi：微小轉移(0.2-2mm) N1：轉移至同側可移動的 I、II 區腋窩淋巴結 N2：轉移至同側 I、II 區腋窩淋巴結，臨床表現為固定或融合；或轉移至同側內乳淋巴結，但無腋窩淋巴結轉移 N3：轉移至同側鎖骨下（III 區腋窩）淋巴結，伴或不伴 I、II 區腋窩淋巴結受累；或轉移至同側內乳淋巴結，伴隨 I、II 區腋窩淋巴結轉移；或同側鎖骨上淋巴結轉移，伴隨或不伴隨腋窩或內乳淋巴結受累 Nx：未知,DIAG_TYPE=3,Big5 encodability | max length 5 | allowed value set | conditional requiredness | cross-field business rules,QBC-ENCODING-BIG5,qbc_workbench.validation,tests/test_conformance.py,implemented,verified-by-test
D061,(復發) 臨床期別 N,N0：無區域淋巴結轉移（影像學或臨床檢查） N1mi：微小轉移(0.2-2mm) N1：轉移至同側可移動的 I、II 區腋窩淋巴結 N2：轉移至同側 I、II 區腋窩淋巴結，臨床表現為固定或融合；或轉移至同側內乳淋巴結，但無腋窩淋巴結轉移 N3：轉移至同側鎖骨下（III 區腋窩）淋巴結，伴或不伴 I、II 區腋窩淋巴結受累；或轉移至同側內乳淋巴結，伴隨 I、II 區腋窩淋巴結轉移；或同側鎖骨上淋巴結轉移，伴隨或不伴隨腋窩或內乳淋巴結受累 Nx：未知,DIAG_TYPE=3,Big5 encodability | max length 5 | allowed value set | conditional requiredness | cross-field business rules,QBC-FORMAT-LENGTH,qbc_workbench.validation,tests/test_conformance.py,implemented,verified-by-test
D061,(復發) 臨床期別 N,N0：無區域淋巴結轉移（影像學或臨床檢查） N1mi：微小轉移(0.2-2mm) N1：轉移至同側可移動的 I、II 區腋窩淋巴結 N2：轉移至同側 I、II 區腋窩淋巴結，臨床表現為固定或融合；或轉移至同側內乳淋巴結，但無腋窩淋巴結轉移 N3：轉移至同側鎖骨下（III 區腋窩）淋巴結，伴或不伴 I、II 區腋窩淋巴結受累；或轉移至同側內乳淋巴結，伴隨 I、II 區腋窩淋巴結轉移；或同側鎖骨上淋巴結轉移，伴隨或不伴隨腋窩或內乳淋巴結受累 Nx：未知,DIAG_TYPE=3,Big5 encodability | max length 5 | allowed value set | conditional requiredness | cross-field business rules,QBC-FORMAT-CODE,qbc_workbench.validation,tests/test_conformance.py,implemented,verified-by-test
D061,(復發) 臨床期別 N,N0：無區域淋巴結轉移（影像學或臨床檢查） N1mi：微小轉移(0.2-2mm) N1：轉移至同側可移動的 I、II 區腋窩淋巴結 N2：轉移至同側 I、II 區腋窩淋巴結，臨床表現為固定或融合；或轉移至同側內乳淋巴結，但無腋窩淋巴結轉移 N3：轉移至同側鎖骨下（III 區腋窩）淋巴結，伴或不伴 I、II 區腋窩淋巴結受累；或轉移至同側內乳淋巴結，伴隨 I、II 區腋窩淋巴結轉移；或同側鎖骨上淋巴結轉移，伴隨或不伴隨腋窩或內乳淋巴結受累 Nx：未知,DIAG_TYPE=3,Big5 encodability | max length 5 | allowed value set | conditional requiredness | cross-field business rules,QBC-VALUESET,qbc_workbench.validation,tests/test_conformance.py,implemented,verified-by-test
D061,(復發) 臨床期別 N,N0：無區域淋巴結轉移（影像學或臨床檢查） N1mi：微小轉移(0.2-2mm) N1：轉移至同側可移動的 I、II 區腋窩淋巴結 N2：轉移至同側 I、II 區腋窩淋巴結，臨床表現為固定或融合；或轉移至同側內乳淋巴結，但無腋窩淋巴結轉移 N3：轉移至同側鎖骨下（III 區腋窩）淋巴結，伴或不伴 I、II 區腋窩淋巴結受累；或轉移至同側內乳淋巴結，伴隨 I、II 區腋窩淋巴結轉移；或同側鎖骨上淋巴結轉移，伴隨或不伴隨腋窩或內乳淋巴結受累 Nx：未知,DIAG_TYPE=3,Big5 encodability | max length 5 | allowed value set | conditional requiredness | cross-field business rules,QBC-DIAGTYPE3-RECURRENCE-REQUIRED,qbc_workbench.validation,tests/test_conformance.py,implemented,needs-decision
D062,(復發) 臨床期別 M,M0：遠端器官沒有癌細胞轉移 M1：遠端器官有癌細胞轉移，例如腦、肝、肺等 Mx：未知,DIAG_TYPE=3,Big5 encodability | max length 5 | allowed value set | conditional requiredness | cross-field business rules,QBC-ENCODING-BIG5,qbc_workbench.validation,tests/test_conformance.py,implemented,verified-by-test
D062,(復發) 臨床期別 M,M0：遠端器官沒有癌細胞轉移 M1：遠端器官有癌細胞轉移，例如腦、肝、肺等 Mx：未知,DIAG_TYPE=3,Big5 encodability | max length 5 | allowed value set | conditional requiredness | cross-field business rules,QBC-FORMAT-LENGTH,qbc_workbench.validation,tests/test_conformance.py,implemented,verified-by-test
D062,(復發) 臨床期別 M,M0：遠端器官沒有癌細胞轉移 M1：遠端器官有癌細胞轉移，例如腦、肝、肺等 Mx：未知,DIAG_TYPE=3,Big5 encodability | max length 5 | allowed value set | conditional requiredness | cross-field business rules,QBC-FORMAT-CODE,qbc_workbench.validation,tests/test_conformance.py,implemented,verified-by-test
D062,(復發) 臨床期別 M,M0：遠端器官沒有癌細胞轉移 M1：遠端器官有癌細胞轉移，例如腦、肝、肺等 Mx：未知,DIAG_TYPE=3,Big5 encodability | max length 5 | allowed value set | conditional requiredness | cross-field business rules,QBC-VALUESET,qbc_workbench.validation,tests/test_conformance.py,implemented,verified-by-test
D062,(復發) 臨床期別 M,M0：遠端器官沒有癌細胞轉移 M1：遠端器官有癌細胞轉移，例如腦、肝、肺等 Mx：未知,DIAG_TYPE=3,Big5 encodability | max length 5 | allowed value set | conditional requiredness | cross-field business rules,QBC-DIAGTYPE3-RECURRENCE-REQUIRED,qbc_workbench.validation,tests/test_conformance.py,implemented,needs-decision
D063,(復發) 癌症臨床分期：TNM 計算結果,"預設為空白，由系統自動計算「D060」、「D061」、「D062」三欄英文代號值合併結果，若有對應下列的Stage，則由系統代入其對應的Stage，若無任何對應的Stage，則需自行填寫，不能空白。 e.g.「D060」填入[T4]，「D061」填入[N0]，「D062」填入[M0]，合併計算結果為［T4N0M0］，其所對應的Stage為「StageⅢB」，則系統將此欄位值自動代入［StageⅢB］ e.g.「D060」填入[T4]，「D061」填入[Nx]，「D062」填入[M0]，合併計算結果為［T4NxM0］，沒有對應的Stage則需由使用者自行填入值StageⅠ~Ⅳ。 ==================== Stage ================= Stage 0： ['TisN0M0'] StageⅠA：['T1N0M0'] StageⅠB：['T0N1miM0', 'T1N1miM0'] StageⅡA：['T2N0M0', 'T0N1M0', 'T1N1M0'] StageⅡB：['T3N0M0', 'T2N1M0'] StageⅢA：['T3N1M0', 'T3N2M0', 'T0N2M0', 'T1N2M0', 'T2N2M0'] StageⅢB：['T4N0M0', 'T4N1M0', 'T4N2M0'] StageⅢC：['anyTN3M0'] StageⅣ：['anyTanyNM1'] Stage X：['TxNxMx', 'TxNxM0']",DIAG_TYPE=3,Big5 encodability | max length 20 | conditional requiredness | cross-field business rules,QBC-ENCODING-BIG5,qbc_workbench.validation,tests/test_conformance.py,implemented,verified-by-test
D063,(復發) 癌症臨床分期：TNM 計算結果,"預設為空白，由系統自動計算「D060」、「D061」、「D062」三欄英文代號值合併結果，若有對應下列的Stage，則由系統代入其對應的Stage，若無任何對應的Stage，則需自行填寫，不能空白。 e.g.「D060」填入[T4]，「D061」填入[N0]，「D062」填入[M0]，合併計算結果為［T4N0M0］，其所對應的Stage為「StageⅢB」，則系統將此欄位值自動代入［StageⅢB］ e.g.「D060」填入[T4]，「D061」填入[Nx]，「D062」填入[M0]，合併計算結果為［T4NxM0］，沒有對應的Stage則需由使用者自行填入值StageⅠ~Ⅳ。 ==================== Stage ================= Stage 0： ['TisN0M0'] StageⅠA：['T1N0M0'] StageⅠB：['T0N1miM0', 'T1N1miM0'] StageⅡA：['T2N0M0', 'T0N1M0', 'T1N1M0'] StageⅡB：['T3N0M0', 'T2N1M0'] StageⅢA：['T3N1M0', 'T3N2M0', 'T0N2M0', 'T1N2M0', 'T2N2M0'] StageⅢB：['T4N0M0', 'T4N1M0', 'T4N2M0'] StageⅢC：['anyTN3M0'] StageⅣ：['anyTanyNM1'] Stage X：['TxNxMx', 'TxNxM0']",DIAG_TYPE=3,Big5 encodability | max length 20 | conditional requiredness | cross-field business rules,QBC-FORMAT-LENGTH,qbc_workbench.validation,tests/test_conformance.py,implemented,verified-by-test
D063,(復發) 癌症臨床分期：TNM 計算結果,"預設為空白，由系統自動計算「D060」、「D061」、「D062」三欄英文代號值合併結果，若有對應下列的Stage，則由系統代入其對應的Stage，若無任何對應的Stage，則需自行填寫，不能空白。 e.g.「D060」填入[T4]，「D061」填入[N0]，「D062」填入[M0]，合併計算結果為［T4N0M0］，其所對應的Stage為「StageⅢB」，則系統將此欄位值自動代入［StageⅢB］ e.g.「D060」填入[T4]，「D061」填入[Nx]，「D062」填入[M0]，合併計算結果為［T4NxM0］，沒有對應的Stage則需由使用者自行填入值StageⅠ~Ⅳ。 ==================== Stage ================= Stage 0： ['TisN0M0'] StageⅠA：['T1N0M0'] StageⅠB：['T0N1miM0', 'T1N1miM0'] StageⅡA：['T2N0M0', 'T0N1M0', 'T1N1M0'] StageⅡB：['T3N0M0', 'T2N1M0'] StageⅢA：['T3N1M0', 'T3N2M0', 'T0N2M0', 'T1N2M0', 'T2N2M0'] StageⅢB：['T4N0M0', 'T4N1M0', 'T4N2M0'] StageⅢC：['anyTN3M0'] StageⅣ：['anyTanyNM1'] Stage X：['TxNxMx', 'TxNxM0']",DIAG_TYPE=3,Big5 encodability | max length 20 | conditional requiredness | cross-field business rules,QBC-DIAGTYPE3-RECURRENCE-REQUIRED,qbc_workbench.validation,tests/test_conformance.py,implemented,needs-decision
D063,(復發) 癌症臨床分期：TNM 計算結果,"預設為空白，由系統自動計算「D060」、「D061」、「D062」三欄英文代號值合併結果，若有對應下列的Stage，則由系統代入其對應的Stage，若無任何對應的Stage，則需自行填寫，不能空白。 e.g.「D060」填入[T4]，「D061」填入[N0]，「D062」填入[M0]，合併計算結果為［T4N0M0］，其所對應的Stage為「StageⅢB」，則系統將此欄位值自動代入［StageⅢB］ e.g.「D060」填入[T4]，「D061」填入[Nx]，「D062」填入[M0]，合併計算結果為［T4NxM0］，沒有對應的Stage則需由使用者自行填入值StageⅠ~Ⅳ。 ==================== Stage ================= Stage 0： ['TisN0M0'] StageⅠA：['T1N0M0'] StageⅠB：['T0N1miM0', 'T1N1miM0'] StageⅡA：['T2N0M0', 'T0N1M0', 'T1N1M0'] StageⅡB：['T3N0M0', 'T2N1M0'] StageⅢA：['T3N1M0', 'T3N2M0', 'T0N2M0', 'T1N2M0', 'T2N2M0'] StageⅢB：['T4N0M0', 'T4N1M0', 'T4N2M0'] StageⅢC：['anyTN3M0'] StageⅣ：['anyTanyNM1'] Stage X：['TxNxMx', 'TxNxM0']",DIAG_TYPE=3,Big5 encodability | max length 20 | conditional requiredness | cross-field business rules,QBC-D063-TNM,qbc_workbench.validation,tests/test_conformance.py,implemented,verified-by-test
D064,(復發) 病理期別 T,T0：No evidence of primary tumor Tis：(DCIS)*Ductal carcinoma in situ T1：腫瘤小於等於2公分 T2：腫瘤大於2公分，小於等於5公分 T3：腫瘤大於5公分 T4：腫瘤已侵犯至胸壁或是皮膚(潰瘍或結節)，發炎性乳癌 Tx：未知,DIAG_TYPE=3,Big5 encodability | max length 5 | allowed value set | conditional requiredness | cross-field business rules,QBC-ENCODING-BIG5,qbc_workbench.validation,tests/test_conformance.py,implemented,verified-by-test
D064,(復發) 病理期別 T,T0：No evidence of primary tumor Tis：(DCIS)*Ductal carcinoma in situ T1：腫瘤小於等於2公分 T2：腫瘤大於2公分，小於等於5公分 T3：腫瘤大於5公分 T4：腫瘤已侵犯至胸壁或是皮膚(潰瘍或結節)，發炎性乳癌 Tx：未知,DIAG_TYPE=3,Big5 encodability | max length 5 | allowed value set | conditional requiredness | cross-field business rules,QBC-FORMAT-LENGTH,qbc_workbench.validation,tests/test_conformance.py,implemented,verified-by-test
D064,(復發) 病理期別 T,T0：No evidence of primary tumor Tis：(DCIS)*Ductal carcinoma in situ T1：腫瘤小於等於2公分 T2：腫瘤大於2公分，小於等於5公分 T3：腫瘤大於5公分 T4：腫瘤已侵犯至胸壁或是皮膚(潰瘍或結節)，發炎性乳癌 Tx：未知,DIAG_TYPE=3,Big5 encodability | max length 5 | allowed value set | conditional requiredness | cross-field business rules,QBC-FORMAT-CODE,qbc_workbench.validation,tests/test_conformance.py,implemented,verified-by-test
D064,(復發) 病理期別 T,T0：No evidence of primary tumor Tis：(DCIS)*Ductal carcinoma in situ T1：腫瘤小於等於2公分 T2：腫瘤大於2公分，小於等於5公分 T3：腫瘤大於5公分 T4：腫瘤已侵犯至胸壁或是皮膚(潰瘍或結節)，發炎性乳癌 Tx：未知,DIAG_TYPE=3,Big5 encodability | max length 5 | allowed value set | conditional requiredness | cross-field business rules,QBC-VALUESET,qbc_workbench.validation,tests/test_conformance.py,implemented,verified-by-test
D064,(復發) 病理期別 T,T0：No evidence of primary tumor Tis：(DCIS)*Ductal carcinoma in situ T1：腫瘤小於等於2公分 T2：腫瘤大於2公分，小於等於5公分 T3：腫瘤大於5公分 T4：腫瘤已侵犯至胸壁或是皮膚(潰瘍或結節)，發炎性乳癌 Tx：未知,DIAG_TYPE=3,Big5 encodability | max length 5 | allowed value set | conditional requiredness | cross-field business rules,QBC-DIAGTYPE3-RECURRENCE-REQUIRED,qbc_workbench.validation,tests/test_conformance.py,implemented,needs-decision
D065,(復發) 病理期別 N,N0：沒有淋巴結轉移 N1mi：微小轉移(0.2-2mm) N1：同側腋下淋巴結1~3顆有癌細胞轉移 N2：同側腋下淋巴結4~9顆有癌細胞轉移 N3：同側腋下淋巴結大於等於10顆有癌細胞轉移 Nx：未知,DIAG_TYPE=3,Big5 encodability | max length 5 | allowed value set | conditional requiredness | cross-field business rules,QBC-ENCODING-BIG5,qbc_workbench.validation,tests/test_conformance.py,implemented,verified-by-test
D065,(復發) 病理期別 N,N0：沒有淋巴結轉移 N1mi：微小轉移(0.2-2mm) N1：同側腋下淋巴結1~3顆有癌細胞轉移 N2：同側腋下淋巴結4~9顆有癌細胞轉移 N3：同側腋下淋巴結大於等於10顆有癌細胞轉移 Nx：未知,DIAG_TYPE=3,Big5 encodability | max length 5 | allowed value set | conditional requiredness | cross-field business rules,QBC-FORMAT-LENGTH,qbc_workbench.validation,tests/test_conformance.py,implemented,verified-by-test
D065,(復發) 病理期別 N,N0：沒有淋巴結轉移 N1mi：微小轉移(0.2-2mm) N1：同側腋下淋巴結1~3顆有癌細胞轉移 N2：同側腋下淋巴結4~9顆有癌細胞轉移 N3：同側腋下淋巴結大於等於10顆有癌細胞轉移 Nx：未知,DIAG_TYPE=3,Big5 encodability | max length 5 | allowed value set | conditional requiredness | cross-field business rules,QBC-FORMAT-CODE,qbc_workbench.validation,tests/test_conformance.py,implemented,verified-by-test
D065,(復發) 病理期別 N,N0：沒有淋巴結轉移 N1mi：微小轉移(0.2-2mm) N1：同側腋下淋巴結1~3顆有癌細胞轉移 N2：同側腋下淋巴結4~9顆有癌細胞轉移 N3：同側腋下淋巴結大於等於10顆有癌細胞轉移 Nx：未知,DIAG_TYPE=3,Big5 encodability | max length 5 | allowed value set | conditional requiredness | cross-field business rules,QBC-VALUESET,qbc_workbench.validation,tests/test_conformance.py,implemented,verified-by-test
D065,(復發) 病理期別 N,N0：沒有淋巴結轉移 N1mi：微小轉移(0.2-2mm) N1：同側腋下淋巴結1~3顆有癌細胞轉移 N2：同側腋下淋巴結4~9顆有癌細胞轉移 N3：同側腋下淋巴結大於等於10顆有癌細胞轉移 Nx：未知,DIAG_TYPE=3,Big5 encodability | max length 5 | allowed value set | conditional requiredness | cross-field business rules,QBC-DIAGTYPE3-RECURRENCE-REQUIRED,qbc_workbench.validation,tests/test_conformance.py,implemented,needs-decision
D066,(復發) 病理期別 M,M0：遠端器官沒有癌細胞轉移 M1：遠端器官有癌細胞轉移，例如腦、肝、肺等 Mx：未知,DIAG_TYPE=3,Big5 encodability | max length 5 | allowed value set | conditional requiredness | cross-field business rules,QBC-ENCODING-BIG5,qbc_workbench.validation,tests/test_conformance.py,implemented,verified-by-test
D066,(復發) 病理期別 M,M0：遠端器官沒有癌細胞轉移 M1：遠端器官有癌細胞轉移，例如腦、肝、肺等 Mx：未知,DIAG_TYPE=3,Big5 encodability | max length 5 | allowed value set | conditional requiredness | cross-field business rules,QBC-FORMAT-LENGTH,qbc_workbench.validation,tests/test_conformance.py,implemented,verified-by-test
D066,(復發) 病理期別 M,M0：遠端器官沒有癌細胞轉移 M1：遠端器官有癌細胞轉移，例如腦、肝、肺等 Mx：未知,DIAG_TYPE=3,Big5 encodability | max length 5 | allowed value set | conditional requiredness | cross-field business rules,QBC-FORMAT-CODE,qbc_workbench.validation,tests/test_conformance.py,implemented,verified-by-test
D066,(復發) 病理期別 M,M0：遠端器官沒有癌細胞轉移 M1：遠端器官有癌細胞轉移，例如腦、肝、肺等 Mx：未知,DIAG_TYPE=3,Big5 encodability | max length 5 | allowed value set | conditional requiredness | cross-field business rules,QBC-VALUESET,qbc_workbench.validation,tests/test_conformance.py,implemented,verified-by-test
D066,(復發) 病理期別 M,M0：遠端器官沒有癌細胞轉移 M1：遠端器官有癌細胞轉移，例如腦、肝、肺等 Mx：未知,DIAG_TYPE=3,Big5 encodability | max length 5 | allowed value set | conditional requiredness | cross-field business rules,QBC-DIAGTYPE3-RECURRENCE-REQUIRED,qbc_workbench.validation,tests/test_conformance.py,implemented,needs-decision
D067,(復發) 癌症病理分期：TNM 計算結果,"預設為空白，由系統自動計算「D064」、「D065」、「D066」三欄英文代號值合併計算結果，若有對應下列的Stage，則由系統代入其對應的Stage，若無任何對應的Stage，則需自行填寫，不能空白。 e.g.「D0064」填入[T4]，「D0065」填入[N0]，「D0066」填入[M0]，合併計算結果為［T4N0M0］，其所對應的Stage為「StageⅢB」，則系統將此欄位值自動代入［StageⅢB］ e.g.「D0064」填入[T4]，「D0065」填入[Nx]，「D0066」填入[M0]，合併計算結果為［T4NxM0］，沒有對應的Stage則需由使用者自行填入值StageⅠ~Ⅳ。 ==================== Stage ================= Stage 0：['TisN0M0'] StageⅠA：['T1N0M0'] StageⅠB：['T0N1miM0', 'T1N1miM0'] StageⅡA：['T2N0M0', 'T0N1M0', 'T1N1M0'] StageⅡB：['T3N0M0', 'T2N1M0'] StageⅢA：['T3N1M0', 'T3N2M0', 'T0N2M0', 'T1N2M0', 'T2N2M0'] StageⅢB：['T4N0M0', 'T4N1M0', 'T4N2M0'] StageⅢC：['anyTN3M0'] StageⅣ：['anyTanyNM1'] Stage X：['TxNxMx', 'TxNxM0']",DIAG_TYPE=3,Big5 encodability | max length 20 | conditional requiredness | cross-field business rules,QBC-ENCODING-BIG5,qbc_workbench.validation,tests/test_conformance.py,implemented,verified-by-test
D067,(復發) 癌症病理分期：TNM 計算結果,"預設為空白，由系統自動計算「D064」、「D065」、「D066」三欄英文代號值合併計算結果，若有對應下列的Stage，則由系統代入其對應的Stage，若無任何對應的Stage，則需自行填寫，不能空白。 e.g.「D0064」填入[T4]，「D0065」填入[N0]，「D0066」填入[M0]，合併計算結果為［T4N0M0］，其所對應的Stage為「StageⅢB」，則系統將此欄位值自動代入［StageⅢB］ e.g.「D0064」填入[T4]，「D0065」填入[Nx]，「D0066」填入[M0]，合併計算結果為［T4NxM0］，沒有對應的Stage則需由使用者自行填入值StageⅠ~Ⅳ。 ==================== Stage ================= Stage 0：['TisN0M0'] StageⅠA：['T1N0M0'] StageⅠB：['T0N1miM0', 'T1N1miM0'] StageⅡA：['T2N0M0', 'T0N1M0', 'T1N1M0'] StageⅡB：['T3N0M0', 'T2N1M0'] StageⅢA：['T3N1M0', 'T3N2M0', 'T0N2M0', 'T1N2M0', 'T2N2M0'] StageⅢB：['T4N0M0', 'T4N1M0', 'T4N2M0'] StageⅢC：['anyTN3M0'] StageⅣ：['anyTanyNM1'] Stage X：['TxNxMx', 'TxNxM0']",DIAG_TYPE=3,Big5 encodability | max length 20 | conditional requiredness | cross-field business rules,QBC-FORMAT-LENGTH,qbc_workbench.validation,tests/test_conformance.py,implemented,verified-by-test
D067,(復發) 癌症病理分期：TNM 計算結果,"預設為空白，由系統自動計算「D064」、「D065」、「D066」三欄英文代號值合併計算結果，若有對應下列的Stage，則由系統代入其對應的Stage，若無任何對應的Stage，則需自行填寫，不能空白。 e.g.「D0064」填入[T4]，「D0065」填入[N0]，「D0066」填入[M0]，合併計算結果為［T4N0M0］，其所對應的Stage為「StageⅢB」，則系統將此欄位值自動代入［StageⅢB］ e.g.「D0064」填入[T4]，「D0065」填入[Nx]，「D0066」填入[M0]，合併計算結果為［T4NxM0］，沒有對應的Stage則需由使用者自行填入值StageⅠ~Ⅳ。 ==================== Stage ================= Stage 0：['TisN0M0'] StageⅠA：['T1N0M0'] StageⅠB：['T0N1miM0', 'T1N1miM0'] StageⅡA：['T2N0M0', 'T0N1M0', 'T1N1M0'] StageⅡB：['T3N0M0', 'T2N1M0'] StageⅢA：['T3N1M0', 'T3N2M0', 'T0N2M0', 'T1N2M0', 'T2N2M0'] StageⅢB：['T4N0M0', 'T4N1M0', 'T4N2M0'] StageⅢC：['anyTN3M0'] StageⅣ：['anyTanyNM1'] Stage X：['TxNxMx', 'TxNxM0']",DIAG_TYPE=3,Big5 encodability | max length 20 | conditional requiredness | cross-field business rules,QBC-DIAGTYPE3-RECURRENCE-REQUIRED,qbc_workbench.validation,tests/test_conformance.py,implemented,needs-decision
D067,(復發) 癌症病理分期：TNM 計算結果,"預設為空白，由系統自動計算「D064」、「D065」、「D066」三欄英文代號值合併計算結果，若有對應下列的Stage，則由系統代入其對應的Stage，若無任何對應的Stage，則需自行填寫，不能空白。 e.g.「D0064」填入[T4]，「D0065」填入[N0]，「D0066」填入[M0]，合併計算結果為［T4N0M0］，其所對應的Stage為「StageⅢB」，則系統將此欄位值自動代入［StageⅢB］ e.g.「D0064」填入[T4]，「D0065」填入[Nx]，「D0066」填入[M0]，合併計算結果為［T4NxM0］，沒有對應的Stage則需由使用者自行填入值StageⅠ~Ⅳ。 ==================== Stage ================= Stage 0：['TisN0M0'] StageⅠA：['T1N0M0'] StageⅠB：['T0N1miM0', 'T1N1miM0'] StageⅡA：['T2N0M0', 'T0N1M0', 'T1N1M0'] StageⅡB：['T3N0M0', 'T2N1M0'] StageⅢA：['T3N1M0', 'T3N2M0', 'T0N2M0', 'T1N2M0', 'T2N2M0'] StageⅢB：['T4N0M0', 'T4N1M0', 'T4N2M0'] StageⅢC：['anyTN3M0'] StageⅣ：['anyTanyNM1'] Stage X：['TxNxMx', 'TxNxM0']",DIAG_TYPE=3,Big5 encodability | max length 20 | conditional requiredness | cross-field business rules,QBC-D067-TNM,qbc_workbench.validation,tests/test_conformance.py,implemented,verified-by-test
D068,(復發) 復發位置,"※ 填入代碼，可複選 ※ 複選以逗點相隔 e.g. 1,5,10,11,12 (以半形英文逗號「,」連接數字) 1：乳房(局部復發) 2：遠端淋巴 3：皮膚 4：骨 5：肝 6：肺 7：腦 8：骨髓 9：胸膜 10：腹膜 11：腎上腺 12：對側腋下淋巴 13：其他",DIAG_TYPE=3,Big5 encodability | max length 30 | code-list format | allowed value set | conditional requiredness | cross-field business rules,QBC-ENCODING-BIG5,qbc_workbench.validation,tests/test_conformance.py,implemented,verified-by-test
D068,(復發) 復發位置,"※ 填入代碼，可複選 ※ 複選以逗點相隔 e.g. 1,5,10,11,12 (以半形英文逗號「,」連接數字) 1：乳房(局部復發) 2：遠端淋巴 3：皮膚 4：骨 5：肝 6：肺 7：腦 8：骨髓 9：胸膜 10：腹膜 11：腎上腺 12：對側腋下淋巴 13：其他",DIAG_TYPE=3,Big5 encodability | max length 30 | code-list format | allowed value set | conditional requiredness | cross-field business rules,QBC-FORMAT-LENGTH,qbc_workbench.validation,tests/test_conformance.py,implemented,verified-by-test
D068,(復發) 復發位置,"※ 填入代碼，可複選 ※ 複選以逗點相隔 e.g. 1,5,10,11,12 (以半形英文逗號「,」連接數字) 1：乳房(局部復發) 2：遠端淋巴 3：皮膚 4：骨 5：肝 6：肺 7：腦 8：骨髓 9：胸膜 10：腹膜 11：腎上腺 12：對側腋下淋巴 13：其他",DIAG_TYPE=3,Big5 encodability | max length 30 | code-list format | allowed value set | conditional requiredness | cross-field business rules,QBC-FORMAT-CODE-LIST,qbc_workbench.validation,tests/test_conformance.py,implemented,verified-by-test
D068,(復發) 復發位置,"※ 填入代碼，可複選 ※ 複選以逗點相隔 e.g. 1,5,10,11,12 (以半形英文逗號「,」連接數字) 1：乳房(局部復發) 2：遠端淋巴 3：皮膚 4：骨 5：肝 6：肺 7：腦 8：骨髓 9：胸膜 10：腹膜 11：腎上腺 12：對側腋下淋巴 13：其他",DIAG_TYPE=3,Big5 encodability | max length 30 | code-list format | allowed value set | conditional requiredness | cross-field business rules,QBC-VALUESET,qbc_workbench.validation,tests/test_conformance.py,implemented,verified-by-test
D068,(復發) 復發位置,"※ 填入代碼，可複選 ※ 複選以逗點相隔 e.g. 1,5,10,11,12 (以半形英文逗號「,」連接數字) 1：乳房(局部復發) 2：遠端淋巴 3：皮膚 4：骨 5：肝 6：肺 7：腦 8：骨髓 9：胸膜 10：腹膜 11：腎上腺 12：對側腋下淋巴 13：其他",DIAG_TYPE=3,Big5 encodability | max length 30 | code-list format | allowed value set | conditional requiredness | cross-field business rules,QBC-DIAGTYPE3-RECURRENCE-REQUIRED,qbc_workbench.validation,tests/test_conformance.py,implemented,needs-decision
D068,(復發) 復發位置,"※ 填入代碼，可複選 ※ 複選以逗點相隔 e.g. 1,5,10,11,12 (以半形英文逗號「,」連接數字) 1：乳房(局部復發) 2：遠端淋巴 3：皮膚 4：骨 5：肝 6：肺 7：腦 8：骨髓 9：胸膜 10：腹膜 11：腎上腺 12：對側腋下淋巴 13：其他",DIAG_TYPE=3,Big5 encodability | max length 30 | code-list format | allowed value set | conditional requiredness | cross-field business rules,QBC-D068-RECURRENCE,qbc_workbench.validation,tests/test_conformance.py,implemented,verified-by-test
D069,(復發) 復發位置：其他,※ (復發) 復發位置「D068」選項包含「13：其他」，才需填寫 內容自訂，文字格式,DIAG_TYPE=3 AND D068 CONTAINS 13,Big5 encodability | max length 200 | conditional requiredness | cross-field business rules,QBC-ENCODING-BIG5,qbc_workbench.validation,tests/test_conformance.py,implemented,verified-by-test
D069,(復發) 復發位置：其他,※ (復發) 復發位置「D068」選項包含「13：其他」，才需填寫 內容自訂，文字格式,DIAG_TYPE=3 AND D068 CONTAINS 13,Big5 encodability | max length 200 | conditional requiredness | cross-field business rules,QBC-FORMAT-LENGTH,qbc_workbench.validation,tests/test_conformance.py,implemented,verified-by-test
D069,(復發) 復發位置：其他,※ (復發) 復發位置「D068」選項包含「13：其他」，才需填寫 內容自訂，文字格式,DIAG_TYPE=3 AND D068 CONTAINS 13,Big5 encodability | max length 200 | conditional requiredness | cross-field business rules,QBC-D069-OTHER,qbc_workbench.validation,tests/test_conformance.py,implemented,verified-by-test
D070,(復發) 哨兵淋巴結,X：未檢驗 0：陰性 1：陽性,DIAG_TYPE=3,Big5 encodability | max length 1 | allowed value set | conditional requiredness | cross-field business rules,QBC-ENCODING-BIG5,qbc_workbench.validation,tests/test_conformance.py,implemented,verified-by-test
D070,(復發) 哨兵淋巴結,X：未檢驗 0：陰性 1：陽性,DIAG_TYPE=3,Big5 encodability | max length 1 | allowed value set | conditional requiredness | cross-field business rules,QBC-FORMAT-LENGTH,qbc_workbench.validation,tests/test_conformance.py,implemented,verified-by-test
D070,(復發) 哨兵淋巴結,X：未檢驗 0：陰性 1：陽性,DIAG_TYPE=3,Big5 encodability | max length 1 | allowed value set | conditional requiredness | cross-field business rules,QBC-FORMAT-CODE,qbc_workbench.validation,tests/test_conformance.py,implemented,verified-by-test
D070,(復發) 哨兵淋巴結,X：未檢驗 0：陰性 1：陽性,DIAG_TYPE=3,Big5 encodability | max length 1 | allowed value set | conditional requiredness | cross-field business rules,QBC-VALUESET,qbc_workbench.validation,tests/test_conformance.py,implemented,verified-by-test
D070,(復發) 哨兵淋巴結,X：未檢驗 0：陰性 1：陽性,DIAG_TYPE=3,Big5 encodability | max length 1 | allowed value set | conditional requiredness | cross-field business rules,QBC-DIAGTYPE3-RECURRENCE-REQUIRED,qbc_workbench.validation,tests/test_conformance.py,implemented,needs-decision
D071,(復發) 哨兵淋巴結：陽性顆數,※「D070」為「1：陽性」時，必填。 填入範圍值：1-99,DIAG_TYPE=3 AND D070=1,Big5 encodability | max length 2 | integer format | numeric range | conditional requiredness | cross-field business rules,QBC-ENCODING-BIG5,qbc_workbench.validation,tests/test_conformance.py,implemented,verified-by-test
D071,(復發) 哨兵淋巴結：陽性顆數,※「D070」為「1：陽性」時，必填。 填入範圍值：1-99,DIAG_TYPE=3 AND D070=1,Big5 encodability | max length 2 | integer format | numeric range | conditional requiredness | cross-field business rules,QBC-FORMAT-LENGTH,qbc_workbench.validation,tests/test_conformance.py,implemented,verified-by-test
D071,(復發) 哨兵淋巴結：陽性顆數,※「D070」為「1：陽性」時，必填。 填入範圍值：1-99,DIAG_TYPE=3 AND D070=1,Big5 encodability | max length 2 | integer format | numeric range | conditional requiredness | cross-field business rules,QBC-FORMAT-INTEGER,qbc_workbench.validation,tests/test_conformance.py,implemented,verified-by-test
D071,(復發) 哨兵淋巴結：陽性顆數,※「D070」為「1：陽性」時，必填。 填入範圍值：1-99,DIAG_TYPE=3 AND D070=1,Big5 encodability | max length 2 | integer format | numeric range | conditional requiredness | cross-field business rules,QBC-FORMAT-RANGE,qbc_workbench.validation,tests/test_conformance.py,implemented,verified-by-test
D071,(復發) 哨兵淋巴結：陽性顆數,※「D070」為「1：陽性」時，必填。 填入範圍值：1-99,DIAG_TYPE=3 AND D070=1,Big5 encodability | max length 2 | integer format | numeric range | conditional requiredness | cross-field business rules,QBC-D071-SENTINEL,qbc_workbench.validation,tests/test_conformance.py,implemented,verified-by-test
D072,(復發) 哨兵淋巴結：哨兵淋巴結顆數,※「D070」為「0：陰性」或「1：陽性」時，必填。 填入範圍值：1-99,"DIAG_TYPE=3 AND D070 IN (0,1)",Big5 encodability | max length 2 | integer format | numeric range | conditional requiredness | cross-field business rules,QBC-ENCODING-BIG5,qbc_workbench.validation,tests/test_conformance.py,implemented,verified-by-test
D072,(復發) 哨兵淋巴結：哨兵淋巴結顆數,※「D070」為「0：陰性」或「1：陽性」時，必填。 填入範圍值：1-99,"DIAG_TYPE=3 AND D070 IN (0,1)",Big5 encodability | max length 2 | integer format | numeric range | conditional requiredness | cross-field business rules,QBC-FORMAT-LENGTH,qbc_workbench.validation,tests/test_conformance.py,implemented,verified-by-test
D072,(復發) 哨兵淋巴結：哨兵淋巴結顆數,※「D070」為「0：陰性」或「1：陽性」時，必填。 填入範圍值：1-99,"DIAG_TYPE=3 AND D070 IN (0,1)",Big5 encodability | max length 2 | integer format | numeric range | conditional requiredness | cross-field business rules,QBC-FORMAT-INTEGER,qbc_workbench.validation,tests/test_conformance.py,implemented,verified-by-test
D072,(復發) 哨兵淋巴結：哨兵淋巴結顆數,※「D070」為「0：陰性」或「1：陽性」時，必填。 填入範圍值：1-99,"DIAG_TYPE=3 AND D070 IN (0,1)",Big5 encodability | max length 2 | integer format | numeric range | conditional requiredness | cross-field business rules,QBC-FORMAT-RANGE,qbc_workbench.validation,tests/test_conformance.py,implemented,verified-by-test
D072,(復發) 哨兵淋巴結：哨兵淋巴結顆數,※「D070」為「0：陰性」或「1：陽性」時，必填。 填入範圍值：1-99,"DIAG_TYPE=3 AND D070 IN (0,1)",Big5 encodability | max length 2 | integer format | numeric range | conditional requiredness | cross-field business rules,QBC-D072-SENTINEL,qbc_workbench.validation,tests/test_conformance.py,implemented,verified-by-test
D073,(復發) 腋下淋巴結,X：未檢驗 0：陰性 1：陽性,DIAG_TYPE=3,Big5 encodability | max length 1 | allowed value set | conditional requiredness | cross-field business rules,QBC-ENCODING-BIG5,qbc_workbench.validation,tests/test_conformance.py,implemented,verified-by-test
D073,(復發) 腋下淋巴結,X：未檢驗 0：陰性 1：陽性,DIAG_TYPE=3,Big5 encodability | max length 1 | allowed value set | conditional requiredness | cross-field business rules,QBC-FORMAT-LENGTH,qbc_workbench.validation,tests/test_conformance.py,implemented,verified-by-test
D073,(復發) 腋下淋巴結,X：未檢驗 0：陰性 1：陽性,DIAG_TYPE=3,Big5 encodability | max length 1 | allowed value set | conditional requiredness | cross-field business rules,QBC-FORMAT-CODE,qbc_workbench.validation,tests/test_conformance.py,implemented,verified-by-test
D073,(復發) 腋下淋巴結,X：未檢驗 0：陰性 1：陽性,DIAG_TYPE=3,Big5 encodability | max length 1 | allowed value set | conditional requiredness | cross-field business rules,QBC-VALUESET,qbc_workbench.validation,tests/test_conformance.py,implemented,verified-by-test
D073,(復發) 腋下淋巴結,X：未檢驗 0：陰性 1：陽性,DIAG_TYPE=3,Big5 encodability | max length 1 | allowed value set | conditional requiredness | cross-field business rules,QBC-DIAGTYPE3-RECURRENCE-REQUIRED,qbc_workbench.validation,tests/test_conformance.py,implemented,needs-decision
D074,(復發) 腋下淋巴結：陽性顆數,※「D073」為「1：陽性」時，必填。 填入範圍值：1-99,DIAG_TYPE=3 AND D073=1,Big5 encodability | max length 2 | integer format | numeric range | conditional requiredness | cross-field business rules,QBC-ENCODING-BIG5,qbc_workbench.validation,tests/test_conformance.py,implemented,verified-by-test
D074,(復發) 腋下淋巴結：陽性顆數,※「D073」為「1：陽性」時，必填。 填入範圍值：1-99,DIAG_TYPE=3 AND D073=1,Big5 encodability | max length 2 | integer format | numeric range | conditional requiredness | cross-field business rules,QBC-FORMAT-LENGTH,qbc_workbench.validation,tests/test_conformance.py,implemented,verified-by-test
D074,(復發) 腋下淋巴結：陽性顆數,※「D073」為「1：陽性」時，必填。 填入範圍值：1-99,DIAG_TYPE=3 AND D073=1,Big5 encodability | max length 2 | integer format | numeric range | conditional requiredness | cross-field business rules,QBC-FORMAT-INTEGER,qbc_workbench.validation,tests/test_conformance.py,implemented,verified-by-test
D074,(復發) 腋下淋巴結：陽性顆數,※「D073」為「1：陽性」時，必填。 填入範圍值：1-99,DIAG_TYPE=3 AND D073=1,Big5 encodability | max length 2 | integer format | numeric range | conditional requiredness | cross-field business rules,QBC-FORMAT-RANGE,qbc_workbench.validation,tests/test_conformance.py,implemented,verified-by-test
D074,(復發) 腋下淋巴結：陽性顆數,※「D073」為「1：陽性」時，必填。 填入範圍值：1-99,DIAG_TYPE=3 AND D073=1,Big5 encodability | max length 2 | integer format | numeric range | conditional requiredness | cross-field business rules,QBC-D074-AXILLARY,qbc_workbench.validation,tests/test_conformance.py,implemented,verified-by-test
D075,(復發) 腋下淋巴結：腋下淋巴結顆數,※ 「D073」為「0：陰性」或「1：陽性」時，必填。 填入範圍值：1-99,"DIAG_TYPE=3 AND D073 IN (0,1)",Big5 encodability | max length 2 | integer format | numeric range | conditional requiredness | cross-field business rules,QBC-ENCODING-BIG5,qbc_workbench.validation,tests/test_conformance.py,implemented,verified-by-test
D075,(復發) 腋下淋巴結：腋下淋巴結顆數,※ 「D073」為「0：陰性」或「1：陽性」時，必填。 填入範圍值：1-99,"DIAG_TYPE=3 AND D073 IN (0,1)",Big5 encodability | max length 2 | integer format | numeric range | conditional requiredness | cross-field business rules,QBC-FORMAT-LENGTH,qbc_workbench.validation,tests/test_conformance.py,implemented,verified-by-test
D075,(復發) 腋下淋巴結：腋下淋巴結顆數,※ 「D073」為「0：陰性」或「1：陽性」時，必填。 填入範圍值：1-99,"DIAG_TYPE=3 AND D073 IN (0,1)",Big5 encodability | max length 2 | integer format | numeric range | conditional requiredness | cross-field business rules,QBC-FORMAT-INTEGER,qbc_workbench.validation,tests/test_conformance.py,implemented,verified-by-test
D075,(復發) 腋下淋巴結：腋下淋巴結顆數,※ 「D073」為「0：陰性」或「1：陽性」時，必填。 填入範圍值：1-99,"DIAG_TYPE=3 AND D073 IN (0,1)",Big5 encodability | max length 2 | integer format | numeric range | conditional requiredness | cross-field business rules,QBC-FORMAT-RANGE,qbc_workbench.validation,tests/test_conformance.py,implemented,verified-by-test
D075,(復發) 腋下淋巴結：腋下淋巴結顆數,※ 「D073」為「0：陰性」或「1：陽性」時，必填。 填入範圍值：1-99,"DIAG_TYPE=3 AND D073 IN (0,1)",Big5 encodability | max length 2 | integer format | numeric range | conditional requiredness | cross-field business rules,QBC-D075-AXILLARY,qbc_workbench.validation,tests/test_conformance.py,implemented,verified-by-test
D076,(復發) ER,X：未檢驗 0：陰性 1：陽性,DIAG_TYPE=3,Big5 encodability | max length 1 | allowed value set | conditional requiredness | cross-field business rules,QBC-ENCODING-BIG5,qbc_workbench.validation,tests/test_conformance.py,implemented,verified-by-test
D076,(復發) ER,X：未檢驗 0：陰性 1：陽性,DIAG_TYPE=3,Big5 encodability | max length 1 | allowed value set | conditional requiredness | cross-field business rules,QBC-FORMAT-LENGTH,qbc_workbench.validation,tests/test_conformance.py,implemented,verified-by-test
D076,(復發) ER,X：未檢驗 0：陰性 1：陽性,DIAG_TYPE=3,Big5 encodability | max length 1 | allowed value set | conditional requiredness | cross-field business rules,QBC-FORMAT-CODE,qbc_workbench.validation,tests/test_conformance.py,implemented,verified-by-test
D076,(復發) ER,X：未檢驗 0：陰性 1：陽性,DIAG_TYPE=3,Big5 encodability | max length 1 | allowed value set | conditional requiredness | cross-field business rules,QBC-VALUESET,qbc_workbench.validation,tests/test_conformance.py,implemented,verified-by-test
D076,(復發) ER,X：未檢驗 0：陰性 1：陽性,DIAG_TYPE=3,Big5 encodability | max length 1 | allowed value set | conditional requiredness | cross-field business rules,QBC-DIAGTYPE3-RECURRENCE-REQUIRED,qbc_workbench.validation,tests/test_conformance.py,implemented,needs-decision
D077,(復發) ER 數值,※「D076」為「1：陽性」時，才需填寫。 填入範圍值：01-100 整數百分比(%),DIAG_TYPE=3 AND D076=1,Big5 encodability | max length 3 | integer format | numeric range | conditional requiredness | cross-field business rules,QBC-ENCODING-BIG5,qbc_workbench.validation,tests/test_conformance.py,implemented,verified-by-test
D077,(復發) ER 數值,※「D076」為「1：陽性」時，才需填寫。 填入範圍值：01-100 整數百分比(%),DIAG_TYPE=3 AND D076=1,Big5 encodability | max length 3 | integer format | numeric range | conditional requiredness | cross-field business rules,QBC-FORMAT-LENGTH,qbc_workbench.validation,tests/test_conformance.py,implemented,verified-by-test
D077,(復發) ER 數值,※「D076」為「1：陽性」時，才需填寫。 填入範圍值：01-100 整數百分比(%),DIAG_TYPE=3 AND D076=1,Big5 encodability | max length 3 | integer format | numeric range | conditional requiredness | cross-field business rules,QBC-FORMAT-INTEGER,qbc_workbench.validation,tests/test_conformance.py,implemented,verified-by-test
D077,(復發) ER 數值,※「D076」為「1：陽性」時，才需填寫。 填入範圍值：01-100 整數百分比(%),DIAG_TYPE=3 AND D076=1,Big5 encodability | max length 3 | integer format | numeric range | conditional requiredness | cross-field business rules,QBC-FORMAT-RANGE,qbc_workbench.validation,tests/test_conformance.py,implemented,verified-by-test
D077,(復發) ER 數值,※「D076」為「1：陽性」時，才需填寫。 填入範圍值：01-100 整數百分比(%),DIAG_TYPE=3 AND D076=1,Big5 encodability | max length 3 | integer format | numeric range | conditional requiredness | cross-field business rules,QBC-D077-ER,qbc_workbench.validation,tests/test_conformance.py,implemented,verified-by-test
D078,(復發) PR,X：未檢驗 0：陰性 1：陽性,DIAG_TYPE=3,Big5 encodability | max length 1 | allowed value set | conditional requiredness | cross-field business rules,QBC-ENCODING-BIG5,qbc_workbench.validation,tests/test_conformance.py,implemented,verified-by-test
D078,(復發) PR,X：未檢驗 0：陰性 1：陽性,DIAG_TYPE=3,Big5 encodability | max length 1 | allowed value set | conditional requiredness | cross-field business rules,QBC-FORMAT-LENGTH,qbc_workbench.validation,tests/test_conformance.py,implemented,verified-by-test
D078,(復發) PR,X：未檢驗 0：陰性 1：陽性,DIAG_TYPE=3,Big5 encodability | max length 1 | allowed value set | conditional requiredness | cross-field business rules,QBC-FORMAT-CODE,qbc_workbench.validation,tests/test_conformance.py,implemented,verified-by-test
D078,(復發) PR,X：未檢驗 0：陰性 1：陽性,DIAG_TYPE=3,Big5 encodability | max length 1 | allowed value set | conditional requiredness | cross-field business rules,QBC-VALUESET,qbc_workbench.validation,tests/test_conformance.py,implemented,verified-by-test
D078,(復發) PR,X：未檢驗 0：陰性 1：陽性,DIAG_TYPE=3,Big5 encodability | max length 1 | allowed value set | conditional requiredness | cross-field business rules,QBC-DIAGTYPE3-RECURRENCE-REQUIRED,qbc_workbench.validation,tests/test_conformance.py,implemented,needs-decision
D079,(復發) PR 數值,※「D078」為「1：陽性」時，才需填寫。 填入範圍值：01-100 整數百分比(%),DIAG_TYPE=3 AND D078=1,Big5 encodability | max length 3 | integer format | numeric range | conditional requiredness | cross-field business rules,QBC-ENCODING-BIG5,qbc_workbench.validation,tests/test_conformance.py,implemented,verified-by-test
D079,(復發) PR 數值,※「D078」為「1：陽性」時，才需填寫。 填入範圍值：01-100 整數百分比(%),DIAG_TYPE=3 AND D078=1,Big5 encodability | max length 3 | integer format | numeric range | conditional requiredness | cross-field business rules,QBC-FORMAT-LENGTH,qbc_workbench.validation,tests/test_conformance.py,implemented,verified-by-test
D079,(復發) PR 數值,※「D078」為「1：陽性」時，才需填寫。 填入範圍值：01-100 整數百分比(%),DIAG_TYPE=3 AND D078=1,Big5 encodability | max length 3 | integer format | numeric range | conditional requiredness | cross-field business rules,QBC-FORMAT-INTEGER,qbc_workbench.validation,tests/test_conformance.py,implemented,verified-by-test
D079,(復發) PR 數值,※「D078」為「1：陽性」時，才需填寫。 填入範圍值：01-100 整數百分比(%),DIAG_TYPE=3 AND D078=1,Big5 encodability | max length 3 | integer format | numeric range | conditional requiredness | cross-field business rules,QBC-FORMAT-RANGE,qbc_workbench.validation,tests/test_conformance.py,implemented,verified-by-test
D079,(復發) PR 數值,※「D078」為「1：陽性」時，才需填寫。 填入範圍值：01-100 整數百分比(%),DIAG_TYPE=3 AND D078=1,Big5 encodability | max length 3 | integer format | numeric range | conditional requiredness | cross-field business rules,QBC-D079-PR,qbc_workbench.validation,tests/test_conformance.py,implemented,verified-by-test
D080,(復發) HER2,X：未檢驗 0：IHC 0 (negative or score 0) 1：IHC 1+(negative or score 1+) 2：IHC 2+(equivocal or score 2+) 3：IHC 3+(positive or score 3+),DIAG_TYPE=3,Big5 encodability | max length 1 | allowed value set | conditional requiredness | cross-field business rules,QBC-ENCODING-BIG5,qbc_workbench.validation,tests/test_conformance.py,implemented,verified-by-test
D080,(復發) HER2,X：未檢驗 0：IHC 0 (negative or score 0) 1：IHC 1+(negative or score 1+) 2：IHC 2+(equivocal or score 2+) 3：IHC 3+(positive or score 3+),DIAG_TYPE=3,Big5 encodability | max length 1 | allowed value set | conditional requiredness | cross-field business rules,QBC-FORMAT-LENGTH,qbc_workbench.validation,tests/test_conformance.py,implemented,verified-by-test
D080,(復發) HER2,X：未檢驗 0：IHC 0 (negative or score 0) 1：IHC 1+(negative or score 1+) 2：IHC 2+(equivocal or score 2+) 3：IHC 3+(positive or score 3+),DIAG_TYPE=3,Big5 encodability | max length 1 | allowed value set | conditional requiredness | cross-field business rules,QBC-FORMAT-CODE,qbc_workbench.validation,tests/test_conformance.py,implemented,verified-by-test
D080,(復發) HER2,X：未檢驗 0：IHC 0 (negative or score 0) 1：IHC 1+(negative or score 1+) 2：IHC 2+(equivocal or score 2+) 3：IHC 3+(positive or score 3+),DIAG_TYPE=3,Big5 encodability | max length 1 | allowed value set | conditional requiredness | cross-field business rules,QBC-VALUESET,qbc_workbench.validation,tests/test_conformance.py,implemented,verified-by-test
D080,(復發) HER2,X：未檢驗 0：IHC 0 (negative or score 0) 1：IHC 1+(negative or score 1+) 2：IHC 2+(equivocal or score 2+) 3：IHC 3+(positive or score 3+),DIAG_TYPE=3,Big5 encodability | max length 1 | allowed value set | conditional requiredness | cross-field business rules,QBC-DIAGTYPE3-RECURRENCE-REQUIRED,qbc_workbench.validation,tests/test_conformance.py,implemented,needs-decision
D081,(復發) HER2_FISH,※ 「D080」為「2：IHC 2+(equivocal or score 2+)」時，才需填寫。 0：negative 1：positive,DIAG_TYPE=3 AND D080=2,Big5 encodability | max length 1 | allowed value set | conditional requiredness | cross-field business rules,QBC-ENCODING-BIG5,qbc_workbench.validation,tests/test_conformance.py,implemented,verified-by-test
D081,(復發) HER2_FISH,※ 「D080」為「2：IHC 2+(equivocal or score 2+)」時，才需填寫。 0：negative 1：positive,DIAG_TYPE=3 AND D080=2,Big5 encodability | max length 1 | allowed value set | conditional requiredness | cross-field business rules,QBC-FORMAT-LENGTH,qbc_workbench.validation,tests/test_conformance.py,implemented,verified-by-test
D081,(復發) HER2_FISH,※ 「D080」為「2：IHC 2+(equivocal or score 2+)」時，才需填寫。 0：negative 1：positive,DIAG_TYPE=3 AND D080=2,Big5 encodability | max length 1 | allowed value set | conditional requiredness | cross-field business rules,QBC-FORMAT-CODE,qbc_workbench.validation,tests/test_conformance.py,implemented,verified-by-test
D081,(復發) HER2_FISH,※ 「D080」為「2：IHC 2+(equivocal or score 2+)」時，才需填寫。 0：negative 1：positive,DIAG_TYPE=3 AND D080=2,Big5 encodability | max length 1 | allowed value set | conditional requiredness | cross-field business rules,QBC-VALUESET,qbc_workbench.validation,tests/test_conformance.py,implemented,verified-by-test
D081,(復發) HER2_FISH,※ 「D080」為「2：IHC 2+(equivocal or score 2+)」時，才需填寫。 0：negative 1：positive,DIAG_TYPE=3 AND D080=2,Big5 encodability | max length 1 | allowed value set | conditional requiredness | cross-field business rules,QBC-D081-HER2,qbc_workbench.validation,tests/test_conformance.py,implemented,verified-by-test
D082,(復發) Ki-67,0：未檢驗 1：有檢驗,DIAG_TYPE=3,Big5 encodability | max length 1 | allowed value set | conditional requiredness | cross-field business rules,QBC-ENCODING-BIG5,qbc_workbench.validation,tests/test_conformance.py,implemented,verified-by-test
D082,(復發) Ki-67,0：未檢驗 1：有檢驗,DIAG_TYPE=3,Big5 encodability | max length 1 | allowed value set | conditional requiredness | cross-field business rules,QBC-FORMAT-LENGTH,qbc_workbench.validation,tests/test_conformance.py,implemented,verified-by-test
D082,(復發) Ki-67,0：未檢驗 1：有檢驗,DIAG_TYPE=3,Big5 encodability | max length 1 | allowed value set | conditional requiredness | cross-field business rules,QBC-FORMAT-CODE,qbc_workbench.validation,tests/test_conformance.py,implemented,verified-by-test
D082,(復發) Ki-67,0：未檢驗 1：有檢驗,DIAG_TYPE=3,Big5 encodability | max length 1 | allowed value set | conditional requiredness | cross-field business rules,QBC-VALUESET,qbc_workbench.validation,tests/test_conformance.py,implemented,verified-by-test
D082,(復發) Ki-67,0：未檢驗 1：有檢驗,DIAG_TYPE=3,Big5 encodability | max length 1 | allowed value set | conditional requiredness | cross-field business rules,QBC-DIAGTYPE3-RECURRENCE-REQUIRED,qbc_workbench.validation,tests/test_conformance.py,implemented,needs-decision
D083,(復發) Ki-67數值,填入範圍值：01-100 整數百分比(%),DIAG_TYPE=3,Big5 encodability | max length 3 | integer format | numeric range | conditional requiredness | cross-field business rules,QBC-ENCODING-BIG5,qbc_workbench.validation,tests/test_conformance.py,implemented,verified-by-test
D083,(復發) Ki-67數值,填入範圍值：01-100 整數百分比(%),DIAG_TYPE=3,Big5 encodability | max length 3 | integer format | numeric range | conditional requiredness | cross-field business rules,QBC-FORMAT-LENGTH,qbc_workbench.validation,tests/test_conformance.py,implemented,verified-by-test
D083,(復發) Ki-67數值,填入範圍值：01-100 整數百分比(%),DIAG_TYPE=3,Big5 encodability | max length 3 | integer format | numeric range | conditional requiredness | cross-field business rules,QBC-FORMAT-INTEGER,qbc_workbench.validation,tests/test_conformance.py,implemented,verified-by-test
D083,(復發) Ki-67數值,填入範圍值：01-100 整數百分比(%),DIAG_TYPE=3,Big5 encodability | max length 3 | integer format | numeric range | conditional requiredness | cross-field business rules,QBC-FORMAT-RANGE,qbc_workbench.validation,tests/test_conformance.py,implemented,verified-by-test
D083,(復發) Ki-67數值,填入範圍值：01-100 整數百分比(%),DIAG_TYPE=3,Big5 encodability | max length 3 | integer format | numeric range | conditional requiredness | cross-field business rules,QBC-DIAGTYPE3-RECURRENCE-REQUIRED,qbc_workbench.validation,tests/test_conformance.py,implemented,needs-decision
D084,(復發) BRCA 1/2,X：未檢驗 0：無突變 1：有突變,DIAG_TYPE=3,Big5 encodability | max length 1 | allowed value set | conditional requiredness | cross-field business rules,QBC-ENCODING-BIG5,qbc_workbench.validation,tests/test_conformance.py,implemented,verified-by-test
D084,(復發) BRCA 1/2,X：未檢驗 0：無突變 1：有突變,DIAG_TYPE=3,Big5 encodability | max length 1 | allowed value set | conditional requiredness | cross-field business rules,QBC-FORMAT-LENGTH,qbc_workbench.validation,tests/test_conformance.py,implemented,verified-by-test
D084,(復發) BRCA 1/2,X：未檢驗 0：無突變 1：有突變,DIAG_TYPE=3,Big5 encodability | max length 1 | allowed value set | conditional requiredness | cross-field business rules,QBC-FORMAT-CODE,qbc_workbench.validation,tests/test_conformance.py,implemented,verified-by-test
D084,(復發) BRCA 1/2,X：未檢驗 0：無突變 1：有突變,DIAG_TYPE=3,Big5 encodability | max length 1 | allowed value set | conditional requiredness | cross-field business rules,QBC-VALUESET,qbc_workbench.validation,tests/test_conformance.py,implemented,verified-by-test
D084,(復發) BRCA 1/2,X：未檢驗 0：無突變 1：有突變,DIAG_TYPE=3,Big5 encodability | max length 1 | allowed value set | conditional requiredness | cross-field business rules,QBC-DIAGTYPE3-RECURRENCE-REQUIRED,qbc_workbench.validation,tests/test_conformance.py,implemented,needs-decision
D085,(復發) PD-L1,X：未檢驗 0：陰性 1：陽性,DIAG_TYPE=3,Big5 encodability | max length 1 | allowed value set | conditional requiredness | cross-field business rules,QBC-ENCODING-BIG5,qbc_workbench.validation,tests/test_conformance.py,implemented,verified-by-test
D085,(復發) PD-L1,X：未檢驗 0：陰性 1：陽性,DIAG_TYPE=3,Big5 encodability | max length 1 | allowed value set | conditional requiredness | cross-field business rules,QBC-FORMAT-LENGTH,qbc_workbench.validation,tests/test_conformance.py,implemented,verified-by-test
D085,(復發) PD-L1,X：未檢驗 0：陰性 1：陽性,DIAG_TYPE=3,Big5 encodability | max length 1 | allowed value set | conditional requiredness | cross-field business rules,QBC-FORMAT-CODE,qbc_workbench.validation,tests/test_conformance.py,implemented,verified-by-test
D085,(復發) PD-L1,X：未檢驗 0：陰性 1：陽性,DIAG_TYPE=3,Big5 encodability | max length 1 | allowed value set | conditional requiredness | cross-field business rules,QBC-VALUESET,qbc_workbench.validation,tests/test_conformance.py,implemented,verified-by-test
D085,(復發) PD-L1,X：未檢驗 0：陰性 1：陽性,DIAG_TYPE=3,Big5 encodability | max length 1 | allowed value set | conditional requiredness | cross-field business rules,QBC-DIAGTYPE3-RECURRENCE-REQUIRED,qbc_workbench.validation,tests/test_conformance.py,implemented,needs-decision
TM01,治療順序,按醫事機構於畫面所新增之治療項目，從1開始自行排序 ※當收案類別「DIAG_TYPE」為[1:新診斷個案-直接治癒性手術]時，必填「TM01」為[1]，「TM02」為［1：治癒性手術］,,Big5 encodability | max length 2 | integer format | numeric range | cross-field business rules,QBC-ENCODING-BIG5,qbc_workbench.validation,tests/test_conformance.py,implemented,verified-by-test
TM01,治療順序,按醫事機構於畫面所新增之治療項目，從1開始自行排序 ※當收案類別「DIAG_TYPE」為[1:新診斷個案-直接治癒性手術]時，必填「TM01」為[1]，「TM02」為［1：治癒性手術］,,Big5 encodability | max length 2 | integer format | numeric range | cross-field business rules,QBC-FORMAT-LENGTH,qbc_workbench.validation,tests/test_conformance.py,implemented,verified-by-test
TM01,治療順序,按醫事機構於畫面所新增之治療項目，從1開始自行排序 ※當收案類別「DIAG_TYPE」為[1:新診斷個案-直接治癒性手術]時，必填「TM01」為[1]，「TM02」為［1：治癒性手術］,,Big5 encodability | max length 2 | integer format | numeric range | cross-field business rules,QBC-FORMAT-INTEGER,qbc_workbench.validation,tests/test_conformance.py,implemented,verified-by-test
TM01,治療順序,按醫事機構於畫面所新增之治療項目，從1開始自行排序 ※當收案類別「DIAG_TYPE」為[1:新診斷個案-直接治癒性手術]時，必填「TM01」為[1]，「TM02」為［1：治癒性手術］,,Big5 encodability | max length 2 | integer format | numeric range | cross-field business rules,QBC-FORMAT-RANGE,qbc_workbench.validation,tests/test_conformance.py,implemented,verified-by-test
TM01,治療順序,按醫事機構於畫面所新增之治療項目，從1開始自行排序 ※當收案類別「DIAG_TYPE」為[1:新診斷個案-直接治癒性手術]時，必填「TM01」為[1]，「TM02」為［1：治癒性手術］,,Big5 encodability | max length 2 | integer format | numeric range | cross-field business rules,QBC-TM01-DIRECT-SURGERY,qbc_workbench.validation,tests/test_conformance.py,implemented,verified-by-test
TM01,治療順序,按醫事機構於畫面所新增之治療項目，從1開始自行排序 ※當收案類別「DIAG_TYPE」為[1:新診斷個案-直接治癒性手術]時，必填「TM01」為[1]，「TM02」為［1：治癒性手術］,,Big5 encodability | max length 2 | integer format | numeric range | cross-field business rules,QBC-TM01-UNIQUE,qbc_workbench.validation,tests/test_conformance.py,implemented,verified-by-test
TM01,治療順序,按醫事機構於畫面所新增之治療項目，從1開始自行排序 ※當收案類別「DIAG_TYPE」為[1:新診斷個案-直接治癒性手術]時，必填「TM01」為[1]，「TM02」為［1：治癒性手術］,,Big5 encodability | max length 2 | integer format | numeric range | cross-field business rules,QBC-TM01-CONTIGUOUS,qbc_workbench.validation,tests/test_conformance.py,implemented,verified-by-test
TM02,治療方式,填入下列代碼1~7 ※當收案類別「DIAG_TYPE」為[1:新診斷個案-直接治癒性手術]時，必填「TM01」為[1]，「TM02」為［1：治癒性手術］ 1：治癒性手術 (新輔助性治療、直接治癒性手術) / 復發手術 (首次復發) 治癒性手術 (新輔助性治療、直接治癒性手術)：需再填「TM03」、「TM09」 復發手術 (首次復發)：需再填「TM03」、「TM04」、「TM09」 2：化學治療：需再填「TM03」、「TM09」、「TM10」 3：放射治療：需再填「TM03」、「TM07」、(TM08)、「TM09」、「TM10」 4：免疫治療：需再填「TM03」、「TM05」、(TM06)、「TM09」、「TM10」 5：標靶治療：需再填「TM03」、「TM05」、(TM06)、「TM09」、「TM10」 6：內分泌治療：需再填「TM03」、「TM09」 7：其他治療：需再填「TM03」、「TM05」、「TM06」、「TM09」、「TM10」,,Big5 encodability | max length 1 | allowed value set | cross-field business rules,QBC-ENCODING-BIG5,qbc_workbench.validation,tests/test_conformance.py,implemented,verified-by-test
TM02,治療方式,填入下列代碼1~7 ※當收案類別「DIAG_TYPE」為[1:新診斷個案-直接治癒性手術]時，必填「TM01」為[1]，「TM02」為［1：治癒性手術］ 1：治癒性手術 (新輔助性治療、直接治癒性手術) / 復發手術 (首次復發) 治癒性手術 (新輔助性治療、直接治癒性手術)：需再填「TM03」、「TM09」 復發手術 (首次復發)：需再填「TM03」、「TM04」、「TM09」 2：化學治療：需再填「TM03」、「TM09」、「TM10」 3：放射治療：需再填「TM03」、「TM07」、(TM08)、「TM09」、「TM10」 4：免疫治療：需再填「TM03」、「TM05」、(TM06)、「TM09」、「TM10」 5：標靶治療：需再填「TM03」、「TM05」、(TM06)、「TM09」、「TM10」 6：內分泌治療：需再填「TM03」、「TM09」 7：其他治療：需再填「TM03」、「TM05」、「TM06」、「TM09」、「TM10」,,Big5 encodability | max length 1 | allowed value set | cross-field business rules,QBC-FORMAT-LENGTH,qbc_workbench.validation,tests/test_conformance.py,implemented,verified-by-test
TM02,治療方式,填入下列代碼1~7 ※當收案類別「DIAG_TYPE」為[1:新診斷個案-直接治癒性手術]時，必填「TM01」為[1]，「TM02」為［1：治癒性手術］ 1：治癒性手術 (新輔助性治療、直接治癒性手術) / 復發手術 (首次復發) 治癒性手術 (新輔助性治療、直接治癒性手術)：需再填「TM03」、「TM09」 復發手術 (首次復發)：需再填「TM03」、「TM04」、「TM09」 2：化學治療：需再填「TM03」、「TM09」、「TM10」 3：放射治療：需再填「TM03」、「TM07」、(TM08)、「TM09」、「TM10」 4：免疫治療：需再填「TM03」、「TM05」、(TM06)、「TM09」、「TM10」 5：標靶治療：需再填「TM03」、「TM05」、(TM06)、「TM09」、「TM10」 6：內分泌治療：需再填「TM03」、「TM09」 7：其他治療：需再填「TM03」、「TM05」、「TM06」、「TM09」、「TM10」,,Big5 encodability | max length 1 | allowed value set | cross-field business rules,QBC-FORMAT-CODE,qbc_workbench.validation,tests/test_conformance.py,implemented,verified-by-test
TM02,治療方式,填入下列代碼1~7 ※當收案類別「DIAG_TYPE」為[1:新診斷個案-直接治癒性手術]時，必填「TM01」為[1]，「TM02」為［1：治癒性手術］ 1：治癒性手術 (新輔助性治療、直接治癒性手術) / 復發手術 (首次復發) 治癒性手術 (新輔助性治療、直接治癒性手術)：需再填「TM03」、「TM09」 復發手術 (首次復發)：需再填「TM03」、「TM04」、「TM09」 2：化學治療：需再填「TM03」、「TM09」、「TM10」 3：放射治療：需再填「TM03」、「TM07」、(TM08)、「TM09」、「TM10」 4：免疫治療：需再填「TM03」、「TM05」、(TM06)、「TM09」、「TM10」 5：標靶治療：需再填「TM03」、「TM05」、(TM06)、「TM09」、「TM10」 6：內分泌治療：需再填「TM03」、「TM09」 7：其他治療：需再填「TM03」、「TM05」、「TM06」、「TM09」、「TM10」,,Big5 encodability | max length 1 | allowed value set | cross-field business rules,QBC-VALUESET,qbc_workbench.validation,tests/test_conformance.py,implemented,verified-by-test
TM02,治療方式,填入下列代碼1~7 ※當收案類別「DIAG_TYPE」為[1:新診斷個案-直接治癒性手術]時，必填「TM01」為[1]，「TM02」為［1：治癒性手術］ 1：治癒性手術 (新輔助性治療、直接治癒性手術) / 復發手術 (首次復發) 治癒性手術 (新輔助性治療、直接治癒性手術)：需再填「TM03」、「TM09」 復發手術 (首次復發)：需再填「TM03」、「TM04」、「TM09」 2：化學治療：需再填「TM03」、「TM09」、「TM10」 3：放射治療：需再填「TM03」、「TM07」、(TM08)、「TM09」、「TM10」 4：免疫治療：需再填「TM03」、「TM05」、(TM06)、「TM09」、「TM10」 5：標靶治療：需再填「TM03」、「TM05」、(TM06)、「TM09」、「TM10」 6：內分泌治療：需再填「TM03」、「TM09」 7：其他治療：需再填「TM03」、「TM05」、「TM06」、「TM09」、「TM10」,,Big5 encodability | max length 1 | allowed value set | cross-field business rules,QBC-TM02-DEPENDENCIES,qbc_workbench.validation,tests/test_conformance.py,implemented,verified-by-test
TM03,治療情況,1：本院治療 2：他院治療,,Big5 encodability | max length 1 | allowed value set,QBC-ENCODING-BIG5,qbc_workbench.validation,tests/test_conformance.py,implemented,verified-by-test
TM03,治療情況,1：本院治療 2：他院治療,,Big5 encodability | max length 1 | allowed value set,QBC-FORMAT-LENGTH,qbc_workbench.validation,tests/test_conformance.py,implemented,verified-by-test
TM03,治療情況,1：本院治療 2：他院治療,,Big5 encodability | max length 1 | allowed value set,QBC-FORMAT-CODE,qbc_workbench.validation,tests/test_conformance.py,implemented,verified-by-test
TM03,治療情況,1：本院治療 2：他院治療,,Big5 encodability | max length 1 | allowed value set,QBC-VALUESET,qbc_workbench.validation,tests/test_conformance.py,implemented,verified-by-test
TM04,手術項目,若「DIAG_TYPE」為[3:首次復發個案]且「TM02」為「1：復發手術」時，必填 1：乳癌復發處手術 2：腋下復發處手術 3：遠端轉移處手術,,Big5 encodability | max length 1 | allowed value set | cross-field business rules,QBC-ENCODING-BIG5,qbc_workbench.validation,tests/test_conformance.py,implemented,verified-by-test
TM04,手術項目,若「DIAG_TYPE」為[3:首次復發個案]且「TM02」為「1：復發手術」時，必填 1：乳癌復發處手術 2：腋下復發處手術 3：遠端轉移處手術,,Big5 encodability | max length 1 | allowed value set | cross-field business rules,QBC-FORMAT-LENGTH,qbc_workbench.validation,tests/test_conformance.py,implemented,verified-by-test
TM04,手術項目,若「DIAG_TYPE」為[3:首次復發個案]且「TM02」為「1：復發手術」時，必填 1：乳癌復發處手術 2：腋下復發處手術 3：遠端轉移處手術,,Big5 encodability | max length 1 | allowed value set | cross-field business rules,QBC-FORMAT-CODE,qbc_workbench.validation,tests/test_conformance.py,implemented,verified-by-test
TM04,手術項目,若「DIAG_TYPE」為[3:首次復發個案]且「TM02」為「1：復發手術」時，必填 1：乳癌復發處手術 2：腋下復發處手術 3：遠端轉移處手術,,Big5 encodability | max length 1 | allowed value set | cross-field business rules,QBC-VALUESET,qbc_workbench.validation,tests/test_conformance.py,implemented,verified-by-test
TM04,手術項目,若「DIAG_TYPE」為[3:首次復發個案]且「TM02」為「1：復發手術」時，必填 1：乳癌復發處手術 2：腋下復發處手術 3：遠端轉移處手術,,Big5 encodability | max length 1 | allowed value set | cross-field business rules,QBC-TM04-RECURRENCE,qbc_workbench.validation,tests/test_conformance.py,implemented,verified-by-test
TM05,藥物,"填入代碼A1~A2、B1~B12、C1，可複選並以逗點相隔。 ※「TM02」包含[4：免疫治療]、[5：標靶治療]、[7：其他治療]才需填寫 e.g.A1,B3,B7,C1 (以半形英文逗號「,」連接數字) [4：免疫治療] A1：Pembrolizumab A2：其他 [5：標靶治療] B1：Abemaciclib B2：Olaparib B3：Palbociclib B4：Pertuzumab B5：Pertuzumab+Trastuzumab B6：Ribocilcib B7：Sacituzumab govitecan B8：Talazoparib B9：Trastuzumab B10：Trastuzumab deruxtecan B11：Trastuzumab emtansine B12：其他 [7：其他治療] C1：其他",,Big5 encodability | max length 50 | code-list format | allowed value set | cross-field business rules,QBC-ENCODING-BIG5,qbc_workbench.validation,tests/test_conformance.py,implemented,verified-by-test
TM05,藥物,"填入代碼A1~A2、B1~B12、C1，可複選並以逗點相隔。 ※「TM02」包含[4：免疫治療]、[5：標靶治療]、[7：其他治療]才需填寫 e.g.A1,B3,B7,C1 (以半形英文逗號「,」連接數字) [4：免疫治療] A1：Pembrolizumab A2：其他 [5：標靶治療] B1：Abemaciclib B2：Olaparib B3：Palbociclib B4：Pertuzumab B5：Pertuzumab+Trastuzumab B6：Ribocilcib B7：Sacituzumab govitecan B8：Talazoparib B9：Trastuzumab B10：Trastuzumab deruxtecan B11：Trastuzumab emtansine B12：其他 [7：其他治療] C1：其他",,Big5 encodability | max length 50 | code-list format | allowed value set | cross-field business rules,QBC-FORMAT-LENGTH,qbc_workbench.validation,tests/test_conformance.py,implemented,verified-by-test
TM05,藥物,"填入代碼A1~A2、B1~B12、C1，可複選並以逗點相隔。 ※「TM02」包含[4：免疫治療]、[5：標靶治療]、[7：其他治療]才需填寫 e.g.A1,B3,B7,C1 (以半形英文逗號「,」連接數字) [4：免疫治療] A1：Pembrolizumab A2：其他 [5：標靶治療] B1：Abemaciclib B2：Olaparib B3：Palbociclib B4：Pertuzumab B5：Pertuzumab+Trastuzumab B6：Ribocilcib B7：Sacituzumab govitecan B8：Talazoparib B9：Trastuzumab B10：Trastuzumab deruxtecan B11：Trastuzumab emtansine B12：其他 [7：其他治療] C1：其他",,Big5 encodability | max length 50 | code-list format | allowed value set | cross-field business rules,QBC-FORMAT-CODE-LIST,qbc_workbench.validation,tests/test_conformance.py,implemented,verified-by-test
TM05,藥物,"填入代碼A1~A2、B1~B12、C1，可複選並以逗點相隔。 ※「TM02」包含[4：免疫治療]、[5：標靶治療]、[7：其他治療]才需填寫 e.g.A1,B3,B7,C1 (以半形英文逗號「,」連接數字) [4：免疫治療] A1：Pembrolizumab A2：其他 [5：標靶治療] B1：Abemaciclib B2：Olaparib B3：Palbociclib B4：Pertuzumab B5：Pertuzumab+Trastuzumab B6：Ribocilcib B7：Sacituzumab govitecan B8：Talazoparib B9：Trastuzumab B10：Trastuzumab deruxtecan B11：Trastuzumab emtansine B12：其他 [7：其他治療] C1：其他",,Big5 encodability | max length 50 | code-list format | allowed value set | cross-field business rules,QBC-VALUESET,qbc_workbench.validation,tests/test_conformance.py,implemented,verified-by-test
TM05,藥物,"填入代碼A1~A2、B1~B12、C1，可複選並以逗點相隔。 ※「TM02」包含[4：免疫治療]、[5：標靶治療]、[7：其他治療]才需填寫 e.g.A1,B3,B7,C1 (以半形英文逗號「,」連接數字) [4：免疫治療] A1：Pembrolizumab A2：其他 [5：標靶治療] B1：Abemaciclib B2：Olaparib B3：Palbociclib B4：Pertuzumab B5：Pertuzumab+Trastuzumab B6：Ribocilcib B7：Sacituzumab govitecan B8：Talazoparib B9：Trastuzumab B10：Trastuzumab deruxtecan B11：Trastuzumab emtansine B12：其他 [7：其他治療] C1：其他",,Big5 encodability | max length 50 | code-list format | allowed value set | cross-field business rules,QBC-TM05-TREATMENT,qbc_workbench.validation,tests/test_conformance.py,implemented,verified-by-test
TM05,藥物,"填入代碼A1~A2、B1~B12、C1，可複選並以逗點相隔。 ※「TM02」包含[4：免疫治療]、[5：標靶治療]、[7：其他治療]才需填寫 e.g.A1,B3,B7,C1 (以半形英文逗號「,」連接數字) [4：免疫治療] A1：Pembrolizumab A2：其他 [5：標靶治療] B1：Abemaciclib B2：Olaparib B3：Palbociclib B4：Pertuzumab B5：Pertuzumab+Trastuzumab B6：Ribocilcib B7：Sacituzumab govitecan B8：Talazoparib B9：Trastuzumab B10：Trastuzumab deruxtecan B11：Trastuzumab emtansine B12：其他 [7：其他治療] C1：其他",,Big5 encodability | max length 50 | code-list format | allowed value set | cross-field business rules,QBC-TM05-TREATMENT-TYPE,qbc_workbench.validation,tests/test_conformance.py,implemented,verified-by-test
TM06,藥物 (其他),「TM05」包含 [A2：其他]、[B12：其他]、[C1：其他]任一選項時，需填寫此欄位。,,Big5 encodability | max length 250 | cross-field business rules,QBC-ENCODING-BIG5,qbc_workbench.validation,tests/test_conformance.py,implemented,verified-by-test
TM06,藥物 (其他),「TM05」包含 [A2：其他]、[B12：其他]、[C1：其他]任一選項時，需填寫此欄位。,,Big5 encodability | max length 250 | cross-field business rules,QBC-FORMAT-LENGTH,qbc_workbench.validation,tests/test_conformance.py,implemented,verified-by-test
TM06,藥物 (其他),「TM05」包含 [A2：其他]、[B12：其他]、[C1：其他]任一選項時，需填寫此欄位。,,Big5 encodability | max length 250 | cross-field business rules,QBC-TM06-OTHER,qbc_workbench.validation,tests/test_conformance.py,implemented,verified-by-test
TM07,部位,"※「TM02」為[3：放射治療] 才需填寫 填入代碼A1~A5，可複選並以逗點相隔。 e.g.A1,A3,A5(以半形英文逗號「,」連接數字) [3：放射治療] A1：全乳房 A2：腋下淋巴結 A3：鎖骨上淋巴結 A4：胸壁 A5：其他",,Big5 encodability | max length 20 | code-list format | allowed value set | cross-field business rules,QBC-ENCODING-BIG5,qbc_workbench.validation,tests/test_conformance.py,implemented,verified-by-test
TM07,部位,"※「TM02」為[3：放射治療] 才需填寫 填入代碼A1~A5，可複選並以逗點相隔。 e.g.A1,A3,A5(以半形英文逗號「,」連接數字) [3：放射治療] A1：全乳房 A2：腋下淋巴結 A3：鎖骨上淋巴結 A4：胸壁 A5：其他",,Big5 encodability | max length 20 | code-list format | allowed value set | cross-field business rules,QBC-FORMAT-LENGTH,qbc_workbench.validation,tests/test_conformance.py,implemented,verified-by-test
TM07,部位,"※「TM02」為[3：放射治療] 才需填寫 填入代碼A1~A5，可複選並以逗點相隔。 e.g.A1,A3,A5(以半形英文逗號「,」連接數字) [3：放射治療] A1：全乳房 A2：腋下淋巴結 A3：鎖骨上淋巴結 A4：胸壁 A5：其他",,Big5 encodability | max length 20 | code-list format | allowed value set | cross-field business rules,QBC-FORMAT-CODE-LIST,qbc_workbench.validation,tests/test_conformance.py,implemented,verified-by-test
TM07,部位,"※「TM02」為[3：放射治療] 才需填寫 填入代碼A1~A5，可複選並以逗點相隔。 e.g.A1,A3,A5(以半形英文逗號「,」連接數字) [3：放射治療] A1：全乳房 A2：腋下淋巴結 A3：鎖骨上淋巴結 A4：胸壁 A5：其他",,Big5 encodability | max length 20 | code-list format | allowed value set | cross-field business rules,QBC-VALUESET,qbc_workbench.validation,tests/test_conformance.py,implemented,verified-by-test
TM07,部位,"※「TM02」為[3：放射治療] 才需填寫 填入代碼A1~A5，可複選並以逗點相隔。 e.g.A1,A3,A5(以半形英文逗號「,」連接數字) [3：放射治療] A1：全乳房 A2：腋下淋巴結 A3：鎖骨上淋巴結 A4：胸壁 A5：其他",,Big5 encodability | max length 20 | code-list format | allowed value set | cross-field business rules,QBC-TM07-RADIOTHERAPY,qbc_workbench.validation,tests/test_conformance.py,implemented,verified-by-test
TM08,部位 (其他),「TM07」為 [A5：其他]時，需填寫此欄位。,,Big5 encodability | max length 250 | cross-field business rules,QBC-ENCODING-BIG5,qbc_workbench.validation,tests/test_conformance.py,implemented,verified-by-test
TM08,部位 (其他),「TM07」為 [A5：其他]時，需填寫此欄位。,,Big5 encodability | max length 250 | cross-field business rules,QBC-FORMAT-LENGTH,qbc_workbench.validation,tests/test_conformance.py,implemented,verified-by-test
TM08,部位 (其他),「TM07」為 [A5：其他]時，需填寫此欄位。,,Big5 encodability | max length 250 | cross-field business rules,QBC-TM08-OTHER,qbc_workbench.validation,tests/test_conformance.py,implemented,verified-by-test
TM09,治療項目開始日期,固定8碼，西元年（YYYYMMDD），例如1980年12月6日，則填寫：19801206,,Big5 encodability | max length 8 | date format,QBC-ENCODING-BIG5,qbc_workbench.validation,tests/test_conformance.py,implemented,verified-by-test
TM09,治療項目開始日期,固定8碼，西元年（YYYYMMDD），例如1980年12月6日，則填寫：19801206,,Big5 encodability | max length 8 | date format,QBC-FORMAT-LENGTH,qbc_workbench.validation,tests/test_conformance.py,implemented,verified-by-test
TM09,治療項目開始日期,固定8碼，西元年（YYYYMMDD），例如1980年12月6日，則填寫：19801206,,Big5 encodability | max length 8 | date format,QBC-FORMAT-DATE,qbc_workbench.validation,tests/test_conformance.py,implemented,verified-by-test
TM10,治療項目結束日期,※ 不可早於「TM08」的日期 固定8碼，西元年（YYYYMMDD），例如1980年12月6日，則填寫：19801206,,Big5 encodability | max length 8 | date format | cross-field business rules,QBC-ENCODING-BIG5,qbc_workbench.validation,tests/test_conformance.py,implemented,verified-by-test
TM10,治療項目結束日期,※ 不可早於「TM08」的日期 固定8碼，西元年（YYYYMMDD），例如1980年12月6日，則填寫：19801206,,Big5 encodability | max length 8 | date format | cross-field business rules,QBC-FORMAT-LENGTH,qbc_workbench.validation,tests/test_conformance.py,implemented,verified-by-test
TM10,治療項目結束日期,※ 不可早於「TM08」的日期 固定8碼，西元年（YYYYMMDD），例如1980年12月6日，則填寫：19801206,,Big5 encodability | max length 8 | date format | cross-field business rules,QBC-FORMAT-DATE,qbc_workbench.validation,tests/test_conformance.py,implemented,verified-by-test
TM10,治療項目結束日期,※ 不可早於「TM08」的日期 固定8碼，西元年（YYYYMMDD），例如1980年12月6日，則填寫：19801206,,Big5 encodability | max length 8 | date format | cross-field business rules,QBC-TM10-DATE-ORDER,qbc_workbench.validation,tests/test_conformance.py,implemented,decided-by-project
T01,追蹤年度,※ 一年追蹤(填寫)一次 固定8碼，西元年（YYYYMMDD），例如1980年12月6日，則填寫：19801206,,Big5 encodability | max length 8 | date format,QBC-ENCODING-BIG5,qbc_workbench.validation,tests/test_conformance.py,implemented,verified-by-test
T01,追蹤年度,※ 一年追蹤(填寫)一次 固定8碼，西元年（YYYYMMDD），例如1980年12月6日，則填寫：19801206,,Big5 encodability | max length 8 | date format,QBC-FORMAT-LENGTH,qbc_workbench.validation,tests/test_conformance.py,implemented,verified-by-test
T01,追蹤年度,※ 一年追蹤(填寫)一次 固定8碼，西元年（YYYYMMDD），例如1980年12月6日，則填寫：19801206,,Big5 encodability | max length 8 | date format,QBC-FORMAT-DATE,qbc_workbench.validation,tests/test_conformance.py,implemented,verified-by-test
T02,治療狀況,1.已完成治療(必填追蹤狀況) 2.繼續在本院治療(必填追蹤狀況) 3.轉他院治療(必填轉出日期) 4.病人中斷治療(必填追蹤狀況) 5.於治療中死亡(必填死亡日期) 6.於治療中復發(必填結案日期，且應新增一筆首次復發個案) X.不詳,,Big5 encodability | max length 1 | allowed value set | cross-field business rules,QBC-ENCODING-BIG5,qbc_workbench.validation,tests/test_conformance.py,implemented,verified-by-test
T02,治療狀況,1.已完成治療(必填追蹤狀況) 2.繼續在本院治療(必填追蹤狀況) 3.轉他院治療(必填轉出日期) 4.病人中斷治療(必填追蹤狀況) 5.於治療中死亡(必填死亡日期) 6.於治療中復發(必填結案日期，且應新增一筆首次復發個案) X.不詳,,Big5 encodability | max length 1 | allowed value set | cross-field business rules,QBC-FORMAT-LENGTH,qbc_workbench.validation,tests/test_conformance.py,implemented,verified-by-test
T02,治療狀況,1.已完成治療(必填追蹤狀況) 2.繼續在本院治療(必填追蹤狀況) 3.轉他院治療(必填轉出日期) 4.病人中斷治療(必填追蹤狀況) 5.於治療中死亡(必填死亡日期) 6.於治療中復發(必填結案日期，且應新增一筆首次復發個案) X.不詳,,Big5 encodability | max length 1 | allowed value set | cross-field business rules,QBC-FORMAT-CODE,qbc_workbench.validation,tests/test_conformance.py,implemented,verified-by-test
T02,治療狀況,1.已完成治療(必填追蹤狀況) 2.繼續在本院治療(必填追蹤狀況) 3.轉他院治療(必填轉出日期) 4.病人中斷治療(必填追蹤狀況) 5.於治療中死亡(必填死亡日期) 6.於治療中復發(必填結案日期，且應新增一筆首次復發個案) X.不詳,,Big5 encodability | max length 1 | allowed value set | cross-field business rules,QBC-VALUESET,qbc_workbench.validation,tests/test_conformance.py,implemented,verified-by-test
T02,治療狀況,1.已完成治療(必填追蹤狀況) 2.繼續在本院治療(必填追蹤狀況) 3.轉他院治療(必填轉出日期) 4.病人中斷治療(必填追蹤狀況) 5.於治療中死亡(必填死亡日期) 6.於治療中復發(必填結案日期，且應新增一筆首次復發個案) X.不詳,,Big5 encodability | max length 1 | allowed value set | cross-field business rules,QBC-T02-DEPENDENCIES,qbc_workbench.validation,tests/test_conformance.py,implemented,verified-by-test
T02,治療狀況,1.已完成治療(必填追蹤狀況) 2.繼續在本院治療(必填追蹤狀況) 3.轉他院治療(必填轉出日期) 4.病人中斷治療(必填追蹤狀況) 5.於治療中死亡(必填死亡日期) 6.於治療中復發(必填結案日期，且應新增一筆首次復發個案) X.不詳,,Big5 encodability | max length 1 | allowed value set | cross-field business rules,QBC-TRACE-RECURRENCE-CASE,qbc_workbench.validation,tests/test_conformance.py,implemented,verified-by-test
T03,追蹤狀況,1.在本院追蹤且定期檢查，無復發/轉移 2.轉他院追蹤(必填轉出日期) 3.個案中斷追蹤(必填結案日期) 4.於追蹤中死亡(必填死亡日期) 5.於追蹤中復發(必填結案日期，且應新增一筆首次復發個案) X.不詳,,Big5 encodability | max length 1 | allowed value set | cross-field business rules,QBC-ENCODING-BIG5,qbc_workbench.validation,tests/test_conformance.py,implemented,verified-by-test
T03,追蹤狀況,1.在本院追蹤且定期檢查，無復發/轉移 2.轉他院追蹤(必填轉出日期) 3.個案中斷追蹤(必填結案日期) 4.於追蹤中死亡(必填死亡日期) 5.於追蹤中復發(必填結案日期，且應新增一筆首次復發個案) X.不詳,,Big5 encodability | max length 1 | allowed value set | cross-field business rules,QBC-FORMAT-LENGTH,qbc_workbench.validation,tests/test_conformance.py,implemented,verified-by-test
T03,追蹤狀況,1.在本院追蹤且定期檢查，無復發/轉移 2.轉他院追蹤(必填轉出日期) 3.個案中斷追蹤(必填結案日期) 4.於追蹤中死亡(必填死亡日期) 5.於追蹤中復發(必填結案日期，且應新增一筆首次復發個案) X.不詳,,Big5 encodability | max length 1 | allowed value set | cross-field business rules,QBC-FORMAT-CODE,qbc_workbench.validation,tests/test_conformance.py,implemented,verified-by-test
T03,追蹤狀況,1.在本院追蹤且定期檢查，無復發/轉移 2.轉他院追蹤(必填轉出日期) 3.個案中斷追蹤(必填結案日期) 4.於追蹤中死亡(必填死亡日期) 5.於追蹤中復發(必填結案日期，且應新增一筆首次復發個案) X.不詳,,Big5 encodability | max length 1 | allowed value set | cross-field business rules,QBC-VALUESET,qbc_workbench.validation,tests/test_conformance.py,implemented,verified-by-test
T03,追蹤狀況,1.在本院追蹤且定期檢查，無復發/轉移 2.轉他院追蹤(必填轉出日期) 3.個案中斷追蹤(必填結案日期) 4.於追蹤中死亡(必填死亡日期) 5.於追蹤中復發(必填結案日期，且應新增一筆首次復發個案) X.不詳,,Big5 encodability | max length 1 | allowed value set | cross-field business rules,QBC-T03-DEPENDENCIES,qbc_workbench.validation,tests/test_conformance.py,implemented,verified-by-test
T03,追蹤狀況,1.在本院追蹤且定期檢查，無復發/轉移 2.轉他院追蹤(必填轉出日期) 3.個案中斷追蹤(必填結案日期) 4.於追蹤中死亡(必填死亡日期) 5.於追蹤中復發(必填結案日期，且應新增一筆首次復發個案) X.不詳,,Big5 encodability | max length 1 | allowed value set | cross-field business rules,QBC-TRACE-RECURRENCE-CASE,qbc_workbench.validation,tests/test_conformance.py,implemented,verified-by-test
T04,轉出日期,※「T02」為 [3.轉他院治療(必填轉出日期)]或 「T03」為[2.轉他院追蹤(必填轉出日期)]時必填。 固定8碼，西元年（YYYYMMDD），例如1980年12月6日，則填寫：19801206,,Big5 encodability | max length 8 | date format | cross-field business rules,QBC-ENCODING-BIG5,qbc_workbench.validation,tests/test_conformance.py,implemented,verified-by-test
T04,轉出日期,※「T02」為 [3.轉他院治療(必填轉出日期)]或 「T03」為[2.轉他院追蹤(必填轉出日期)]時必填。 固定8碼，西元年（YYYYMMDD），例如1980年12月6日，則填寫：19801206,,Big5 encodability | max length 8 | date format | cross-field business rules,QBC-FORMAT-LENGTH,qbc_workbench.validation,tests/test_conformance.py,implemented,verified-by-test
T04,轉出日期,※「T02」為 [3.轉他院治療(必填轉出日期)]或 「T03」為[2.轉他院追蹤(必填轉出日期)]時必填。 固定8碼，西元年（YYYYMMDD），例如1980年12月6日，則填寫：19801206,,Big5 encodability | max length 8 | date format | cross-field business rules,QBC-FORMAT-DATE,qbc_workbench.validation,tests/test_conformance.py,implemented,verified-by-test
T04,轉出日期,※「T02」為 [3.轉他院治療(必填轉出日期)]或 「T03」為[2.轉他院追蹤(必填轉出日期)]時必填。 固定8碼，西元年（YYYYMMDD），例如1980年12月6日，則填寫：19801206,,Big5 encodability | max length 8 | date format | cross-field business rules,QBC-T04-TRANSFER,qbc_workbench.validation,tests/test_conformance.py,implemented,verified-by-test
T05,結案日期,※「T02」為[6.於治療中復發]或 「T03」為[3.個案中斷追蹤]、[5.於追蹤中復發]時必填。 固定8碼，西元年（YYYYMMDD），例如1980年12月6日，則填寫：19801206,,Big5 encodability | max length 8 | date format | cross-field business rules,QBC-ENCODING-BIG5,qbc_workbench.validation,tests/test_conformance.py,implemented,verified-by-test
T05,結案日期,※「T02」為[6.於治療中復發]或 「T03」為[3.個案中斷追蹤]、[5.於追蹤中復發]時必填。 固定8碼，西元年（YYYYMMDD），例如1980年12月6日，則填寫：19801206,,Big5 encodability | max length 8 | date format | cross-field business rules,QBC-FORMAT-LENGTH,qbc_workbench.validation,tests/test_conformance.py,implemented,verified-by-test
T05,結案日期,※「T02」為[6.於治療中復發]或 「T03」為[3.個案中斷追蹤]、[5.於追蹤中復發]時必填。 固定8碼，西元年（YYYYMMDD），例如1980年12月6日，則填寫：19801206,,Big5 encodability | max length 8 | date format | cross-field business rules,QBC-FORMAT-DATE,qbc_workbench.validation,tests/test_conformance.py,implemented,verified-by-test
T05,結案日期,※「T02」為[6.於治療中復發]或 「T03」為[3.個案中斷追蹤]、[5.於追蹤中復發]時必填。 固定8碼，西元年（YYYYMMDD），例如1980年12月6日，則填寫：19801206,,Big5 encodability | max length 8 | date format | cross-field business rules,QBC-T05-CLOSE,qbc_workbench.validation,tests/test_conformance.py,implemented,verified-by-test
T06,死亡日期,※死亡視同結案。 「T02」為[5.於治療中死亡]或 「T03」為[4.於追蹤中死亡]時必填。 固定8碼，西元年（YYYYMMDD），例如1980年12月6日，則填寫：19801206,,Big5 encodability | max length 8 | date format | cross-field business rules,QBC-ENCODING-BIG5,qbc_workbench.validation,tests/test_conformance.py,implemented,verified-by-test
T06,死亡日期,※死亡視同結案。 「T02」為[5.於治療中死亡]或 「T03」為[4.於追蹤中死亡]時必填。 固定8碼，西元年（YYYYMMDD），例如1980年12月6日，則填寫：19801206,,Big5 encodability | max length 8 | date format | cross-field business rules,QBC-FORMAT-LENGTH,qbc_workbench.validation,tests/test_conformance.py,implemented,verified-by-test
T06,死亡日期,※死亡視同結案。 「T02」為[5.於治療中死亡]或 「T03」為[4.於追蹤中死亡]時必填。 固定8碼，西元年（YYYYMMDD），例如1980年12月6日，則填寫：19801206,,Big5 encodability | max length 8 | date format | cross-field business rules,QBC-FORMAT-DATE,qbc_workbench.validation,tests/test_conformance.py,implemented,verified-by-test
T06,死亡日期,※死亡視同結案。 「T02」為[5.於治療中死亡]或 「T03」為[4.於追蹤中死亡]時必填。 固定8碼，西元年（YYYYMMDD），例如1980年12月6日，則填寫：19801206,,Big5 encodability | max length 8 | date format | cross-field business rules,QBC-T06-DEATH,qbc_workbench.validation,tests/test_conformance.py,implemented,verified-by-test
