cancer_group,source_field,source_code_system,source_value_set,source_code,source_display,target_system,target_version,target_code,relationship,review_status,reviewer,evidence_reference,decision_date,notes
breast,SEX,https://erichuang777777.github.io/TW-Breast-Cancer-FHIR-IG/CodeSystem/tcr-breast-sex,https://erichuang777777.github.io/TW-Breast-Cancer-FHIR-IG/ValueSet/tcr-breast-sex-vs,1,男性。,,,,,not-started,,,,Do not publish as ConceptMap until reviewed.
breast,SEX,https://erichuang777777.github.io/TW-Breast-Cancer-FHIR-IG/CodeSystem/tcr-breast-sex,https://erichuang777777.github.io/TW-Breast-Cancer-FHIR-IG/ValueSet/tcr-breast-sex-vs,2,女性。,,,,,not-started,,,,Do not publish as ConceptMap until reviewed.
breast,SEX,https://erichuang777777.github.io/TW-Breast-Cancer-FHIR-IG/CodeSystem/tcr-breast-sex,https://erichuang777777.github.io/TW-Breast-Cancer-FHIR-IG/ValueSet/tcr-breast-sex-vs,3,其他，例如：雙性人(hermaphrodite)。,,,,,not-started,,,,Do not publish as ConceptMap until reviewed.
breast,SEX,https://erichuang777777.github.io/TW-Breast-Cancer-FHIR-IG/CodeSystem/tcr-breast-sex,https://erichuang777777.github.io/TW-Breast-Cancer-FHIR-IG/ValueSet/tcr-breast-sex-vs,4,變性人。,,,,,not-started,,,,Do not publish as ConceptMap until reviewed.
breast,SEX,https://erichuang777777.github.io/TW-Breast-Cancer-FHIR-IG/CodeSystem/tcr-breast-sex,https://erichuang777777.github.io/TW-Breast-Cancer-FHIR-IG/ValueSet/tcr-breast-sex-vs,9,不詳或在病歷上未記載。,,,,,not-started,,,,Do not publish as ConceptMap until reviewed.
breast,KPSECOG,https://erichuang777777.github.io/TW-Breast-Cancer-FHIR-IG/CodeSystem/tcr-breast-kpsecog,https://erichuang777777.github.io/TW-Breast-Cancer-FHIR-IG/ValueSet/tcr-breast-kpsecog-vs,000,僅記載 ECOG PS 0（KPS 未評估）：活動性與生病之前無異，不受疾病影響。,,,,,not-started,,,,Do not publish as ConceptMap until reviewed.
breast,KPSECOG,https://erichuang777777.github.io/TW-Breast-Cancer-FHIR-IG/CodeSystem/tcr-breast-kpsecog,https://erichuang777777.github.io/TW-Breast-Cancer-FHIR-IG/ValueSet/tcr-breast-kpsecog-vs,001,僅記載 ECOG PS 1（KPS 未評估）：無法做劇烈活動，但可以走動與從事輕鬆或坐著的工作。,,,,,not-started,,,,Do not publish as ConceptMap until reviewed.
breast,KPSECOG,https://erichuang777777.github.io/TW-Breast-Cancer-FHIR-IG/CodeSystem/tcr-breast-kpsecog,https://erichuang777777.github.io/TW-Breast-Cancer-FHIR-IG/ValueSet/tcr-breast-kpsecog-vs,002,僅記載 ECOG PS 2（KPS 未評估）：可以走動，可以完全自我照顧，但無法工作。,,,,,not-started,,,,Do not publish as ConceptMap until reviewed.
breast,KPSECOG,https://erichuang777777.github.io/TW-Breast-Cancer-FHIR-IG/CodeSystem/tcr-breast-kpsecog,https://erichuang777777.github.io/TW-Breast-Cancer-FHIR-IG/ValueSet/tcr-breast-kpsecog-vs,003,僅記載 ECOG PS 3（KPS 未評估）：自我照顧能力有限，一半以上的清醒時刻需臥床或坐輪椅。,,,,,not-started,,,,Do not publish as ConceptMap until reviewed.
breast,KPSECOG,https://erichuang777777.github.io/TW-Breast-Cancer-FHIR-IG/CodeSystem/tcr-breast-kpsecog,https://erichuang777777.github.io/TW-Breast-Cancer-FHIR-IG/ValueSet/tcr-breast-kpsecog-vs,004,僅記載 ECOG PS 4（KPS 未評估）：處於完全失能狀態，生活完全無法自理。,,,,,not-started,,,,Do not publish as ConceptMap until reviewed.
breast,KPSECOG,https://erichuang777777.github.io/TW-Breast-Cancer-FHIR-IG/CodeSystem/tcr-breast-kpsecog,https://erichuang777777.github.io/TW-Breast-Cancer-FHIR-IG/ValueSet/tcr-breast-kpsecog-vs,005,未治療即死亡（KPS=0 及/或 ECOG PS=5）。,,,,,not-started,,,,Do not publish as ConceptMap until reviewed.
breast,KPSECOG,https://erichuang777777.github.io/TW-Breast-Cancer-FHIR-IG/CodeSystem/tcr-breast-kpsecog,https://erichuang777777.github.io/TW-Breast-Cancer-FHIR-IG/ValueSet/tcr-breast-kpsecog-vs,100,KPS=100，ECOG PS=0：正常，沒有任何抱怨，確定沒有疾病。,,,,,not-started,,,,Do not publish as ConceptMap until reviewed.
breast,KPSECOG,https://erichuang777777.github.io/TW-Breast-Cancer-FHIR-IG/CodeSystem/tcr-breast-kpsecog,https://erichuang777777.github.io/TW-Breast-Cancer-FHIR-IG/ValueSet/tcr-breast-kpsecog-vs,104,KPS=10，ECOG PS=4：病況緊急，很快有死亡的危險。,,,,,not-started,,,,Do not publish as ConceptMap until reviewed.
breast,KPSECOG,https://erichuang777777.github.io/TW-Breast-Cancer-FHIR-IG/CodeSystem/tcr-breast-kpsecog,https://erichuang777777.github.io/TW-Breast-Cancer-FHIR-IG/ValueSet/tcr-breast-kpsecog-vs,204,KPS=20，ECOG PS=4：病情嚴重，尚未有死亡的危險。,,,,,not-started,,,,Do not publish as ConceptMap until reviewed.
breast,KPSECOG,https://erichuang777777.github.io/TW-Breast-Cancer-FHIR-IG/CodeSystem/tcr-breast-kpsecog,https://erichuang777777.github.io/TW-Breast-Cancer-FHIR-IG/ValueSet/tcr-breast-kpsecog-vs,209,KPS=20（ECOG 未評估）：病情嚴重，尚未有死亡的危險。,,,,,not-started,,,,Do not publish as ConceptMap until reviewed.
breast,KPSECOG,https://erichuang777777.github.io/TW-Breast-Cancer-FHIR-IG/CodeSystem/tcr-breast-kpsecog,https://erichuang777777.github.io/TW-Breast-Cancer-FHIR-IG/ValueSet/tcr-breast-kpsecog-vs,303,KPS=30，ECOG PS=3：嚴重傷殘，尚未有死亡的危險。,,,,,not-started,,,,Do not publish as ConceptMap until reviewed.
breast,KPSECOG,https://erichuang777777.github.io/TW-Breast-Cancer-FHIR-IG/CodeSystem/tcr-breast-kpsecog,https://erichuang777777.github.io/TW-Breast-Cancer-FHIR-IG/ValueSet/tcr-breast-kpsecog-vs,304,KPS=30，ECOG PS=4：嚴重傷殘，尚未有死亡的危險。,,,,,not-started,,,,Do not publish as ConceptMap until reviewed.
breast,KPSECOG,https://erichuang777777.github.io/TW-Breast-Cancer-FHIR-IG/CodeSystem/tcr-breast-kpsecog,https://erichuang777777.github.io/TW-Breast-Cancer-FHIR-IG/ValueSet/tcr-breast-kpsecog-vs,309,KPS=30（ECOG 未評估）：嚴重傷殘，尚未有死亡的危險。,,,,,not-started,,,,Do not publish as ConceptMap until reviewed.
breast,KPSECOG,https://erichuang777777.github.io/TW-Breast-Cancer-FHIR-IG/CodeSystem/tcr-breast-kpsecog,https://erichuang777777.github.io/TW-Breast-Cancer-FHIR-IG/ValueSet/tcr-breast-kpsecog-vs,403,KPS=40，ECOG PS=3：傷殘，需要特別照顧及幫助。,,,,,not-started,,,,Do not publish as ConceptMap until reviewed.
breast,KPSECOG,https://erichuang777777.github.io/TW-Breast-Cancer-FHIR-IG/CodeSystem/tcr-breast-kpsecog,https://erichuang777777.github.io/TW-Breast-Cancer-FHIR-IG/ValueSet/tcr-breast-kpsecog-vs,409,KPS=40（ECOG 未評估）：傷殘，需要特別照顧及幫助。,,,,,not-started,,,,Do not publish as ConceptMap until reviewed.
breast,KPSECOG,https://erichuang777777.github.io/TW-Breast-Cancer-FHIR-IG/CodeSystem/tcr-breast-kpsecog,https://erichuang777777.github.io/TW-Breast-Cancer-FHIR-IG/ValueSet/tcr-breast-kpsecog-vs,502,KPS=50，ECOG PS=2：需要考慮別人幫助，經常給予醫療照顧。,,,,,not-started,,,,Do not publish as ConceptMap until reviewed.
breast,KPSECOG,https://erichuang777777.github.io/TW-Breast-Cancer-FHIR-IG/CodeSystem/tcr-breast-kpsecog,https://erichuang777777.github.io/TW-Breast-Cancer-FHIR-IG/ValueSet/tcr-breast-kpsecog-vs,503,KPS=50，ECOG PS=3：需要考慮別人幫助，經常給予醫療照顧。,,,,,not-started,,,,Do not publish as ConceptMap until reviewed.
breast,KPSECOG,https://erichuang777777.github.io/TW-Breast-Cancer-FHIR-IG/CodeSystem/tcr-breast-kpsecog,https://erichuang777777.github.io/TW-Breast-Cancer-FHIR-IG/ValueSet/tcr-breast-kpsecog-vs,509,KPS=50（ECOG 未評估）：需要考慮別人幫助，經常給予醫療照顧。,,,,,not-started,,,,Do not publish as ConceptMap until reviewed.
breast,KPSECOG,https://erichuang777777.github.io/TW-Breast-Cancer-FHIR-IG/CodeSystem/tcr-breast-kpsecog,https://erichuang777777.github.io/TW-Breast-Cancer-FHIR-IG/ValueSet/tcr-breast-kpsecog-vs,602,KPS=60，ECOG PS=2：有時需要別人幫助，但能照顧自己大部分需要。,,,,,not-started,,,,Do not publish as ConceptMap until reviewed.
breast,KPSECOG,https://erichuang777777.github.io/TW-Breast-Cancer-FHIR-IG/CodeSystem/tcr-breast-kpsecog,https://erichuang777777.github.io/TW-Breast-Cancer-FHIR-IG/ValueSet/tcr-breast-kpsecog-vs,609,KPS=60（ECOG 未評估）：有時需要別人幫助，但能照顧自己大部分需要。,,,,,not-started,,,,Do not publish as ConceptMap until reviewed.
breast,KPSECOG,https://erichuang777777.github.io/TW-Breast-Cancer-FHIR-IG/CodeSystem/tcr-breast-kpsecog,https://erichuang777777.github.io/TW-Breast-Cancer-FHIR-IG/ValueSet/tcr-breast-kpsecog-vs,701,KPS=70，ECOG PS=1：可以自我照顧，但無法從事正常活動。,,,,,not-started,,,,Do not publish as ConceptMap until reviewed.
breast,KPSECOG,https://erichuang777777.github.io/TW-Breast-Cancer-FHIR-IG/CodeSystem/tcr-breast-kpsecog,https://erichuang777777.github.io/TW-Breast-Cancer-FHIR-IG/ValueSet/tcr-breast-kpsecog-vs,702,KPS=70，ECOG PS=2：可以自我照顧，但無法從事正常活動。,,,,,not-started,,,,Do not publish as ConceptMap until reviewed.
breast,KPSECOG,https://erichuang777777.github.io/TW-Breast-Cancer-FHIR-IG/CodeSystem/tcr-breast-kpsecog,https://erichuang777777.github.io/TW-Breast-Cancer-FHIR-IG/ValueSet/tcr-breast-kpsecog-vs,709,KPS=70（ECOG 未評估）：可以自我照顧，但無法從事正常活動。,,,,,not-started,,,,Do not publish as ConceptMap until reviewed.
breast,KPSECOG,https://erichuang777777.github.io/TW-Breast-Cancer-FHIR-IG/CodeSystem/tcr-breast-kpsecog,https://erichuang777777.github.io/TW-Breast-Cancer-FHIR-IG/ValueSet/tcr-breast-kpsecog-vs,801,KPS=80，ECOG PS=1：可以稍微正常活動，已經有一些疾病的症狀。,,,,,not-started,,,,Do not publish as ConceptMap until reviewed.
breast,KPSECOG,https://erichuang777777.github.io/TW-Breast-Cancer-FHIR-IG/CodeSystem/tcr-breast-kpsecog,https://erichuang777777.github.io/TW-Breast-Cancer-FHIR-IG/ValueSet/tcr-breast-kpsecog-vs,809,KPS=80（ECOG 未評估）：可以稍微正常活動，已經有一些疾病的症狀。,,,,,not-started,,,,Do not publish as ConceptMap until reviewed.
breast,KPSECOG,https://erichuang777777.github.io/TW-Breast-Cancer-FHIR-IG/CodeSystem/tcr-breast-kpsecog,https://erichuang777777.github.io/TW-Breast-Cancer-FHIR-IG/ValueSet/tcr-breast-kpsecog-vs,900,KPS=90，ECOG PS=0：可以正常活動，有一些疾病症狀。,,,,,not-started,,,,Do not publish as ConceptMap until reviewed.
breast,KPSECOG,https://erichuang777777.github.io/TW-Breast-Cancer-FHIR-IG/CodeSystem/tcr-breast-kpsecog,https://erichuang777777.github.io/TW-Breast-Cancer-FHIR-IG/ValueSet/tcr-breast-kpsecog-vs,901,KPS=90，ECOG PS=1：可以正常活動，有一些疾病症狀。,,,,,not-started,,,,Do not publish as ConceptMap until reviewed.
breast,KPSECOG,https://erichuang777777.github.io/TW-Breast-Cancer-FHIR-IG/CodeSystem/tcr-breast-kpsecog,https://erichuang777777.github.io/TW-Breast-Cancer-FHIR-IG/ValueSet/tcr-breast-kpsecog-vs,909,KPS=90（ECOG 未評估）：可以正常活動，有一些疾病症狀。,,,,,not-started,,,,Do not publish as ConceptMap until reviewed.
breast,KPSECOG,https://erichuang777777.github.io/TW-Breast-Cancer-FHIR-IG/CodeSystem/tcr-breast-kpsecog,https://erichuang777777.github.io/TW-Breast-Cancer-FHIR-IG/ValueSet/tcr-breast-kpsecog-vs,988,不適用：首次療程已在他院執行，無法取得治療前之生活功能狀態評估值。,,,,,not-started,,,,Do not publish as ConceptMap until reviewed.
breast,KPSECOG,https://erichuang777777.github.io/TW-Breast-Cancer-FHIR-IG/CodeSystem/tcr-breast-kpsecog,https://erichuang777777.github.io/TW-Breast-Cancer-FHIR-IG/ValueSet/tcr-breast-kpsecog-vs,999,病歷未記載或不詳。,,,,,not-started,,,,Do not publish as ConceptMap until reviewed.
breast,CLASS95,https://erichuang777777.github.io/TW-Breast-Cancer-FHIR-IG/CodeSystem/tcr-breast-class95,https://erichuang777777.github.io/TW-Breast-Cancer-FHIR-IG/ValueSet/tcr-breast-class95-vs,0,申報醫院診斷，但未於申報醫院接受首次療程。,,,,,not-started,,,,Do not publish as ConceptMap until reviewed.
breast,CLASS95,https://erichuang777777.github.io/TW-Breast-Cancer-FHIR-IG/CodeSystem/tcr-breast-class95,https://erichuang777777.github.io/TW-Breast-Cancer-FHIR-IG/ValueSet/tcr-breast-class95-vs,1,申報醫院診斷，並於申報醫院接受全部或部份的首次療程。,,,,,not-started,,,,Do not publish as ConceptMap until reviewed.
breast,CLASS95,https://erichuang777777.github.io/TW-Breast-Cancer-FHIR-IG/CodeSystem/tcr-breast-class95,https://erichuang777777.github.io/TW-Breast-Cancer-FHIR-IG/ValueSet/tcr-breast-class95-vs,2,他院診斷，於申報醫院接受全部或部份的首次療程。,,,,,not-started,,,,Do not publish as ConceptMap until reviewed.
breast,CLASS95,https://erichuang777777.github.io/TW-Breast-Cancer-FHIR-IG/CodeSystem/tcr-breast-class95,https://erichuang777777.github.io/TW-Breast-Cancer-FHIR-IG/ValueSet/tcr-breast-class95-vs,3,他院診斷，未於申報醫院接受任何首次療程；因復發或持續癌症問題至申報醫院就診。,,,,,not-started,,,,Do not publish as ConceptMap until reviewed.
breast,CLASS95,https://erichuang777777.github.io/TW-Breast-Cancer-FHIR-IG/CodeSystem/tcr-breast-class95,https://erichuang777777.github.io/TW-Breast-Cancer-FHIR-IG/ValueSet/tcr-breast-class95-vs,5,屍體解剖時才診斷為癌症。,,,,,not-started,,,,Do not publish as ConceptMap until reviewed.
breast,CLASS95,https://erichuang777777.github.io/TW-Breast-Cancer-FHIR-IG/CodeSystem/tcr-breast-class95,https://erichuang777777.github.io/TW-Breast-Cancer-FHIR-IG/ValueSet/tcr-breast-class95-vs,7,僅有病理檢查報告，個案未因診斷或治療癌症而到申報醫院（不需申報）。,,,,,not-started,,,,Do not publish as ConceptMap until reviewed.
breast,CLASS95,https://erichuang777777.github.io/TW-Breast-Cancer-FHIR-IG/CodeSystem/tcr-breast-class95,https://erichuang777777.github.io/TW-Breast-Cancer-FHIR-IG/ValueSet/tcr-breast-class95-vs,8,僅由死亡診斷證明書診斷為癌症（不需申報）。,,,,,not-started,,,,Do not publish as ConceptMap until reviewed.
breast,CLASS95,https://erichuang777777.github.io/TW-Breast-Cancer-FHIR-IG/CodeSystem/tcr-breast-class95,https://erichuang777777.github.io/TW-Breast-Cancer-FHIR-IG/ValueSet/tcr-breast-class95-vs,9,不詳，病歷上未記載足以決定個案分類的資訊。,,,,,not-started,,,,Do not publish as ConceptMap until reviewed.
breast,CLASSOFDIAG,https://erichuang777777.github.io/TW-Breast-Cancer-FHIR-IG/CodeSystem/tcr-breast-classofdiag,https://erichuang777777.github.io/TW-Breast-Cancer-FHIR-IG/ValueSet/tcr-breast-classofdiag-vs,1,於申報醫院診斷。,,,,,not-started,,,,Do not publish as ConceptMap until reviewed.
breast,CLASSOFDIAG,https://erichuang777777.github.io/TW-Breast-Cancer-FHIR-IG/CodeSystem/tcr-breast-classofdiag,https://erichuang777777.github.io/TW-Breast-Cancer-FHIR-IG/ValueSet/tcr-breast-classofdiag-vs,2,於他院診斷，因該癌症於首次療程內/未復發/復發狀況不明下，至申報醫院就診。,,,,,not-started,,,,Do not publish as ConceptMap until reviewed.
breast,CLASSOFDIAG,https://erichuang777777.github.io/TW-Breast-Cancer-FHIR-IG/CodeSystem/tcr-breast-classofdiag,https://erichuang777777.github.io/TW-Breast-Cancer-FHIR-IG/ValueSet/tcr-breast-classofdiag-vs,3,於他院診斷，因該癌症復發或惡化後，才至申報醫院就診。,,,,,not-started,,,,Do not publish as ConceptMap until reviewed.
breast,CLASSOFDIAG,https://erichuang777777.github.io/TW-Breast-Cancer-FHIR-IG/CodeSystem/tcr-breast-classofdiag,https://erichuang777777.github.io/TW-Breast-Cancer-FHIR-IG/ValueSet/tcr-breast-classofdiag-vs,5,屍體解剖時才診斷為癌症。,,,,,not-started,,,,Do not publish as ConceptMap until reviewed.
breast,CLASSOFDIAG,https://erichuang777777.github.io/TW-Breast-Cancer-FHIR-IG/CodeSystem/tcr-breast-classofdiag,https://erichuang777777.github.io/TW-Breast-Cancer-FHIR-IG/ValueSet/tcr-breast-classofdiag-vs,7,僅有病理檢查報告，個案未因診斷或治療癌症而到申報醫院。,,,,,not-started,,,,Do not publish as ConceptMap until reviewed.
breast,CLASSOFDIAG,https://erichuang777777.github.io/TW-Breast-Cancer-FHIR-IG/CodeSystem/tcr-breast-classofdiag,https://erichuang777777.github.io/TW-Breast-Cancer-FHIR-IG/ValueSet/tcr-breast-classofdiag-vs,8,僅由死亡診斷證明書診斷為癌症。,,,,,not-started,,,,Do not publish as ConceptMap until reviewed.
breast,CLASSOFTREAT,https://erichuang777777.github.io/TW-Breast-Cancer-FHIR-IG/CodeSystem/tcr-breast-classoftreat,https://erichuang777777.github.io/TW-Breast-Cancer-FHIR-IG/ValueSet/tcr-breast-classoftreat-vs,0,未於申報醫院接受任何治療即死亡。,,,,,not-started,,,,Do not publish as ConceptMap until reviewed.
breast,CLASSOFTREAT,https://erichuang777777.github.io/TW-Breast-Cancer-FHIR-IG/CodeSystem/tcr-breast-classoftreat,https://erichuang777777.github.io/TW-Breast-Cancer-FHIR-IG/ValueSet/tcr-breast-classoftreat-vs,1,僅於申報醫院接受首次療程，未於他院接受任何首次療程。,,,,,not-started,,,,Do not publish as ConceptMap until reviewed.
breast,CLASSOFTREAT,https://erichuang777777.github.io/TW-Breast-Cancer-FHIR-IG/CodeSystem/tcr-breast-classoftreat,https://erichuang777777.github.io/TW-Breast-Cancer-FHIR-IG/ValueSet/tcr-breast-classoftreat-vs,2,未於申報醫院接受任何首次療程（僅於他院接受，或主要治療計畫由他院規劃）。,,,,,not-started,,,,Do not publish as ConceptMap until reviewed.
breast,CLASSOFTREAT,https://erichuang777777.github.io/TW-Breast-Cancer-FHIR-IG/CodeSystem/tcr-breast-classoftreat,https://erichuang777777.github.io/TW-Breast-Cancer-FHIR-IG/ValueSet/tcr-breast-classoftreat-vs,3,於申報醫院接受部分首次療程，也於他院接受部分首次療程。,,,,,not-started,,,,Do not publish as ConceptMap until reviewed.
breast,CLASSOFTREAT,https://erichuang777777.github.io/TW-Breast-Cancer-FHIR-IG/CodeSystem/tcr-breast-classoftreat,https://erichuang777777.github.io/TW-Breast-Cancer-FHIR-IG/ValueSet/tcr-breast-classoftreat-vs,4,首次療程為不予治療或再密切觀察，或僅給予非腫瘤切除之緩和性手術/疼痛控制/支持療法。,,,,,not-started,,,,Do not publish as ConceptMap until reviewed.
breast,CLASSOFTREAT,https://erichuang777777.github.io/TW-Breast-Cancer-FHIR-IG/CodeSystem/tcr-breast-classoftreat,https://erichuang777777.github.io/TW-Breast-Cancer-FHIR-IG/ValueSet/tcr-breast-classoftreat-vs,5,首次療程僅有另類治療。,,,,,not-started,,,,Do not publish as ConceptMap until reviewed.
breast,CLASSOFTREAT,https://erichuang777777.github.io/TW-Breast-Cancer-FHIR-IG/CodeSystem/tcr-breast-classoftreat,https://erichuang777777.github.io/TW-Breast-Cancer-FHIR-IG/ValueSet/tcr-breast-classoftreat-vs,6,首次療程為個案拒絕治療。,,,,,not-started,,,,Do not publish as ConceptMap until reviewed.
breast,CLASSOFTREAT,https://erichuang777777.github.io/TW-Breast-Cancer-FHIR-IG/CodeSystem/tcr-breast-classoftreat,https://erichuang777777.github.io/TW-Breast-Cancer-FHIR-IG/ValueSet/tcr-breast-classoftreat-vs,7,他院診斷及治療，因癌症或其治療的併發症至申報醫院求診。,,,,,not-started,,,,Do not publish as ConceptMap until reviewed.
breast,CLASSOFTREAT,https://erichuang777777.github.io/TW-Breast-Cancer-FHIR-IG/CodeSystem/tcr-breast-classoftreat,https://erichuang777777.github.io/TW-Breast-Cancer-FHIR-IG/ValueSet/tcr-breast-classoftreat-vs,8,他院診斷個案，為了其他疾病至申報醫院求診（不需申報）。,,,,,not-started,,,,Do not publish as ConceptMap until reviewed.
breast,CLASSOFTREAT,https://erichuang777777.github.io/TW-Breast-Cancer-FHIR-IG/CodeSystem/tcr-breast-classoftreat,https://erichuang777777.github.io/TW-Breast-Cancer-FHIR-IG/ValueSet/tcr-breast-classoftreat-vs,9,首次療程不詳，也無法確認個案拒絕治療。,,,,,not-started,,,,Do not publish as ConceptMap until reviewed.
breast,LAT95,https://erichuang777777.github.io/TW-Breast-Cancer-FHIR-IG/CodeSystem/tcr-breast-lat95,https://erichuang777777.github.io/TW-Breast-Cancer-FHIR-IG/ValueSet/tcr-breast-lat95-vs,0,不是成對器官。,,,,,not-started,,,,Do not publish as ConceptMap until reviewed.
breast,LAT95,https://erichuang777777.github.io/TW-Breast-Cancer-FHIR-IG/CodeSystem/tcr-breast-lat95,https://erichuang777777.github.io/TW-Breast-Cancer-FHIR-IG/ValueSet/tcr-breast-lat95-vs,1,原發起源位在右側。,,,,,not-started,,,,Do not publish as ConceptMap until reviewed.
breast,LAT95,https://erichuang777777.github.io/TW-Breast-Cancer-FHIR-IG/CodeSystem/tcr-breast-lat95,https://erichuang777777.github.io/TW-Breast-Cancer-FHIR-IG/ValueSet/tcr-breast-lat95-vs,2,原發起源位在左側。,,,,,not-started,,,,Do not publish as ConceptMap until reviewed.
breast,LAT95,https://erichuang777777.github.io/TW-Breast-Cancer-FHIR-IG/CodeSystem/tcr-breast-lat95,https://erichuang777777.github.io/TW-Breast-Cancer-FHIR-IG/ValueSet/tcr-breast-lat95-vs,3,成對器官，只有單側侵犯，但起源於左側或右側則不清楚。,,,,,not-started,,,,Do not publish as ConceptMap until reviewed.
breast,LAT95,https://erichuang777777.github.io/TW-Breast-Cancer-FHIR-IG/CodeSystem/tcr-breast-lat95,https://erichuang777777.github.io/TW-Breast-Cancer-FHIR-IG/ValueSet/tcr-breast-lat95-vs,4,成對器官，雙側侵犯但起源之側位不清楚，且病歷描述是單一原發。,,,,,not-started,,,,Do not publish as ConceptMap until reviewed.
breast,LAT95,https://erichuang777777.github.io/TW-Breast-Cancer-FHIR-IG/CodeSystem/tcr-breast-lat95,https://erichuang777777.github.io/TW-Breast-Cancer-FHIR-IG/ValueSet/tcr-breast-lat95-vs,5,原發部位為身體中線的腫瘤（成對器官）。,,,,,not-started,,,,Do not publish as ConceptMap until reviewed.
breast,LAT95,https://erichuang777777.github.io/TW-Breast-Cancer-FHIR-IG/CodeSystem/tcr-breast-lat95,https://erichuang777777.github.io/TW-Breast-Cancer-FHIR-IG/ValueSet/tcr-breast-lat95-vs,9,成對器官，但其側位不清楚。,,,,,not-started,,,,Do not publish as ConceptMap until reviewed.
breast,MCODE5,https://erichuang777777.github.io/TW-Breast-Cancer-FHIR-IG/CodeSystem/tcr-breast-mcode5,https://erichuang777777.github.io/TW-Breast-Cancer-FHIR-IG/ValueSet/tcr-breast-mcode5-vs,2,原位（in situ），不具侵襲性。,,,,,not-started,,,,Do not publish as ConceptMap until reviewed.
breast,MCODE5,https://erichuang777777.github.io/TW-Breast-Cancer-FHIR-IG/CodeSystem/tcr-breast-mcode5,https://erichuang777777.github.io/TW-Breast-Cancer-FHIR-IG/ValueSet/tcr-breast-mcode5-vs,3,侵襲性（invasive）或微侵襲。,,,,,not-started,,,,Do not publish as ConceptMap until reviewed.
breast,CONFER,https://erichuang777777.github.io/TW-Breast-Cancer-FHIR-IG/CodeSystem/tcr-breast-confer,https://erichuang777777.github.io/TW-Breast-Cancer-FHIR-IG/ValueSet/tcr-breast-confer-vs,1,組織病理學確診(Positive histology)。,,,,,not-started,,,,Do not publish as ConceptMap until reviewed.
breast,CONFER,https://erichuang777777.github.io/TW-Breast-Cancer-FHIR-IG/CodeSystem/tcr-breast-confer,https://erichuang777777.github.io/TW-Breast-Cancer-FHIR-IG/ValueSet/tcr-breast-confer-vs,2,細胞學確診(Positive cytology)。,,,,,not-started,,,,Do not publish as ConceptMap until reviewed.
breast,CONFER,https://erichuang777777.github.io/TW-Breast-Cancer-FHIR-IG/CodeSystem/tcr-breast-confer,https://erichuang777777.github.io/TW-Breast-Cancer-FHIR-IG/ValueSet/tcr-breast-confer-vs,4,經顯微鏡檢證實，但未描述其確診方式。,,,,,not-started,,,,Do not publish as ConceptMap until reviewed.
breast,CONFER,https://erichuang777777.github.io/TW-Breast-Cancer-FHIR-IG/CodeSystem/tcr-breast-confer,https://erichuang777777.github.io/TW-Breast-Cancer-FHIR-IG/ValueSet/tcr-breast-confer-vs,5,實驗室檢驗/腫瘤標記檢查為陽性，但未經顯微鏡檢證實。,,,,,not-started,,,,Do not publish as ConceptMap until reviewed.
breast,CONFER,https://erichuang777777.github.io/TW-Breast-Cancer-FHIR-IG/CodeSystem/tcr-breast-confer,https://erichuang777777.github.io/TW-Breast-Cancer-FHIR-IG/ValueSet/tcr-breast-confer-vs,6,直接察看診斷為癌症，但未經顯微鏡檢證實。,,,,,not-started,,,,Do not publish as ConceptMap until reviewed.
breast,CONFER,https://erichuang777777.github.io/TW-Breast-Cancer-FHIR-IG/CodeSystem/tcr-breast-confer,https://erichuang777777.github.io/TW-Breast-Cancer-FHIR-IG/ValueSet/tcr-breast-confer-vs,7,放射線或其他影像學檢查診斷為癌症，但未經顯微鏡檢證實。,,,,,not-started,,,,Do not publish as ConceptMap until reviewed.
breast,CONFER,https://erichuang777777.github.io/TW-Breast-Cancer-FHIR-IG/CodeSystem/tcr-breast-confer,https://erichuang777777.github.io/TW-Breast-Cancer-FHIR-IG/ValueSet/tcr-breast-confer-vs,8,僅臨床診斷(不包含5、6、7)。,,,,,not-started,,,,Do not publish as ConceptMap until reviewed.
breast,CONFER,https://erichuang777777.github.io/TW-Breast-Cancer-FHIR-IG/CodeSystem/tcr-breast-confer,https://erichuang777777.github.io/TW-Breast-Cancer-FHIR-IG/ValueSet/tcr-breast-confer-vs,9,不清楚是否經顯微鏡檢證實。,,,,,not-started,,,,Do not publish as ConceptMap until reviewed.
breast,PNI,https://erichuang777777.github.io/TW-Breast-Cancer-FHIR-IG/CodeSystem/tcr-breast-pni,https://erichuang777777.github.io/TW-Breast-Cancer-FHIR-IG/ValueSet/tcr-breast-pni-vs,0,無神經侵襲。,,,,,not-started,,,,Do not publish as ConceptMap until reviewed.
breast,PNI,https://erichuang777777.github.io/TW-Breast-Cancer-FHIR-IG/CodeSystem/tcr-breast-pni,https://erichuang777777.github.io/TW-Breast-Cancer-FHIR-IG/ValueSet/tcr-breast-pni-vs,1,有神經侵襲。,,,,,not-started,,,,Do not publish as ConceptMap until reviewed.
breast,PNI,https://erichuang777777.github.io/TW-Breast-Cancer-FHIR-IG/CodeSystem/tcr-breast-pni,https://erichuang777777.github.io/TW-Breast-Cancer-FHIR-IG/ValueSet/tcr-breast-pni-vs,7,無法判斷是否侵犯（NA、樣本太小、樣本不足、未描述、無惡性細胞）。,,,,,not-started,,,,Do not publish as ConceptMap until reviewed.
breast,PNI,https://erichuang777777.github.io/TW-Breast-Cancer-FHIR-IG/CodeSystem/tcr-breast-pni,https://erichuang777777.github.io/TW-Breast-Cancer-FHIR-IG/ValueSet/tcr-breast-pni-vs,8,不適用（GIST、NET、高度分化不良、原位癌、淋巴瘤及白血病、漿細胞骨髓瘤、中樞神經系統惡性腫瘤、原發部位不詳或未執行病理檢查）。,,,,,not-started,,,,Do not publish as ConceptMap until reviewed.
breast,PNI,https://erichuang777777.github.io/TW-Breast-Cancer-FHIR-IG/CodeSystem/tcr-breast-pni,https://erichuang777777.github.io/TW-Breast-Cancer-FHIR-IG/ValueSet/tcr-breast-pni-vs,9,病歷未記載或不詳。,,,,,not-started,,,,Do not publish as ConceptMap until reviewed.
breast,LVI,https://erichuang777777.github.io/TW-Breast-Cancer-FHIR-IG/CodeSystem/tcr-breast-lvi,https://erichuang777777.github.io/TW-Breast-Cancer-FHIR-IG/ValueSet/tcr-breast-lvi-vs,0,無淋巴管或血管侵犯。,,,,,not-started,,,,Do not publish as ConceptMap until reviewed.
breast,LVI,https://erichuang777777.github.io/TW-Breast-Cancer-FHIR-IG/CodeSystem/tcr-breast-lvi,https://erichuang777777.github.io/TW-Breast-Cancer-FHIR-IG/ValueSet/tcr-breast-lvi-vs,1,有淋巴管或血管侵犯。,,,,,not-started,,,,Do not publish as ConceptMap until reviewed.
breast,LVI,https://erichuang777777.github.io/TW-Breast-Cancer-FHIR-IG/CodeSystem/tcr-breast-lvi,https://erichuang777777.github.io/TW-Breast-Cancer-FHIR-IG/ValueSet/tcr-breast-lvi-vs,7,無法判斷是否侵犯（NA、樣本太小、樣本不足、未描述、無惡性細胞）。,,,,,not-started,,,,Do not publish as ConceptMap until reviewed.
breast,LVI,https://erichuang777777.github.io/TW-Breast-Cancer-FHIR-IG/CodeSystem/tcr-breast-lvi,https://erichuang777777.github.io/TW-Breast-Cancer-FHIR-IG/ValueSet/tcr-breast-lvi-vs,8,不適用（GIST、NET、高度分化不良、原位癌、淋巴瘤及白血病、漿細胞骨髓瘤、中樞神經系統惡性腫瘤、原發部位不詳或未執行病理檢查）。,,,,,not-started,,,,Do not publish as ConceptMap until reviewed.
breast,LVI,https://erichuang777777.github.io/TW-Breast-Cancer-FHIR-IG/CodeSystem/tcr-breast-lvi,https://erichuang777777.github.io/TW-Breast-Cancer-FHIR-IG/ValueSet/tcr-breast-lvi-vs,9,病歷未記載或不詳。,,,,,not-started,,,,Do not publish as ConceptMap until reviewed.
breast,LNEXAM,https://erichuang777777.github.io/TW-Breast-Cancer-FHIR-IG/CodeSystem/tcr-breast-lnexam,https://erichuang777777.github.io/TW-Breast-Cancer-FHIR-IG/ValueSet/tcr-breast-lnexam-vs,00,No regional lymph node examined,,,,,not-started,,,,Do not publish as ConceptMap until reviewed.
breast,LNEXAM,https://erichuang777777.github.io/TW-Breast-Cancer-FHIR-IG/CodeSystem/tcr-breast-lnexam,https://erichuang777777.github.io/TW-Breast-Cancer-FHIR-IG/ValueSet/tcr-breast-lnexam-vs,01,01,,,,,not-started,,,,Do not publish as ConceptMap until reviewed.
breast,LNEXAM,https://erichuang777777.github.io/TW-Breast-Cancer-FHIR-IG/CodeSystem/tcr-breast-lnexam,https://erichuang777777.github.io/TW-Breast-Cancer-FHIR-IG/ValueSet/tcr-breast-lnexam-vs,02,02,,,,,not-started,,,,Do not publish as ConceptMap until reviewed.
breast,LNEXAM,https://erichuang777777.github.io/TW-Breast-Cancer-FHIR-IG/CodeSystem/tcr-breast-lnexam,https://erichuang777777.github.io/TW-Breast-Cancer-FHIR-IG/ValueSet/tcr-breast-lnexam-vs,03,03,,,,,not-started,,,,Do not publish as ConceptMap until reviewed.
breast,LNEXAM,https://erichuang777777.github.io/TW-Breast-Cancer-FHIR-IG/CodeSystem/tcr-breast-lnexam,https://erichuang777777.github.io/TW-Breast-Cancer-FHIR-IG/ValueSet/tcr-breast-lnexam-vs,04,04,,,,,not-started,,,,Do not publish as ConceptMap until reviewed.
breast,LNEXAM,https://erichuang777777.github.io/TW-Breast-Cancer-FHIR-IG/CodeSystem/tcr-breast-lnexam,https://erichuang777777.github.io/TW-Breast-Cancer-FHIR-IG/ValueSet/tcr-breast-lnexam-vs,05,05,,,,,not-started,,,,Do not publish as ConceptMap until reviewed.
breast,LNEXAM,https://erichuang777777.github.io/TW-Breast-Cancer-FHIR-IG/CodeSystem/tcr-breast-lnexam,https://erichuang777777.github.io/TW-Breast-Cancer-FHIR-IG/ValueSet/tcr-breast-lnexam-vs,06,06,,,,,not-started,,,,Do not publish as ConceptMap until reviewed.
breast,LNEXAM,https://erichuang777777.github.io/TW-Breast-Cancer-FHIR-IG/CodeSystem/tcr-breast-lnexam,https://erichuang777777.github.io/TW-Breast-Cancer-FHIR-IG/ValueSet/tcr-breast-lnexam-vs,07,07,,,,,not-started,,,,Do not publish as ConceptMap until reviewed.
breast,LNEXAM,https://erichuang777777.github.io/TW-Breast-Cancer-FHIR-IG/CodeSystem/tcr-breast-lnexam,https://erichuang777777.github.io/TW-Breast-Cancer-FHIR-IG/ValueSet/tcr-breast-lnexam-vs,08,08,,,,,not-started,,,,Do not publish as ConceptMap until reviewed.
breast,LNEXAM,https://erichuang777777.github.io/TW-Breast-Cancer-FHIR-IG/CodeSystem/tcr-breast-lnexam,https://erichuang777777.github.io/TW-Breast-Cancer-FHIR-IG/ValueSet/tcr-breast-lnexam-vs,09,09,,,,,not-started,,,,Do not publish as ConceptMap until reviewed.
breast,LNEXAM,https://erichuang777777.github.io/TW-Breast-Cancer-FHIR-IG/CodeSystem/tcr-breast-lnexam,https://erichuang777777.github.io/TW-Breast-Cancer-FHIR-IG/ValueSet/tcr-breast-lnexam-vs,10,10,,,,,not-started,,,,Do not publish as ConceptMap until reviewed.
breast,LNEXAM,https://erichuang777777.github.io/TW-Breast-Cancer-FHIR-IG/CodeSystem/tcr-breast-lnexam,https://erichuang777777.github.io/TW-Breast-Cancer-FHIR-IG/ValueSet/tcr-breast-lnexam-vs,11,11,,,,,not-started,,,,Do not publish as ConceptMap until reviewed.
breast,LNEXAM,https://erichuang777777.github.io/TW-Breast-Cancer-FHIR-IG/CodeSystem/tcr-breast-lnexam,https://erichuang777777.github.io/TW-Breast-Cancer-FHIR-IG/ValueSet/tcr-breast-lnexam-vs,12,12,,,,,not-started,,,,Do not publish as ConceptMap until reviewed.
breast,LNEXAM,https://erichuang777777.github.io/TW-Breast-Cancer-FHIR-IG/CodeSystem/tcr-breast-lnexam,https://erichuang777777.github.io/TW-Breast-Cancer-FHIR-IG/ValueSet/tcr-breast-lnexam-vs,13,13,,,,,not-started,,,,Do not publish as ConceptMap until reviewed.
breast,LNEXAM,https://erichuang777777.github.io/TW-Breast-Cancer-FHIR-IG/CodeSystem/tcr-breast-lnexam,https://erichuang777777.github.io/TW-Breast-Cancer-FHIR-IG/ValueSet/tcr-breast-lnexam-vs,14,14,,,,,not-started,,,,Do not publish as ConceptMap until reviewed.
breast,LNEXAM,https://erichuang777777.github.io/TW-Breast-Cancer-FHIR-IG/CodeSystem/tcr-breast-lnexam,https://erichuang777777.github.io/TW-Breast-Cancer-FHIR-IG/ValueSet/tcr-breast-lnexam-vs,15,15,,,,,not-started,,,,Do not publish as ConceptMap until reviewed.
breast,LNEXAM,https://erichuang777777.github.io/TW-Breast-Cancer-FHIR-IG/CodeSystem/tcr-breast-lnexam,https://erichuang777777.github.io/TW-Breast-Cancer-FHIR-IG/ValueSet/tcr-breast-lnexam-vs,16,16,,,,,not-started,,,,Do not publish as ConceptMap until reviewed.
breast,LNEXAM,https://erichuang777777.github.io/TW-Breast-Cancer-FHIR-IG/CodeSystem/tcr-breast-lnexam,https://erichuang777777.github.io/TW-Breast-Cancer-FHIR-IG/ValueSet/tcr-breast-lnexam-vs,17,17,,,,,not-started,,,,Do not publish as ConceptMap until reviewed.
breast,LNEXAM,https://erichuang777777.github.io/TW-Breast-Cancer-FHIR-IG/CodeSystem/tcr-breast-lnexam,https://erichuang777777.github.io/TW-Breast-Cancer-FHIR-IG/ValueSet/tcr-breast-lnexam-vs,18,18,,,,,not-started,,,,Do not publish as ConceptMap until reviewed.
breast,LNEXAM,https://erichuang777777.github.io/TW-Breast-Cancer-FHIR-IG/CodeSystem/tcr-breast-lnexam,https://erichuang777777.github.io/TW-Breast-Cancer-FHIR-IG/ValueSet/tcr-breast-lnexam-vs,19,19,,,,,not-started,,,,Do not publish as ConceptMap until reviewed.
breast,LNEXAM,https://erichuang777777.github.io/TW-Breast-Cancer-FHIR-IG/CodeSystem/tcr-breast-lnexam,https://erichuang777777.github.io/TW-Breast-Cancer-FHIR-IG/ValueSet/tcr-breast-lnexam-vs,20,20,,,,,not-started,,,,Do not publish as ConceptMap until reviewed.
breast,LNEXAM,https://erichuang777777.github.io/TW-Breast-Cancer-FHIR-IG/CodeSystem/tcr-breast-lnexam,https://erichuang777777.github.io/TW-Breast-Cancer-FHIR-IG/ValueSet/tcr-breast-lnexam-vs,21,21,,,,,not-started,,,,Do not publish as ConceptMap until reviewed.
breast,LNEXAM,https://erichuang777777.github.io/TW-Breast-Cancer-FHIR-IG/CodeSystem/tcr-breast-lnexam,https://erichuang777777.github.io/TW-Breast-Cancer-FHIR-IG/ValueSet/tcr-breast-lnexam-vs,22,22,,,,,not-started,,,,Do not publish as ConceptMap until reviewed.
breast,LNEXAM,https://erichuang777777.github.io/TW-Breast-Cancer-FHIR-IG/CodeSystem/tcr-breast-lnexam,https://erichuang777777.github.io/TW-Breast-Cancer-FHIR-IG/ValueSet/tcr-breast-lnexam-vs,23,23,,,,,not-started,,,,Do not publish as ConceptMap until reviewed.
breast,LNEXAM,https://erichuang777777.github.io/TW-Breast-Cancer-FHIR-IG/CodeSystem/tcr-breast-lnexam,https://erichuang777777.github.io/TW-Breast-Cancer-FHIR-IG/ValueSet/tcr-breast-lnexam-vs,24,24,,,,,not-started,,,,Do not publish as ConceptMap until reviewed.
breast,LNEXAM,https://erichuang777777.github.io/TW-Breast-Cancer-FHIR-IG/CodeSystem/tcr-breast-lnexam,https://erichuang777777.github.io/TW-Breast-Cancer-FHIR-IG/ValueSet/tcr-breast-lnexam-vs,25,25,,,,,not-started,,,,Do not publish as ConceptMap until reviewed.
breast,LNEXAM,https://erichuang777777.github.io/TW-Breast-Cancer-FHIR-IG/CodeSystem/tcr-breast-lnexam,https://erichuang777777.github.io/TW-Breast-Cancer-FHIR-IG/ValueSet/tcr-breast-lnexam-vs,26,26,,,,,not-started,,,,Do not publish as ConceptMap until reviewed.
breast,LNEXAM,https://erichuang777777.github.io/TW-Breast-Cancer-FHIR-IG/CodeSystem/tcr-breast-lnexam,https://erichuang777777.github.io/TW-Breast-Cancer-FHIR-IG/ValueSet/tcr-breast-lnexam-vs,27,27,,,,,not-started,,,,Do not publish as ConceptMap until reviewed.
breast,LNEXAM,https://erichuang777777.github.io/TW-Breast-Cancer-FHIR-IG/CodeSystem/tcr-breast-lnexam,https://erichuang777777.github.io/TW-Breast-Cancer-FHIR-IG/ValueSet/tcr-breast-lnexam-vs,28,28,,,,,not-started,,,,Do not publish as ConceptMap until reviewed.
breast,LNEXAM,https://erichuang777777.github.io/TW-Breast-Cancer-FHIR-IG/CodeSystem/tcr-breast-lnexam,https://erichuang777777.github.io/TW-Breast-Cancer-FHIR-IG/ValueSet/tcr-breast-lnexam-vs,29,29,,,,,not-started,,,,Do not publish as ConceptMap until reviewed.
breast,LNEXAM,https://erichuang777777.github.io/TW-Breast-Cancer-FHIR-IG/CodeSystem/tcr-breast-lnexam,https://erichuang777777.github.io/TW-Breast-Cancer-FHIR-IG/ValueSet/tcr-breast-lnexam-vs,30,30,,,,,not-started,,,,Do not publish as ConceptMap until reviewed.
breast,LNEXAM,https://erichuang777777.github.io/TW-Breast-Cancer-FHIR-IG/CodeSystem/tcr-breast-lnexam,https://erichuang777777.github.io/TW-Breast-Cancer-FHIR-IG/ValueSet/tcr-breast-lnexam-vs,31,31,,,,,not-started,,,,Do not publish as ConceptMap until reviewed.
breast,LNEXAM,https://erichuang777777.github.io/TW-Breast-Cancer-FHIR-IG/CodeSystem/tcr-breast-lnexam,https://erichuang777777.github.io/TW-Breast-Cancer-FHIR-IG/ValueSet/tcr-breast-lnexam-vs,32,32,,,,,not-started,,,,Do not publish as ConceptMap until reviewed.
breast,LNEXAM,https://erichuang777777.github.io/TW-Breast-Cancer-FHIR-IG/CodeSystem/tcr-breast-lnexam,https://erichuang777777.github.io/TW-Breast-Cancer-FHIR-IG/ValueSet/tcr-breast-lnexam-vs,33,33,,,,,not-started,,,,Do not publish as ConceptMap until reviewed.
breast,LNEXAM,https://erichuang777777.github.io/TW-Breast-Cancer-FHIR-IG/CodeSystem/tcr-breast-lnexam,https://erichuang777777.github.io/TW-Breast-Cancer-FHIR-IG/ValueSet/tcr-breast-lnexam-vs,34,34,,,,,not-started,,,,Do not publish as ConceptMap until reviewed.
breast,LNEXAM,https://erichuang777777.github.io/TW-Breast-Cancer-FHIR-IG/CodeSystem/tcr-breast-lnexam,https://erichuang777777.github.io/TW-Breast-Cancer-FHIR-IG/ValueSet/tcr-breast-lnexam-vs,35,35,,,,,not-started,,,,Do not publish as ConceptMap until reviewed.
breast,LNEXAM,https://erichuang777777.github.io/TW-Breast-Cancer-FHIR-IG/CodeSystem/tcr-breast-lnexam,https://erichuang777777.github.io/TW-Breast-Cancer-FHIR-IG/ValueSet/tcr-breast-lnexam-vs,36,36,,,,,not-started,,,,Do not publish as ConceptMap until reviewed.
breast,LNEXAM,https://erichuang777777.github.io/TW-Breast-Cancer-FHIR-IG/CodeSystem/tcr-breast-lnexam,https://erichuang777777.github.io/TW-Breast-Cancer-FHIR-IG/ValueSet/tcr-breast-lnexam-vs,37,37,,,,,not-started,,,,Do not publish as ConceptMap until reviewed.
breast,LNEXAM,https://erichuang777777.github.io/TW-Breast-Cancer-FHIR-IG/CodeSystem/tcr-breast-lnexam,https://erichuang777777.github.io/TW-Breast-Cancer-FHIR-IG/ValueSet/tcr-breast-lnexam-vs,38,38,,,,,not-started,,,,Do not publish as ConceptMap until reviewed.
breast,LNEXAM,https://erichuang777777.github.io/TW-Breast-Cancer-FHIR-IG/CodeSystem/tcr-breast-lnexam,https://erichuang777777.github.io/TW-Breast-Cancer-FHIR-IG/ValueSet/tcr-breast-lnexam-vs,39,39,,,,,not-started,,,,Do not publish as ConceptMap until reviewed.
breast,LNEXAM,https://erichuang777777.github.io/TW-Breast-Cancer-FHIR-IG/CodeSystem/tcr-breast-lnexam,https://erichuang777777.github.io/TW-Breast-Cancer-FHIR-IG/ValueSet/tcr-breast-lnexam-vs,40,40,,,,,not-started,,,,Do not publish as ConceptMap until reviewed.
breast,LNEXAM,https://erichuang777777.github.io/TW-Breast-Cancer-FHIR-IG/CodeSystem/tcr-breast-lnexam,https://erichuang777777.github.io/TW-Breast-Cancer-FHIR-IG/ValueSet/tcr-breast-lnexam-vs,41,41,,,,,not-started,,,,Do not publish as ConceptMap until reviewed.
breast,LNEXAM,https://erichuang777777.github.io/TW-Breast-Cancer-FHIR-IG/CodeSystem/tcr-breast-lnexam,https://erichuang777777.github.io/TW-Breast-Cancer-FHIR-IG/ValueSet/tcr-breast-lnexam-vs,42,42,,,,,not-started,,,,Do not publish as ConceptMap until reviewed.
breast,LNEXAM,https://erichuang777777.github.io/TW-Breast-Cancer-FHIR-IG/CodeSystem/tcr-breast-lnexam,https://erichuang777777.github.io/TW-Breast-Cancer-FHIR-IG/ValueSet/tcr-breast-lnexam-vs,43,43,,,,,not-started,,,,Do not publish as ConceptMap until reviewed.
breast,LNEXAM,https://erichuang777777.github.io/TW-Breast-Cancer-FHIR-IG/CodeSystem/tcr-breast-lnexam,https://erichuang777777.github.io/TW-Breast-Cancer-FHIR-IG/ValueSet/tcr-breast-lnexam-vs,44,44,,,,,not-started,,,,Do not publish as ConceptMap until reviewed.
breast,LNEXAM,https://erichuang777777.github.io/TW-Breast-Cancer-FHIR-IG/CodeSystem/tcr-breast-lnexam,https://erichuang777777.github.io/TW-Breast-Cancer-FHIR-IG/ValueSet/tcr-breast-lnexam-vs,45,45,,,,,not-started,,,,Do not publish as ConceptMap until reviewed.
breast,LNEXAM,https://erichuang777777.github.io/TW-Breast-Cancer-FHIR-IG/CodeSystem/tcr-breast-lnexam,https://erichuang777777.github.io/TW-Breast-Cancer-FHIR-IG/ValueSet/tcr-breast-lnexam-vs,46,46,,,,,not-started,,,,Do not publish as ConceptMap until reviewed.
breast,LNEXAM,https://erichuang777777.github.io/TW-Breast-Cancer-FHIR-IG/CodeSystem/tcr-breast-lnexam,https://erichuang777777.github.io/TW-Breast-Cancer-FHIR-IG/ValueSet/tcr-breast-lnexam-vs,47,47,,,,,not-started,,,,Do not publish as ConceptMap until reviewed.
breast,LNEXAM,https://erichuang777777.github.io/TW-Breast-Cancer-FHIR-IG/CodeSystem/tcr-breast-lnexam,https://erichuang777777.github.io/TW-Breast-Cancer-FHIR-IG/ValueSet/tcr-breast-lnexam-vs,48,48,,,,,not-started,,,,Do not publish as ConceptMap until reviewed.
breast,LNEXAM,https://erichuang777777.github.io/TW-Breast-Cancer-FHIR-IG/CodeSystem/tcr-breast-lnexam,https://erichuang777777.github.io/TW-Breast-Cancer-FHIR-IG/ValueSet/tcr-breast-lnexam-vs,49,49,,,,,not-started,,,,Do not publish as ConceptMap until reviewed.
breast,LNEXAM,https://erichuang777777.github.io/TW-Breast-Cancer-FHIR-IG/CodeSystem/tcr-breast-lnexam,https://erichuang777777.github.io/TW-Breast-Cancer-FHIR-IG/ValueSet/tcr-breast-lnexam-vs,50,50,,,,,not-started,,,,Do not publish as ConceptMap until reviewed.
breast,LNEXAM,https://erichuang777777.github.io/TW-Breast-Cancer-FHIR-IG/CodeSystem/tcr-breast-lnexam,https://erichuang777777.github.io/TW-Breast-Cancer-FHIR-IG/ValueSet/tcr-breast-lnexam-vs,51,51,,,,,not-started,,,,Do not publish as ConceptMap until reviewed.
breast,LNEXAM,https://erichuang777777.github.io/TW-Breast-Cancer-FHIR-IG/CodeSystem/tcr-breast-lnexam,https://erichuang777777.github.io/TW-Breast-Cancer-FHIR-IG/ValueSet/tcr-breast-lnexam-vs,52,52,,,,,not-started,,,,Do not publish as ConceptMap until reviewed.
breast,LNEXAM,https://erichuang777777.github.io/TW-Breast-Cancer-FHIR-IG/CodeSystem/tcr-breast-lnexam,https://erichuang777777.github.io/TW-Breast-Cancer-FHIR-IG/ValueSet/tcr-breast-lnexam-vs,53,53,,,,,not-started,,,,Do not publish as ConceptMap until reviewed.
breast,LNEXAM,https://erichuang777777.github.io/TW-Breast-Cancer-FHIR-IG/CodeSystem/tcr-breast-lnexam,https://erichuang777777.github.io/TW-Breast-Cancer-FHIR-IG/ValueSet/tcr-breast-lnexam-vs,54,54,,,,,not-started,,,,Do not publish as ConceptMap until reviewed.
breast,LNEXAM,https://erichuang777777.github.io/TW-Breast-Cancer-FHIR-IG/CodeSystem/tcr-breast-lnexam,https://erichuang777777.github.io/TW-Breast-Cancer-FHIR-IG/ValueSet/tcr-breast-lnexam-vs,55,55,,,,,not-started,,,,Do not publish as ConceptMap until reviewed.
breast,LNEXAM,https://erichuang777777.github.io/TW-Breast-Cancer-FHIR-IG/CodeSystem/tcr-breast-lnexam,https://erichuang777777.github.io/TW-Breast-Cancer-FHIR-IG/ValueSet/tcr-breast-lnexam-vs,56,56,,,,,not-started,,,,Do not publish as ConceptMap until reviewed.
breast,LNEXAM,https://erichuang777777.github.io/TW-Breast-Cancer-FHIR-IG/CodeSystem/tcr-breast-lnexam,https://erichuang777777.github.io/TW-Breast-Cancer-FHIR-IG/ValueSet/tcr-breast-lnexam-vs,57,57,,,,,not-started,,,,Do not publish as ConceptMap until reviewed.
breast,LNEXAM,https://erichuang777777.github.io/TW-Breast-Cancer-FHIR-IG/CodeSystem/tcr-breast-lnexam,https://erichuang777777.github.io/TW-Breast-Cancer-FHIR-IG/ValueSet/tcr-breast-lnexam-vs,58,58,,,,,not-started,,,,Do not publish as ConceptMap until reviewed.
breast,LNEXAM,https://erichuang777777.github.io/TW-Breast-Cancer-FHIR-IG/CodeSystem/tcr-breast-lnexam,https://erichuang777777.github.io/TW-Breast-Cancer-FHIR-IG/ValueSet/tcr-breast-lnexam-vs,59,59,,,,,not-started,,,,Do not publish as ConceptMap until reviewed.
breast,LNEXAM,https://erichuang777777.github.io/TW-Breast-Cancer-FHIR-IG/CodeSystem/tcr-breast-lnexam,https://erichuang777777.github.io/TW-Breast-Cancer-FHIR-IG/ValueSet/tcr-breast-lnexam-vs,60,60,,,,,not-started,,,,Do not publish as ConceptMap until reviewed.
breast,LNEXAM,https://erichuang777777.github.io/TW-Breast-Cancer-FHIR-IG/CodeSystem/tcr-breast-lnexam,https://erichuang777777.github.io/TW-Breast-Cancer-FHIR-IG/ValueSet/tcr-breast-lnexam-vs,61,61,,,,,not-started,,,,Do not publish as ConceptMap until reviewed.
breast,LNEXAM,https://erichuang777777.github.io/TW-Breast-Cancer-FHIR-IG/CodeSystem/tcr-breast-lnexam,https://erichuang777777.github.io/TW-Breast-Cancer-FHIR-IG/ValueSet/tcr-breast-lnexam-vs,62,62,,,,,not-started,,,,Do not publish as ConceptMap until reviewed.
breast,LNEXAM,https://erichuang777777.github.io/TW-Breast-Cancer-FHIR-IG/CodeSystem/tcr-breast-lnexam,https://erichuang777777.github.io/TW-Breast-Cancer-FHIR-IG/ValueSet/tcr-breast-lnexam-vs,63,63,,,,,not-started,,,,Do not publish as ConceptMap until reviewed.
breast,LNEXAM,https://erichuang777777.github.io/TW-Breast-Cancer-FHIR-IG/CodeSystem/tcr-breast-lnexam,https://erichuang777777.github.io/TW-Breast-Cancer-FHIR-IG/ValueSet/tcr-breast-lnexam-vs,64,64,,,,,not-started,,,,Do not publish as ConceptMap until reviewed.
breast,LNEXAM,https://erichuang777777.github.io/TW-Breast-Cancer-FHIR-IG/CodeSystem/tcr-breast-lnexam,https://erichuang777777.github.io/TW-Breast-Cancer-FHIR-IG/ValueSet/tcr-breast-lnexam-vs,65,65,,,,,not-started,,,,Do not publish as ConceptMap until reviewed.
breast,LNEXAM,https://erichuang777777.github.io/TW-Breast-Cancer-FHIR-IG/CodeSystem/tcr-breast-lnexam,https://erichuang777777.github.io/TW-Breast-Cancer-FHIR-IG/ValueSet/tcr-breast-lnexam-vs,66,66,,,,,not-started,,,,Do not publish as ConceptMap until reviewed.
breast,LNEXAM,https://erichuang777777.github.io/TW-Breast-Cancer-FHIR-IG/CodeSystem/tcr-breast-lnexam,https://erichuang777777.github.io/TW-Breast-Cancer-FHIR-IG/ValueSet/tcr-breast-lnexam-vs,67,67,,,,,not-started,,,,Do not publish as ConceptMap until reviewed.
breast,LNEXAM,https://erichuang777777.github.io/TW-Breast-Cancer-FHIR-IG/CodeSystem/tcr-breast-lnexam,https://erichuang777777.github.io/TW-Breast-Cancer-FHIR-IG/ValueSet/tcr-breast-lnexam-vs,68,68,,,,,not-started,,,,Do not publish as ConceptMap until reviewed.
breast,LNEXAM,https://erichuang777777.github.io/TW-Breast-Cancer-FHIR-IG/CodeSystem/tcr-breast-lnexam,https://erichuang777777.github.io/TW-Breast-Cancer-FHIR-IG/ValueSet/tcr-breast-lnexam-vs,69,69,,,,,not-started,,,,Do not publish as ConceptMap until reviewed.
breast,LNEXAM,https://erichuang777777.github.io/TW-Breast-Cancer-FHIR-IG/CodeSystem/tcr-breast-lnexam,https://erichuang777777.github.io/TW-Breast-Cancer-FHIR-IG/ValueSet/tcr-breast-lnexam-vs,70,70,,,,,not-started,,,,Do not publish as ConceptMap until reviewed.
breast,LNEXAM,https://erichuang777777.github.io/TW-Breast-Cancer-FHIR-IG/CodeSystem/tcr-breast-lnexam,https://erichuang777777.github.io/TW-Breast-Cancer-FHIR-IG/ValueSet/tcr-breast-lnexam-vs,71,71,,,,,not-started,,,,Do not publish as ConceptMap until reviewed.
breast,LNEXAM,https://erichuang777777.github.io/TW-Breast-Cancer-FHIR-IG/CodeSystem/tcr-breast-lnexam,https://erichuang777777.github.io/TW-Breast-Cancer-FHIR-IG/ValueSet/tcr-breast-lnexam-vs,72,72,,,,,not-started,,,,Do not publish as ConceptMap until reviewed.
breast,LNEXAM,https://erichuang777777.github.io/TW-Breast-Cancer-FHIR-IG/CodeSystem/tcr-breast-lnexam,https://erichuang777777.github.io/TW-Breast-Cancer-FHIR-IG/ValueSet/tcr-breast-lnexam-vs,73,73,,,,,not-started,,,,Do not publish as ConceptMap until reviewed.
breast,LNEXAM,https://erichuang777777.github.io/TW-Breast-Cancer-FHIR-IG/CodeSystem/tcr-breast-lnexam,https://erichuang777777.github.io/TW-Breast-Cancer-FHIR-IG/ValueSet/tcr-breast-lnexam-vs,74,74,,,,,not-started,,,,Do not publish as ConceptMap until reviewed.
breast,LNEXAM,https://erichuang777777.github.io/TW-Breast-Cancer-FHIR-IG/CodeSystem/tcr-breast-lnexam,https://erichuang777777.github.io/TW-Breast-Cancer-FHIR-IG/ValueSet/tcr-breast-lnexam-vs,75,75,,,,,not-started,,,,Do not publish as ConceptMap until reviewed.
breast,LNEXAM,https://erichuang777777.github.io/TW-Breast-Cancer-FHIR-IG/CodeSystem/tcr-breast-lnexam,https://erichuang777777.github.io/TW-Breast-Cancer-FHIR-IG/ValueSet/tcr-breast-lnexam-vs,76,76,,,,,not-started,,,,Do not publish as ConceptMap until reviewed.
breast,LNEXAM,https://erichuang777777.github.io/TW-Breast-Cancer-FHIR-IG/CodeSystem/tcr-breast-lnexam,https://erichuang777777.github.io/TW-Breast-Cancer-FHIR-IG/ValueSet/tcr-breast-lnexam-vs,77,77,,,,,not-started,,,,Do not publish as ConceptMap until reviewed.
breast,LNEXAM,https://erichuang777777.github.io/TW-Breast-Cancer-FHIR-IG/CodeSystem/tcr-breast-lnexam,https://erichuang777777.github.io/TW-Breast-Cancer-FHIR-IG/ValueSet/tcr-breast-lnexam-vs,78,78,,,,,not-started,,,,Do not publish as ConceptMap until reviewed.
breast,LNEXAM,https://erichuang777777.github.io/TW-Breast-Cancer-FHIR-IG/CodeSystem/tcr-breast-lnexam,https://erichuang777777.github.io/TW-Breast-Cancer-FHIR-IG/ValueSet/tcr-breast-lnexam-vs,79,79,,,,,not-started,,,,Do not publish as ConceptMap until reviewed.
breast,LNEXAM,https://erichuang777777.github.io/TW-Breast-Cancer-FHIR-IG/CodeSystem/tcr-breast-lnexam,https://erichuang777777.github.io/TW-Breast-Cancer-FHIR-IG/ValueSet/tcr-breast-lnexam-vs,80,80,,,,,not-started,,,,Do not publish as ConceptMap until reviewed.
breast,LNEXAM,https://erichuang777777.github.io/TW-Breast-Cancer-FHIR-IG/CodeSystem/tcr-breast-lnexam,https://erichuang777777.github.io/TW-Breast-Cancer-FHIR-IG/ValueSet/tcr-breast-lnexam-vs,81,81,,,,,not-started,,,,Do not publish as ConceptMap until reviewed.
breast,LNEXAM,https://erichuang777777.github.io/TW-Breast-Cancer-FHIR-IG/CodeSystem/tcr-breast-lnexam,https://erichuang777777.github.io/TW-Breast-Cancer-FHIR-IG/ValueSet/tcr-breast-lnexam-vs,82,82,,,,,not-started,,,,Do not publish as ConceptMap until reviewed.
breast,LNEXAM,https://erichuang777777.github.io/TW-Breast-Cancer-FHIR-IG/CodeSystem/tcr-breast-lnexam,https://erichuang777777.github.io/TW-Breast-Cancer-FHIR-IG/ValueSet/tcr-breast-lnexam-vs,83,83,,,,,not-started,,,,Do not publish as ConceptMap until reviewed.
breast,LNEXAM,https://erichuang777777.github.io/TW-Breast-Cancer-FHIR-IG/CodeSystem/tcr-breast-lnexam,https://erichuang777777.github.io/TW-Breast-Cancer-FHIR-IG/ValueSet/tcr-breast-lnexam-vs,84,84,,,,,not-started,,,,Do not publish as ConceptMap until reviewed.
breast,LNEXAM,https://erichuang777777.github.io/TW-Breast-Cancer-FHIR-IG/CodeSystem/tcr-breast-lnexam,https://erichuang777777.github.io/TW-Breast-Cancer-FHIR-IG/ValueSet/tcr-breast-lnexam-vs,85,85,,,,,not-started,,,,Do not publish as ConceptMap until reviewed.
breast,LNEXAM,https://erichuang777777.github.io/TW-Breast-Cancer-FHIR-IG/CodeSystem/tcr-breast-lnexam,https://erichuang777777.github.io/TW-Breast-Cancer-FHIR-IG/ValueSet/tcr-breast-lnexam-vs,86,86,,,,,not-started,,,,Do not publish as ConceptMap until reviewed.
breast,LNEXAM,https://erichuang777777.github.io/TW-Breast-Cancer-FHIR-IG/CodeSystem/tcr-breast-lnexam,https://erichuang777777.github.io/TW-Breast-Cancer-FHIR-IG/ValueSet/tcr-breast-lnexam-vs,87,87,,,,,not-started,,,,Do not publish as ConceptMap until reviewed.
breast,LNEXAM,https://erichuang777777.github.io/TW-Breast-Cancer-FHIR-IG/CodeSystem/tcr-breast-lnexam,https://erichuang777777.github.io/TW-Breast-Cancer-FHIR-IG/ValueSet/tcr-breast-lnexam-vs,88,88,,,,,not-started,,,,Do not publish as ConceptMap until reviewed.
breast,LNEXAM,https://erichuang777777.github.io/TW-Breast-Cancer-FHIR-IG/CodeSystem/tcr-breast-lnexam,https://erichuang777777.github.io/TW-Breast-Cancer-FHIR-IG/ValueSet/tcr-breast-lnexam-vs,89,89,,,,,not-started,,,,Do not publish as ConceptMap until reviewed.
breast,LNEXAM,https://erichuang777777.github.io/TW-Breast-Cancer-FHIR-IG/CodeSystem/tcr-breast-lnexam,https://erichuang777777.github.io/TW-Breast-Cancer-FHIR-IG/ValueSet/tcr-breast-lnexam-vs,90,90 or more regional lymph nodes examined,,,,,not-started,,,,Do not publish as ConceptMap until reviewed.
breast,LNEXAM,https://erichuang777777.github.io/TW-Breast-Cancer-FHIR-IG/CodeSystem/tcr-breast-lnexam,https://erichuang777777.github.io/TW-Breast-Cancer-FHIR-IG/ValueSet/tcr-breast-lnexam-vs,95,Nodes not surgically removed (aspiration or core biopsy only),,,,,not-started,,,,Do not publish as ConceptMap until reviewed.
breast,LNEXAM,https://erichuang777777.github.io/TW-Breast-Cancer-FHIR-IG/CodeSystem/tcr-breast-lnexam,https://erichuang777777.github.io/TW-Breast-Cancer-FHIR-IG/ValueSet/tcr-breast-lnexam-vs,96,"Nodes removed by sampling, count not stated",,,,,not-started,,,,Do not publish as ConceptMap until reviewed.
breast,LNEXAM,https://erichuang777777.github.io/TW-Breast-Cancer-FHIR-IG/CodeSystem/tcr-breast-lnexam,https://erichuang777777.github.io/TW-Breast-Cancer-FHIR-IG/ValueSet/tcr-breast-lnexam-vs,97,"Nodes removed by dissection, count not stated",,,,,not-started,,,,Do not publish as ConceptMap until reviewed.
breast,LNEXAM,https://erichuang777777.github.io/TW-Breast-Cancer-FHIR-IG/CodeSystem/tcr-breast-lnexam,https://erichuang777777.github.io/TW-Breast-Cancer-FHIR-IG/ValueSet/tcr-breast-lnexam-vs,98,"Nodes surgically removed or examined, method and count not stated",,,,,not-started,,,,Do not publish as ConceptMap until reviewed.
breast,LNEXAM,https://erichuang777777.github.io/TW-Breast-Cancer-FHIR-IG/CodeSystem/tcr-breast-lnexam,https://erichuang777777.github.io/TW-Breast-Cancer-FHIR-IG/ValueSet/tcr-breast-lnexam-vs,99,"Unknown whether nodes were examined, not applicable, or not documented",,,,,not-started,,,,Do not publish as ConceptMap until reviewed.
breast,LN_POSITI,https://erichuang777777.github.io/TW-Breast-Cancer-FHIR-IG/CodeSystem/tcr-breast-ln-positi,https://erichuang777777.github.io/TW-Breast-Cancer-FHIR-IG/ValueSet/tcr-breast-ln-positi-vs,00,00,,,,,not-started,,,,Do not publish as ConceptMap until reviewed.
breast,LN_POSITI,https://erichuang777777.github.io/TW-Breast-Cancer-FHIR-IG/CodeSystem/tcr-breast-ln-positi,https://erichuang777777.github.io/TW-Breast-Cancer-FHIR-IG/ValueSet/tcr-breast-ln-positi-vs,01,01,,,,,not-started,,,,Do not publish as ConceptMap until reviewed.
breast,LN_POSITI,https://erichuang777777.github.io/TW-Breast-Cancer-FHIR-IG/CodeSystem/tcr-breast-ln-positi,https://erichuang777777.github.io/TW-Breast-Cancer-FHIR-IG/ValueSet/tcr-breast-ln-positi-vs,02,02,,,,,not-started,,,,Do not publish as ConceptMap until reviewed.
breast,LN_POSITI,https://erichuang777777.github.io/TW-Breast-Cancer-FHIR-IG/CodeSystem/tcr-breast-ln-positi,https://erichuang777777.github.io/TW-Breast-Cancer-FHIR-IG/ValueSet/tcr-breast-ln-positi-vs,03,03,,,,,not-started,,,,Do not publish as ConceptMap until reviewed.
breast,LN_POSITI,https://erichuang777777.github.io/TW-Breast-Cancer-FHIR-IG/CodeSystem/tcr-breast-ln-positi,https://erichuang777777.github.io/TW-Breast-Cancer-FHIR-IG/ValueSet/tcr-breast-ln-positi-vs,04,04,,,,,not-started,,,,Do not publish as ConceptMap until reviewed.
breast,LN_POSITI,https://erichuang777777.github.io/TW-Breast-Cancer-FHIR-IG/CodeSystem/tcr-breast-ln-positi,https://erichuang777777.github.io/TW-Breast-Cancer-FHIR-IG/ValueSet/tcr-breast-ln-positi-vs,05,05,,,,,not-started,,,,Do not publish as ConceptMap until reviewed.
breast,LN_POSITI,https://erichuang777777.github.io/TW-Breast-Cancer-FHIR-IG/CodeSystem/tcr-breast-ln-positi,https://erichuang777777.github.io/TW-Breast-Cancer-FHIR-IG/ValueSet/tcr-breast-ln-positi-vs,06,06,,,,,not-started,,,,Do not publish as ConceptMap until reviewed.
breast,LN_POSITI,https://erichuang777777.github.io/TW-Breast-Cancer-FHIR-IG/CodeSystem/tcr-breast-ln-positi,https://erichuang777777.github.io/TW-Breast-Cancer-FHIR-IG/ValueSet/tcr-breast-ln-positi-vs,07,07,,,,,not-started,,,,Do not publish as ConceptMap until reviewed.
breast,LN_POSITI,https://erichuang777777.github.io/TW-Breast-Cancer-FHIR-IG/CodeSystem/tcr-breast-ln-positi,https://erichuang777777.github.io/TW-Breast-Cancer-FHIR-IG/ValueSet/tcr-breast-ln-positi-vs,08,08,,,,,not-started,,,,Do not publish as ConceptMap until reviewed.
breast,LN_POSITI,https://erichuang777777.github.io/TW-Breast-Cancer-FHIR-IG/CodeSystem/tcr-breast-ln-positi,https://erichuang777777.github.io/TW-Breast-Cancer-FHIR-IG/ValueSet/tcr-breast-ln-positi-vs,09,09,,,,,not-started,,,,Do not publish as ConceptMap until reviewed.
breast,LN_POSITI,https://erichuang777777.github.io/TW-Breast-Cancer-FHIR-IG/CodeSystem/tcr-breast-ln-positi,https://erichuang777777.github.io/TW-Breast-Cancer-FHIR-IG/ValueSet/tcr-breast-ln-positi-vs,10,10,,,,,not-started,,,,Do not publish as ConceptMap until reviewed.
breast,LN_POSITI,https://erichuang777777.github.io/TW-Breast-Cancer-FHIR-IG/CodeSystem/tcr-breast-ln-positi,https://erichuang777777.github.io/TW-Breast-Cancer-FHIR-IG/ValueSet/tcr-breast-ln-positi-vs,11,11,,,,,not-started,,,,Do not publish as ConceptMap until reviewed.
breast,LN_POSITI,https://erichuang777777.github.io/TW-Breast-Cancer-FHIR-IG/CodeSystem/tcr-breast-ln-positi,https://erichuang777777.github.io/TW-Breast-Cancer-FHIR-IG/ValueSet/tcr-breast-ln-positi-vs,12,12,,,,,not-started,,,,Do not publish as ConceptMap until reviewed.
breast,LN_POSITI,https://erichuang777777.github.io/TW-Breast-Cancer-FHIR-IG/CodeSystem/tcr-breast-ln-positi,https://erichuang777777.github.io/TW-Breast-Cancer-FHIR-IG/ValueSet/tcr-breast-ln-positi-vs,13,13,,,,,not-started,,,,Do not publish as ConceptMap until reviewed.
breast,LN_POSITI,https://erichuang777777.github.io/TW-Breast-Cancer-FHIR-IG/CodeSystem/tcr-breast-ln-positi,https://erichuang777777.github.io/TW-Breast-Cancer-FHIR-IG/ValueSet/tcr-breast-ln-positi-vs,14,14,,,,,not-started,,,,Do not publish as ConceptMap until reviewed.
breast,LN_POSITI,https://erichuang777777.github.io/TW-Breast-Cancer-FHIR-IG/CodeSystem/tcr-breast-ln-positi,https://erichuang777777.github.io/TW-Breast-Cancer-FHIR-IG/ValueSet/tcr-breast-ln-positi-vs,15,15,,,,,not-started,,,,Do not publish as ConceptMap until reviewed.
breast,LN_POSITI,https://erichuang777777.github.io/TW-Breast-Cancer-FHIR-IG/CodeSystem/tcr-breast-ln-positi,https://erichuang777777.github.io/TW-Breast-Cancer-FHIR-IG/ValueSet/tcr-breast-ln-positi-vs,16,16,,,,,not-started,,,,Do not publish as ConceptMap until reviewed.
breast,LN_POSITI,https://erichuang777777.github.io/TW-Breast-Cancer-FHIR-IG/CodeSystem/tcr-breast-ln-positi,https://erichuang777777.github.io/TW-Breast-Cancer-FHIR-IG/ValueSet/tcr-breast-ln-positi-vs,17,17,,,,,not-started,,,,Do not publish as ConceptMap until reviewed.
breast,LN_POSITI,https://erichuang777777.github.io/TW-Breast-Cancer-FHIR-IG/CodeSystem/tcr-breast-ln-positi,https://erichuang777777.github.io/TW-Breast-Cancer-FHIR-IG/ValueSet/tcr-breast-ln-positi-vs,18,18,,,,,not-started,,,,Do not publish as ConceptMap until reviewed.
breast,LN_POSITI,https://erichuang777777.github.io/TW-Breast-Cancer-FHIR-IG/CodeSystem/tcr-breast-ln-positi,https://erichuang777777.github.io/TW-Breast-Cancer-FHIR-IG/ValueSet/tcr-breast-ln-positi-vs,19,19,,,,,not-started,,,,Do not publish as ConceptMap until reviewed.
breast,LN_POSITI,https://erichuang777777.github.io/TW-Breast-Cancer-FHIR-IG/CodeSystem/tcr-breast-ln-positi,https://erichuang777777.github.io/TW-Breast-Cancer-FHIR-IG/ValueSet/tcr-breast-ln-positi-vs,20,20,,,,,not-started,,,,Do not publish as ConceptMap until reviewed.
breast,LN_POSITI,https://erichuang777777.github.io/TW-Breast-Cancer-FHIR-IG/CodeSystem/tcr-breast-ln-positi,https://erichuang777777.github.io/TW-Breast-Cancer-FHIR-IG/ValueSet/tcr-breast-ln-positi-vs,21,21,,,,,not-started,,,,Do not publish as ConceptMap until reviewed.
breast,LN_POSITI,https://erichuang777777.github.io/TW-Breast-Cancer-FHIR-IG/CodeSystem/tcr-breast-ln-positi,https://erichuang777777.github.io/TW-Breast-Cancer-FHIR-IG/ValueSet/tcr-breast-ln-positi-vs,22,22,,,,,not-started,,,,Do not publish as ConceptMap until reviewed.
breast,LN_POSITI,https://erichuang777777.github.io/TW-Breast-Cancer-FHIR-IG/CodeSystem/tcr-breast-ln-positi,https://erichuang777777.github.io/TW-Breast-Cancer-FHIR-IG/ValueSet/tcr-breast-ln-positi-vs,23,23,,,,,not-started,,,,Do not publish as ConceptMap until reviewed.
breast,LN_POSITI,https://erichuang777777.github.io/TW-Breast-Cancer-FHIR-IG/CodeSystem/tcr-breast-ln-positi,https://erichuang777777.github.io/TW-Breast-Cancer-FHIR-IG/ValueSet/tcr-breast-ln-positi-vs,24,24,,,,,not-started,,,,Do not publish as ConceptMap until reviewed.
breast,LN_POSITI,https://erichuang777777.github.io/TW-Breast-Cancer-FHIR-IG/CodeSystem/tcr-breast-ln-positi,https://erichuang777777.github.io/TW-Breast-Cancer-FHIR-IG/ValueSet/tcr-breast-ln-positi-vs,25,25,,,,,not-started,,,,Do not publish as ConceptMap until reviewed.
breast,LN_POSITI,https://erichuang777777.github.io/TW-Breast-Cancer-FHIR-IG/CodeSystem/tcr-breast-ln-positi,https://erichuang777777.github.io/TW-Breast-Cancer-FHIR-IG/ValueSet/tcr-breast-ln-positi-vs,26,26,,,,,not-started,,,,Do not publish as ConceptMap until reviewed.
breast,LN_POSITI,https://erichuang777777.github.io/TW-Breast-Cancer-FHIR-IG/CodeSystem/tcr-breast-ln-positi,https://erichuang777777.github.io/TW-Breast-Cancer-FHIR-IG/ValueSet/tcr-breast-ln-positi-vs,27,27,,,,,not-started,,,,Do not publish as ConceptMap until reviewed.
breast,LN_POSITI,https://erichuang777777.github.io/TW-Breast-Cancer-FHIR-IG/CodeSystem/tcr-breast-ln-positi,https://erichuang777777.github.io/TW-Breast-Cancer-FHIR-IG/ValueSet/tcr-breast-ln-positi-vs,28,28,,,,,not-started,,,,Do not publish as ConceptMap until reviewed.
breast,LN_POSITI,https://erichuang777777.github.io/TW-Breast-Cancer-FHIR-IG/CodeSystem/tcr-breast-ln-positi,https://erichuang777777.github.io/TW-Breast-Cancer-FHIR-IG/ValueSet/tcr-breast-ln-positi-vs,29,29,,,,,not-started,,,,Do not publish as ConceptMap until reviewed.
breast,LN_POSITI,https://erichuang777777.github.io/TW-Breast-Cancer-FHIR-IG/CodeSystem/tcr-breast-ln-positi,https://erichuang777777.github.io/TW-Breast-Cancer-FHIR-IG/ValueSet/tcr-breast-ln-positi-vs,30,30,,,,,not-started,,,,Do not publish as ConceptMap until reviewed.
breast,LN_POSITI,https://erichuang777777.github.io/TW-Breast-Cancer-FHIR-IG/CodeSystem/tcr-breast-ln-positi,https://erichuang777777.github.io/TW-Breast-Cancer-FHIR-IG/ValueSet/tcr-breast-ln-positi-vs,31,31,,,,,not-started,,,,Do not publish as ConceptMap until reviewed.
breast,LN_POSITI,https://erichuang777777.github.io/TW-Breast-Cancer-FHIR-IG/CodeSystem/tcr-breast-ln-positi,https://erichuang777777.github.io/TW-Breast-Cancer-FHIR-IG/ValueSet/tcr-breast-ln-positi-vs,32,32,,,,,not-started,,,,Do not publish as ConceptMap until reviewed.
breast,LN_POSITI,https://erichuang777777.github.io/TW-Breast-Cancer-FHIR-IG/CodeSystem/tcr-breast-ln-positi,https://erichuang777777.github.io/TW-Breast-Cancer-FHIR-IG/ValueSet/tcr-breast-ln-positi-vs,33,33,,,,,not-started,,,,Do not publish as ConceptMap until reviewed.
breast,LN_POSITI,https://erichuang777777.github.io/TW-Breast-Cancer-FHIR-IG/CodeSystem/tcr-breast-ln-positi,https://erichuang777777.github.io/TW-Breast-Cancer-FHIR-IG/ValueSet/tcr-breast-ln-positi-vs,34,34,,,,,not-started,,,,Do not publish as ConceptMap until reviewed.
breast,LN_POSITI,https://erichuang777777.github.io/TW-Breast-Cancer-FHIR-IG/CodeSystem/tcr-breast-ln-positi,https://erichuang777777.github.io/TW-Breast-Cancer-FHIR-IG/ValueSet/tcr-breast-ln-positi-vs,35,35,,,,,not-started,,,,Do not publish as ConceptMap until reviewed.
breast,LN_POSITI,https://erichuang777777.github.io/TW-Breast-Cancer-FHIR-IG/CodeSystem/tcr-breast-ln-positi,https://erichuang777777.github.io/TW-Breast-Cancer-FHIR-IG/ValueSet/tcr-breast-ln-positi-vs,36,36,,,,,not-started,,,,Do not publish as ConceptMap until reviewed.
breast,LN_POSITI,https://erichuang777777.github.io/TW-Breast-Cancer-FHIR-IG/CodeSystem/tcr-breast-ln-positi,https://erichuang777777.github.io/TW-Breast-Cancer-FHIR-IG/ValueSet/tcr-breast-ln-positi-vs,37,37,,,,,not-started,,,,Do not publish as ConceptMap until reviewed.
breast,LN_POSITI,https://erichuang777777.github.io/TW-Breast-Cancer-FHIR-IG/CodeSystem/tcr-breast-ln-positi,https://erichuang777777.github.io/TW-Breast-Cancer-FHIR-IG/ValueSet/tcr-breast-ln-positi-vs,38,38,,,,,not-started,,,,Do not publish as ConceptMap until reviewed.
breast,LN_POSITI,https://erichuang777777.github.io/TW-Breast-Cancer-FHIR-IG/CodeSystem/tcr-breast-ln-positi,https://erichuang777777.github.io/TW-Breast-Cancer-FHIR-IG/ValueSet/tcr-breast-ln-positi-vs,39,39,,,,,not-started,,,,Do not publish as ConceptMap until reviewed.
breast,LN_POSITI,https://erichuang777777.github.io/TW-Breast-Cancer-FHIR-IG/CodeSystem/tcr-breast-ln-positi,https://erichuang777777.github.io/TW-Breast-Cancer-FHIR-IG/ValueSet/tcr-breast-ln-positi-vs,40,40,,,,,not-started,,,,Do not publish as ConceptMap until reviewed.
breast,LN_POSITI,https://erichuang777777.github.io/TW-Breast-Cancer-FHIR-IG/CodeSystem/tcr-breast-ln-positi,https://erichuang777777.github.io/TW-Breast-Cancer-FHIR-IG/ValueSet/tcr-breast-ln-positi-vs,41,41,,,,,not-started,,,,Do not publish as ConceptMap until reviewed.
breast,LN_POSITI,https://erichuang777777.github.io/TW-Breast-Cancer-FHIR-IG/CodeSystem/tcr-breast-ln-positi,https://erichuang777777.github.io/TW-Breast-Cancer-FHIR-IG/ValueSet/tcr-breast-ln-positi-vs,42,42,,,,,not-started,,,,Do not publish as ConceptMap until reviewed.
breast,LN_POSITI,https://erichuang777777.github.io/TW-Breast-Cancer-FHIR-IG/CodeSystem/tcr-breast-ln-positi,https://erichuang777777.github.io/TW-Breast-Cancer-FHIR-IG/ValueSet/tcr-breast-ln-positi-vs,43,43,,,,,not-started,,,,Do not publish as ConceptMap until reviewed.
breast,LN_POSITI,https://erichuang777777.github.io/TW-Breast-Cancer-FHIR-IG/CodeSystem/tcr-breast-ln-positi,https://erichuang777777.github.io/TW-Breast-Cancer-FHIR-IG/ValueSet/tcr-breast-ln-positi-vs,44,44,,,,,not-started,,,,Do not publish as ConceptMap until reviewed.
breast,LN_POSITI,https://erichuang777777.github.io/TW-Breast-Cancer-FHIR-IG/CodeSystem/tcr-breast-ln-positi,https://erichuang777777.github.io/TW-Breast-Cancer-FHIR-IG/ValueSet/tcr-breast-ln-positi-vs,45,45,,,,,not-started,,,,Do not publish as ConceptMap until reviewed.
breast,LN_POSITI,https://erichuang777777.github.io/TW-Breast-Cancer-FHIR-IG/CodeSystem/tcr-breast-ln-positi,https://erichuang777777.github.io/TW-Breast-Cancer-FHIR-IG/ValueSet/tcr-breast-ln-positi-vs,46,46,,,,,not-started,,,,Do not publish as ConceptMap until reviewed.
breast,LN_POSITI,https://erichuang777777.github.io/TW-Breast-Cancer-FHIR-IG/CodeSystem/tcr-breast-ln-positi,https://erichuang777777.github.io/TW-Breast-Cancer-FHIR-IG/ValueSet/tcr-breast-ln-positi-vs,47,47,,,,,not-started,,,,Do not publish as ConceptMap until reviewed.
breast,LN_POSITI,https://erichuang777777.github.io/TW-Breast-Cancer-FHIR-IG/CodeSystem/tcr-breast-ln-positi,https://erichuang777777.github.io/TW-Breast-Cancer-FHIR-IG/ValueSet/tcr-breast-ln-positi-vs,48,48,,,,,not-started,,,,Do not publish as ConceptMap until reviewed.
breast,LN_POSITI,https://erichuang777777.github.io/TW-Breast-Cancer-FHIR-IG/CodeSystem/tcr-breast-ln-positi,https://erichuang777777.github.io/TW-Breast-Cancer-FHIR-IG/ValueSet/tcr-breast-ln-positi-vs,49,49,,,,,not-started,,,,Do not publish as ConceptMap until reviewed.
breast,LN_POSITI,https://erichuang777777.github.io/TW-Breast-Cancer-FHIR-IG/CodeSystem/tcr-breast-ln-positi,https://erichuang777777.github.io/TW-Breast-Cancer-FHIR-IG/ValueSet/tcr-breast-ln-positi-vs,50,50,,,,,not-started,,,,Do not publish as ConceptMap until reviewed.
breast,LN_POSITI,https://erichuang777777.github.io/TW-Breast-Cancer-FHIR-IG/CodeSystem/tcr-breast-ln-positi,https://erichuang777777.github.io/TW-Breast-Cancer-FHIR-IG/ValueSet/tcr-breast-ln-positi-vs,51,51,,,,,not-started,,,,Do not publish as ConceptMap until reviewed.
breast,LN_POSITI,https://erichuang777777.github.io/TW-Breast-Cancer-FHIR-IG/CodeSystem/tcr-breast-ln-positi,https://erichuang777777.github.io/TW-Breast-Cancer-FHIR-IG/ValueSet/tcr-breast-ln-positi-vs,52,52,,,,,not-started,,,,Do not publish as ConceptMap until reviewed.
breast,LN_POSITI,https://erichuang777777.github.io/TW-Breast-Cancer-FHIR-IG/CodeSystem/tcr-breast-ln-positi,https://erichuang777777.github.io/TW-Breast-Cancer-FHIR-IG/ValueSet/tcr-breast-ln-positi-vs,53,53,,,,,not-started,,,,Do not publish as ConceptMap until reviewed.
breast,LN_POSITI,https://erichuang777777.github.io/TW-Breast-Cancer-FHIR-IG/CodeSystem/tcr-breast-ln-positi,https://erichuang777777.github.io/TW-Breast-Cancer-FHIR-IG/ValueSet/tcr-breast-ln-positi-vs,54,54,,,,,not-started,,,,Do not publish as ConceptMap until reviewed.
breast,LN_POSITI,https://erichuang777777.github.io/TW-Breast-Cancer-FHIR-IG/CodeSystem/tcr-breast-ln-positi,https://erichuang777777.github.io/TW-Breast-Cancer-FHIR-IG/ValueSet/tcr-breast-ln-positi-vs,55,55,,,,,not-started,,,,Do not publish as ConceptMap until reviewed.
breast,LN_POSITI,https://erichuang777777.github.io/TW-Breast-Cancer-FHIR-IG/CodeSystem/tcr-breast-ln-positi,https://erichuang777777.github.io/TW-Breast-Cancer-FHIR-IG/ValueSet/tcr-breast-ln-positi-vs,56,56,,,,,not-started,,,,Do not publish as ConceptMap until reviewed.
breast,LN_POSITI,https://erichuang777777.github.io/TW-Breast-Cancer-FHIR-IG/CodeSystem/tcr-breast-ln-positi,https://erichuang777777.github.io/TW-Breast-Cancer-FHIR-IG/ValueSet/tcr-breast-ln-positi-vs,57,57,,,,,not-started,,,,Do not publish as ConceptMap until reviewed.
breast,LN_POSITI,https://erichuang777777.github.io/TW-Breast-Cancer-FHIR-IG/CodeSystem/tcr-breast-ln-positi,https://erichuang777777.github.io/TW-Breast-Cancer-FHIR-IG/ValueSet/tcr-breast-ln-positi-vs,58,58,,,,,not-started,,,,Do not publish as ConceptMap until reviewed.
breast,LN_POSITI,https://erichuang777777.github.io/TW-Breast-Cancer-FHIR-IG/CodeSystem/tcr-breast-ln-positi,https://erichuang777777.github.io/TW-Breast-Cancer-FHIR-IG/ValueSet/tcr-breast-ln-positi-vs,59,59,,,,,not-started,,,,Do not publish as ConceptMap until reviewed.
breast,LN_POSITI,https://erichuang777777.github.io/TW-Breast-Cancer-FHIR-IG/CodeSystem/tcr-breast-ln-positi,https://erichuang777777.github.io/TW-Breast-Cancer-FHIR-IG/ValueSet/tcr-breast-ln-positi-vs,60,60,,,,,not-started,,,,Do not publish as ConceptMap until reviewed.
breast,LN_POSITI,https://erichuang777777.github.io/TW-Breast-Cancer-FHIR-IG/CodeSystem/tcr-breast-ln-positi,https://erichuang777777.github.io/TW-Breast-Cancer-FHIR-IG/ValueSet/tcr-breast-ln-positi-vs,61,61,,,,,not-started,,,,Do not publish as ConceptMap until reviewed.
breast,LN_POSITI,https://erichuang777777.github.io/TW-Breast-Cancer-FHIR-IG/CodeSystem/tcr-breast-ln-positi,https://erichuang777777.github.io/TW-Breast-Cancer-FHIR-IG/ValueSet/tcr-breast-ln-positi-vs,62,62,,,,,not-started,,,,Do not publish as ConceptMap until reviewed.
breast,LN_POSITI,https://erichuang777777.github.io/TW-Breast-Cancer-FHIR-IG/CodeSystem/tcr-breast-ln-positi,https://erichuang777777.github.io/TW-Breast-Cancer-FHIR-IG/ValueSet/tcr-breast-ln-positi-vs,63,63,,,,,not-started,,,,Do not publish as ConceptMap until reviewed.
breast,LN_POSITI,https://erichuang777777.github.io/TW-Breast-Cancer-FHIR-IG/CodeSystem/tcr-breast-ln-positi,https://erichuang777777.github.io/TW-Breast-Cancer-FHIR-IG/ValueSet/tcr-breast-ln-positi-vs,64,64,,,,,not-started,,,,Do not publish as ConceptMap until reviewed.
breast,LN_POSITI,https://erichuang777777.github.io/TW-Breast-Cancer-FHIR-IG/CodeSystem/tcr-breast-ln-positi,https://erichuang777777.github.io/TW-Breast-Cancer-FHIR-IG/ValueSet/tcr-breast-ln-positi-vs,65,65,,,,,not-started,,,,Do not publish as ConceptMap until reviewed.
breast,LN_POSITI,https://erichuang777777.github.io/TW-Breast-Cancer-FHIR-IG/CodeSystem/tcr-breast-ln-positi,https://erichuang777777.github.io/TW-Breast-Cancer-FHIR-IG/ValueSet/tcr-breast-ln-positi-vs,66,66,,,,,not-started,,,,Do not publish as ConceptMap until reviewed.
breast,LN_POSITI,https://erichuang777777.github.io/TW-Breast-Cancer-FHIR-IG/CodeSystem/tcr-breast-ln-positi,https://erichuang777777.github.io/TW-Breast-Cancer-FHIR-IG/ValueSet/tcr-breast-ln-positi-vs,67,67,,,,,not-started,,,,Do not publish as ConceptMap until reviewed.
breast,LN_POSITI,https://erichuang777777.github.io/TW-Breast-Cancer-FHIR-IG/CodeSystem/tcr-breast-ln-positi,https://erichuang777777.github.io/TW-Breast-Cancer-FHIR-IG/ValueSet/tcr-breast-ln-positi-vs,68,68,,,,,not-started,,,,Do not publish as ConceptMap until reviewed.
breast,LN_POSITI,https://erichuang777777.github.io/TW-Breast-Cancer-FHIR-IG/CodeSystem/tcr-breast-ln-positi,https://erichuang777777.github.io/TW-Breast-Cancer-FHIR-IG/ValueSet/tcr-breast-ln-positi-vs,69,69,,,,,not-started,,,,Do not publish as ConceptMap until reviewed.
breast,LN_POSITI,https://erichuang777777.github.io/TW-Breast-Cancer-FHIR-IG/CodeSystem/tcr-breast-ln-positi,https://erichuang777777.github.io/TW-Breast-Cancer-FHIR-IG/ValueSet/tcr-breast-ln-positi-vs,70,70,,,,,not-started,,,,Do not publish as ConceptMap until reviewed.
breast,LN_POSITI,https://erichuang777777.github.io/TW-Breast-Cancer-FHIR-IG/CodeSystem/tcr-breast-ln-positi,https://erichuang777777.github.io/TW-Breast-Cancer-FHIR-IG/ValueSet/tcr-breast-ln-positi-vs,71,71,,,,,not-started,,,,Do not publish as ConceptMap until reviewed.
breast,LN_POSITI,https://erichuang777777.github.io/TW-Breast-Cancer-FHIR-IG/CodeSystem/tcr-breast-ln-positi,https://erichuang777777.github.io/TW-Breast-Cancer-FHIR-IG/ValueSet/tcr-breast-ln-positi-vs,72,72,,,,,not-started,,,,Do not publish as ConceptMap until reviewed.
breast,LN_POSITI,https://erichuang777777.github.io/TW-Breast-Cancer-FHIR-IG/CodeSystem/tcr-breast-ln-positi,https://erichuang777777.github.io/TW-Breast-Cancer-FHIR-IG/ValueSet/tcr-breast-ln-positi-vs,73,73,,,,,not-started,,,,Do not publish as ConceptMap until reviewed.
breast,LN_POSITI,https://erichuang777777.github.io/TW-Breast-Cancer-FHIR-IG/CodeSystem/tcr-breast-ln-positi,https://erichuang777777.github.io/TW-Breast-Cancer-FHIR-IG/ValueSet/tcr-breast-ln-positi-vs,74,74,,,,,not-started,,,,Do not publish as ConceptMap until reviewed.
breast,LN_POSITI,https://erichuang777777.github.io/TW-Breast-Cancer-FHIR-IG/CodeSystem/tcr-breast-ln-positi,https://erichuang777777.github.io/TW-Breast-Cancer-FHIR-IG/ValueSet/tcr-breast-ln-positi-vs,75,75,,,,,not-started,,,,Do not publish as ConceptMap until reviewed.
breast,LN_POSITI,https://erichuang777777.github.io/TW-Breast-Cancer-FHIR-IG/CodeSystem/tcr-breast-ln-positi,https://erichuang777777.github.io/TW-Breast-Cancer-FHIR-IG/ValueSet/tcr-breast-ln-positi-vs,76,76,,,,,not-started,,,,Do not publish as ConceptMap until reviewed.
breast,LN_POSITI,https://erichuang777777.github.io/TW-Breast-Cancer-FHIR-IG/CodeSystem/tcr-breast-ln-positi,https://erichuang777777.github.io/TW-Breast-Cancer-FHIR-IG/ValueSet/tcr-breast-ln-positi-vs,77,77,,,,,not-started,,,,Do not publish as ConceptMap until reviewed.
breast,LN_POSITI,https://erichuang777777.github.io/TW-Breast-Cancer-FHIR-IG/CodeSystem/tcr-breast-ln-positi,https://erichuang777777.github.io/TW-Breast-Cancer-FHIR-IG/ValueSet/tcr-breast-ln-positi-vs,78,78,,,,,not-started,,,,Do not publish as ConceptMap until reviewed.
breast,LN_POSITI,https://erichuang777777.github.io/TW-Breast-Cancer-FHIR-IG/CodeSystem/tcr-breast-ln-positi,https://erichuang777777.github.io/TW-Breast-Cancer-FHIR-IG/ValueSet/tcr-breast-ln-positi-vs,79,79,,,,,not-started,,,,Do not publish as ConceptMap until reviewed.
breast,LN_POSITI,https://erichuang777777.github.io/TW-Breast-Cancer-FHIR-IG/CodeSystem/tcr-breast-ln-positi,https://erichuang777777.github.io/TW-Breast-Cancer-FHIR-IG/ValueSet/tcr-breast-ln-positi-vs,80,80,,,,,not-started,,,,Do not publish as ConceptMap until reviewed.
breast,LN_POSITI,https://erichuang777777.github.io/TW-Breast-Cancer-FHIR-IG/CodeSystem/tcr-breast-ln-positi,https://erichuang777777.github.io/TW-Breast-Cancer-FHIR-IG/ValueSet/tcr-breast-ln-positi-vs,81,81,,,,,not-started,,,,Do not publish as ConceptMap until reviewed.
breast,LN_POSITI,https://erichuang777777.github.io/TW-Breast-Cancer-FHIR-IG/CodeSystem/tcr-breast-ln-positi,https://erichuang777777.github.io/TW-Breast-Cancer-FHIR-IG/ValueSet/tcr-breast-ln-positi-vs,82,82,,,,,not-started,,,,Do not publish as ConceptMap until reviewed.
breast,LN_POSITI,https://erichuang777777.github.io/TW-Breast-Cancer-FHIR-IG/CodeSystem/tcr-breast-ln-positi,https://erichuang777777.github.io/TW-Breast-Cancer-FHIR-IG/ValueSet/tcr-breast-ln-positi-vs,83,83,,,,,not-started,,,,Do not publish as ConceptMap until reviewed.
breast,LN_POSITI,https://erichuang777777.github.io/TW-Breast-Cancer-FHIR-IG/CodeSystem/tcr-breast-ln-positi,https://erichuang777777.github.io/TW-Breast-Cancer-FHIR-IG/ValueSet/tcr-breast-ln-positi-vs,84,84,,,,,not-started,,,,Do not publish as ConceptMap until reviewed.
breast,LN_POSITI,https://erichuang777777.github.io/TW-Breast-Cancer-FHIR-IG/CodeSystem/tcr-breast-ln-positi,https://erichuang777777.github.io/TW-Breast-Cancer-FHIR-IG/ValueSet/tcr-breast-ln-positi-vs,85,85,,,,,not-started,,,,Do not publish as ConceptMap until reviewed.
breast,LN_POSITI,https://erichuang777777.github.io/TW-Breast-Cancer-FHIR-IG/CodeSystem/tcr-breast-ln-positi,https://erichuang777777.github.io/TW-Breast-Cancer-FHIR-IG/ValueSet/tcr-breast-ln-positi-vs,86,86,,,,,not-started,,,,Do not publish as ConceptMap until reviewed.
breast,LN_POSITI,https://erichuang777777.github.io/TW-Breast-Cancer-FHIR-IG/CodeSystem/tcr-breast-ln-positi,https://erichuang777777.github.io/TW-Breast-Cancer-FHIR-IG/ValueSet/tcr-breast-ln-positi-vs,87,87,,,,,not-started,,,,Do not publish as ConceptMap until reviewed.
breast,LN_POSITI,https://erichuang777777.github.io/TW-Breast-Cancer-FHIR-IG/CodeSystem/tcr-breast-ln-positi,https://erichuang777777.github.io/TW-Breast-Cancer-FHIR-IG/ValueSet/tcr-breast-ln-positi-vs,88,88,,,,,not-started,,,,Do not publish as ConceptMap until reviewed.
breast,LN_POSITI,https://erichuang777777.github.io/TW-Breast-Cancer-FHIR-IG/CodeSystem/tcr-breast-ln-positi,https://erichuang777777.github.io/TW-Breast-Cancer-FHIR-IG/ValueSet/tcr-breast-ln-positi-vs,89,89,,,,,not-started,,,,Do not publish as ConceptMap until reviewed.
breast,LN_POSITI,https://erichuang777777.github.io/TW-Breast-Cancer-FHIR-IG/CodeSystem/tcr-breast-ln-positi,https://erichuang777777.github.io/TW-Breast-Cancer-FHIR-IG/ValueSet/tcr-breast-ln-positi-vs,90,90,,,,,not-started,,,,Do not publish as ConceptMap until reviewed.
breast,LN_POSITI,https://erichuang777777.github.io/TW-Breast-Cancer-FHIR-IG/CodeSystem/tcr-breast-ln-positi,https://erichuang777777.github.io/TW-Breast-Cancer-FHIR-IG/ValueSet/tcr-breast-ln-positi-vs,95,Positive by aspiration/core biopsy only (nodes not surgically removed),,,,,not-started,,,,Do not publish as ConceptMap until reviewed.
breast,LN_POSITI,https://erichuang777777.github.io/TW-Breast-Cancer-FHIR-IG/CodeSystem/tcr-breast-ln-positi,https://erichuang777777.github.io/TW-Breast-Cancer-FHIR-IG/ValueSet/tcr-breast-ln-positi-vs,97,"Positive LN present, count not specified",,,,,not-started,,,,Do not publish as ConceptMap until reviewed.
breast,LN_POSITI,https://erichuang777777.github.io/TW-Breast-Cancer-FHIR-IG/CodeSystem/tcr-breast-ln-positi,https://erichuang777777.github.io/TW-Breast-Cancer-FHIR-IG/ValueSet/tcr-breast-ln-positi-vs,98,"No nodes removed/examined, or no lymph node tissue found (clinical assessment only)",,,,,not-started,,,,Do not publish as ConceptMap until reviewed.
breast,LN_POSITI,https://erichuang777777.github.io/TW-Breast-Cancer-FHIR-IG/CodeSystem/tcr-breast-ln-positi,https://erichuang777777.github.io/TW-Breast-Cancer-FHIR-IG/ValueSet/tcr-breast-ln-positi-vs,99,Unknown / not applicable / not documented,,,,,not-started,,,,Do not publish as ConceptMap until reviewed.
breast,AJCC,https://erichuang777777.github.io/TW-Breast-Cancer-FHIR-IG/CodeSystem/tcr-breast-ajcc,https://erichuang777777.github.io/TW-Breast-Cancer-FHIR-IG/ValueSet/tcr-breast-ajcc-vs,06,AJCC 6th Edition (2002),,,,,not-started,,,,Do not publish as ConceptMap until reviewed.
breast,AJCC,https://erichuang777777.github.io/TW-Breast-Cancer-FHIR-IG/CodeSystem/tcr-breast-ajcc,https://erichuang777777.github.io/TW-Breast-Cancer-FHIR-IG/ValueSet/tcr-breast-ajcc-vs,07,AJCC 7th Edition (2010),,,,,not-started,,,,Do not publish as ConceptMap until reviewed.
breast,AJCC,https://erichuang777777.github.io/TW-Breast-Cancer-FHIR-IG/CodeSystem/tcr-breast-ajcc,https://erichuang777777.github.io/TW-Breast-Cancer-FHIR-IG/ValueSet/tcr-breast-ajcc-vs,08,AJCC 8th Edition (2018),,,,,not-started,,,,Do not publish as ConceptMap until reviewed.
breast,AJCC,https://erichuang777777.github.io/TW-Breast-Cancer-FHIR-IG/CodeSystem/tcr-breast-ajcc,https://erichuang777777.github.io/TW-Breast-Cancer-FHIR-IG/ValueSet/tcr-breast-ajcc-vs,6,AJCC 6th Edition (2002),,,,,not-started,,,,Do not publish as ConceptMap until reviewed.
breast,AJCC,https://erichuang777777.github.io/TW-Breast-Cancer-FHIR-IG/CodeSystem/tcr-breast-ajcc,https://erichuang777777.github.io/TW-Breast-Cancer-FHIR-IG/ValueSet/tcr-breast-ajcc-vs,7,AJCC 7th Edition (2010),,,,,not-started,,,,Do not publish as ConceptMap until reviewed.
breast,AJCC,https://erichuang777777.github.io/TW-Breast-Cancer-FHIR-IG/CodeSystem/tcr-breast-ajcc,https://erichuang777777.github.io/TW-Breast-Cancer-FHIR-IG/ValueSet/tcr-breast-ajcc-vs,8,AJCC 8th Edition (2018),,,,,not-started,,,,Do not publish as ConceptMap until reviewed.
breast,AJCC,https://erichuang777777.github.io/TW-Breast-Cancer-FHIR-IG/CodeSystem/tcr-breast-ajcc,https://erichuang777777.github.io/TW-Breast-Cancer-FHIR-IG/ValueSet/tcr-breast-ajcc-vs,8048,AJCC 8th Edition — Prognostic Stage (Breast),,,,,not-started,,,,Do not publish as ConceptMap until reviewed.
breast,AJCC,https://erichuang777777.github.io/TW-Breast-Cancer-FHIR-IG/CodeSystem/tcr-breast-ajcc,https://erichuang777777.github.io/TW-Breast-Cancer-FHIR-IG/ValueSet/tcr-breast-ajcc-vs,99,Unknown AJCC edition,,,,,not-started,,,,Do not publish as ConceptMap until reviewed.
breast,AJCC,https://erichuang777777.github.io/TW-Breast-Cancer-FHIR-IG/CodeSystem/tcr-breast-ajcc,https://erichuang777777.github.io/TW-Breast-Cancer-FHIR-IG/ValueSet/tcr-breast-ajcc-vs,99999,Not applicable,,,,,not-started,,,,Do not publish as ConceptMap until reviewed.
breast,PRESTYPE,https://erichuang777777.github.io/TW-Breast-Cancer-FHIR-IG/CodeSystem/tcr-breast-prestype,https://erichuang777777.github.io/TW-Breast-Cancer-FHIR-IG/ValueSet/tcr-breast-prestype-vs,000,None; no surgery of primary site; autopsy ONLY,,,,,not-started,,,,Do not publish as ConceptMap until reviewed.
breast,PRESTYPE,https://erichuang777777.github.io/TW-Breast-Cancer-FHIR-IG/CodeSystem/tcr-breast-prestype,https://erichuang777777.github.io/TW-Breast-Cancer-FHIR-IG/ValueSet/tcr-breast-prestype-vs,200,"Partial mastectomy, NOS; less than total mastectomy, NOS; lumpectomy, segmental mastectomy, quadrantectomy, tylectomy, with or without nipple resection",,,,,not-started,,,,Do not publish as ConceptMap until reviewed.
breast,PRESTYPE,https://erichuang777777.github.io/TW-Breast-Cancer-FHIR-IG/CodeSystem/tcr-breast-prestype,https://erichuang777777.github.io/TW-Breast-Cancer-FHIR-IG/ValueSet/tcr-breast-prestype-vs,210,"Excisional breast biopsy - Diagnostic excision, no pre-operative biopsy proven diagnosis of cancer.",,,,,not-started,,,,Do not publish as ConceptMap until reviewed.
breast,PRESTYPE,https://erichuang777777.github.io/TW-Breast-Cancer-FHIR-IG/CodeSystem/tcr-breast-prestype,https://erichuang777777.github.io/TW-Breast-Cancer-FHIR-IG/ValueSet/tcr-breast-prestype-vs,215,"Excisional breast biopsy, for atypia",,,,,not-started,,,,Do not publish as ConceptMap until reviewed.
breast,PRESTYPE,https://erichuang777777.github.io/TW-Breast-Cancer-FHIR-IG/CodeSystem/tcr-breast-prestype,https://erichuang777777.github.io/TW-Breast-Cancer-FHIR-IG/ValueSet/tcr-breast-prestype-vs,240,Re-excision of margins from primary tumor site for gross or microscopic residual disease when less than total mastectomy performed.,,,,,not-started,,,,Do not publish as ConceptMap until reviewed.
breast,PRESTYPE,https://erichuang777777.github.io/TW-Breast-Cancer-FHIR-IG/CodeSystem/tcr-breast-prestype,https://erichuang777777.github.io/TW-Breast-Cancer-FHIR-IG/ValueSet/tcr-breast-prestype-vs,290,"Central lumpectomy, only performed for a prior diagnosis of cancer, which includes removal of the nipple areolar complex.",,,,,not-started,,,,Do not publish as ConceptMap until reviewed.
breast,PRESTYPE,https://erichuang777777.github.io/TW-Breast-Cancer-FHIR-IG/CodeSystem/tcr-breast-prestype,https://erichuang777777.github.io/TW-Breast-Cancer-FHIR-IG/ValueSet/tcr-breast-prestype-vs,300,Skin-sparing mastectomy,,,,,not-started,,,,Do not publish as ConceptMap until reviewed.
breast,PRESTYPE,https://erichuang777777.github.io/TW-Breast-Cancer-FHIR-IG/CodeSystem/tcr-breast-prestype,https://erichuang777777.github.io/TW-Breast-Cancer-FHIR-IG/ValueSet/tcr-breast-prestype-vs,310,Skin-sparing mastectomy WITHOUT removal of the contralateral breast,,,,,not-started,,,,Do not publish as ConceptMap until reviewed.
breast,PRESTYPE,https://erichuang777777.github.io/TW-Breast-Cancer-FHIR-IG/CodeSystem/tcr-breast-prestype,https://erichuang777777.github.io/TW-Breast-Cancer-FHIR-IG/ValueSet/tcr-breast-prestype-vs,311,"Skin-sparing mastectomy WITHOUT contralateral, reconstruction NOS",,,,,not-started,,,,Do not publish as ConceptMap until reviewed.
breast,PRESTYPE,https://erichuang777777.github.io/TW-Breast-Cancer-FHIR-IG/CodeSystem/tcr-breast-prestype,https://erichuang777777.github.io/TW-Breast-Cancer-FHIR-IG/ValueSet/tcr-breast-prestype-vs,312,"Skin-sparing mastectomy WITHOUT contralateral, tissue reconstruction",,,,,not-started,,,,Do not publish as ConceptMap until reviewed.
breast,PRESTYPE,https://erichuang777777.github.io/TW-Breast-Cancer-FHIR-IG/CodeSystem/tcr-breast-prestype,https://erichuang777777.github.io/TW-Breast-Cancer-FHIR-IG/ValueSet/tcr-breast-prestype-vs,313,"Skin-sparing mastectomy WITHOUT contralateral, implant reconstruction",,,,,not-started,,,,Do not publish as ConceptMap until reviewed.
breast,PRESTYPE,https://erichuang777777.github.io/TW-Breast-Cancer-FHIR-IG/CodeSystem/tcr-breast-prestype,https://erichuang777777.github.io/TW-Breast-Cancer-FHIR-IG/ValueSet/tcr-breast-prestype-vs,314,"Skin-sparing mastectomy WITHOUT contralateral, combined reconstruction",,,,,not-started,,,,Do not publish as ConceptMap until reviewed.
breast,PRESTYPE,https://erichuang777777.github.io/TW-Breast-Cancer-FHIR-IG/CodeSystem/tcr-breast-prestype,https://erichuang777777.github.io/TW-Breast-Cancer-FHIR-IG/ValueSet/tcr-breast-prestype-vs,320,Skin-sparing mastectomy WITH removal of the contralateral breast,,,,,not-started,,,,Do not publish as ConceptMap until reviewed.
breast,PRESTYPE,https://erichuang777777.github.io/TW-Breast-Cancer-FHIR-IG/CodeSystem/tcr-breast-prestype,https://erichuang777777.github.io/TW-Breast-Cancer-FHIR-IG/ValueSet/tcr-breast-prestype-vs,321,"Skin-sparing mastectomy WITH contralateral, reconstruction NOS",,,,,not-started,,,,Do not publish as ConceptMap until reviewed.
breast,PRESTYPE,https://erichuang777777.github.io/TW-Breast-Cancer-FHIR-IG/CodeSystem/tcr-breast-prestype,https://erichuang777777.github.io/TW-Breast-Cancer-FHIR-IG/ValueSet/tcr-breast-prestype-vs,322,"Skin-sparing mastectomy WITH contralateral, tissue reconstruction",,,,,not-started,,,,Do not publish as ConceptMap until reviewed.
breast,PRESTYPE,https://erichuang777777.github.io/TW-Breast-Cancer-FHIR-IG/CodeSystem/tcr-breast-prestype,https://erichuang777777.github.io/TW-Breast-Cancer-FHIR-IG/ValueSet/tcr-breast-prestype-vs,323,"Skin-sparing mastectomy WITH contralateral, implant reconstruction",,,,,not-started,,,,Do not publish as ConceptMap until reviewed.
breast,PRESTYPE,https://erichuang777777.github.io/TW-Breast-Cancer-FHIR-IG/CodeSystem/tcr-breast-prestype,https://erichuang777777.github.io/TW-Breast-Cancer-FHIR-IG/ValueSet/tcr-breast-prestype-vs,324,"Skin-sparing mastectomy WITH contralateral, combined reconstruction",,,,,not-started,,,,Do not publish as ConceptMap until reviewed.
breast,PRESTYPE,https://erichuang777777.github.io/TW-Breast-Cancer-FHIR-IG/CodeSystem/tcr-breast-prestype,https://erichuang777777.github.io/TW-Breast-Cancer-FHIR-IG/ValueSet/tcr-breast-prestype-vs,400,Nipple-sparing mastectomy,,,,,not-started,,,,Do not publish as ConceptMap until reviewed.
breast,PRESTYPE,https://erichuang777777.github.io/TW-Breast-Cancer-FHIR-IG/CodeSystem/tcr-breast-prestype,https://erichuang777777.github.io/TW-Breast-Cancer-FHIR-IG/ValueSet/tcr-breast-prestype-vs,410,Nipple-sparing mastectomy WITHOUT removal of the contralateral breast,,,,,not-started,,,,Do not publish as ConceptMap until reviewed.
breast,PRESTYPE,https://erichuang777777.github.io/TW-Breast-Cancer-FHIR-IG/CodeSystem/tcr-breast-prestype,https://erichuang777777.github.io/TW-Breast-Cancer-FHIR-IG/ValueSet/tcr-breast-prestype-vs,411,"Nipple-sparing mastectomy WITHOUT contralateral, reconstruction NOS",,,,,not-started,,,,Do not publish as ConceptMap until reviewed.
breast,PRESTYPE,https://erichuang777777.github.io/TW-Breast-Cancer-FHIR-IG/CodeSystem/tcr-breast-prestype,https://erichuang777777.github.io/TW-Breast-Cancer-FHIR-IG/ValueSet/tcr-breast-prestype-vs,412,"Nipple-sparing mastectomy WITHOUT contralateral, tissue reconstruction",,,,,not-started,,,,Do not publish as ConceptMap until reviewed.
breast,PRESTYPE,https://erichuang777777.github.io/TW-Breast-Cancer-FHIR-IG/CodeSystem/tcr-breast-prestype,https://erichuang777777.github.io/TW-Breast-Cancer-FHIR-IG/ValueSet/tcr-breast-prestype-vs,413,"Nipple-sparing mastectomy WITHOUT contralateral, implant reconstruction",,,,,not-started,,,,Do not publish as ConceptMap until reviewed.
breast,PRESTYPE,https://erichuang777777.github.io/TW-Breast-Cancer-FHIR-IG/CodeSystem/tcr-breast-prestype,https://erichuang777777.github.io/TW-Breast-Cancer-FHIR-IG/ValueSet/tcr-breast-prestype-vs,414,"Nipple-sparing mastectomy WITHOUT contralateral, combined reconstruction",,,,,not-started,,,,Do not publish as ConceptMap until reviewed.
breast,PRESTYPE,https://erichuang777777.github.io/TW-Breast-Cancer-FHIR-IG/CodeSystem/tcr-breast-prestype,https://erichuang777777.github.io/TW-Breast-Cancer-FHIR-IG/ValueSet/tcr-breast-prestype-vs,420,Nipple-sparing mastectomy WITH removal of the contralateral breast,,,,,not-started,,,,Do not publish as ConceptMap until reviewed.
breast,PRESTYPE,https://erichuang777777.github.io/TW-Breast-Cancer-FHIR-IG/CodeSystem/tcr-breast-prestype,https://erichuang777777.github.io/TW-Breast-Cancer-FHIR-IG/ValueSet/tcr-breast-prestype-vs,421,"Nipple-sparing mastectomy WITH contralateral, reconstruction NOS",,,,,not-started,,,,Do not publish as ConceptMap until reviewed.
breast,PRESTYPE,https://erichuang777777.github.io/TW-Breast-Cancer-FHIR-IG/CodeSystem/tcr-breast-prestype,https://erichuang777777.github.io/TW-Breast-Cancer-FHIR-IG/ValueSet/tcr-breast-prestype-vs,422,"Nipple-sparing mastectomy WITH contralateral, tissue reconstruction",,,,,not-started,,,,Do not publish as ConceptMap until reviewed.
breast,PRESTYPE,https://erichuang777777.github.io/TW-Breast-Cancer-FHIR-IG/CodeSystem/tcr-breast-prestype,https://erichuang777777.github.io/TW-Breast-Cancer-FHIR-IG/ValueSet/tcr-breast-prestype-vs,423,"Nipple-sparing mastectomy WITH contralateral, implant reconstruction",,,,,not-started,,,,Do not publish as ConceptMap until reviewed.
breast,PRESTYPE,https://erichuang777777.github.io/TW-Breast-Cancer-FHIR-IG/CodeSystem/tcr-breast-prestype,https://erichuang777777.github.io/TW-Breast-Cancer-FHIR-IG/ValueSet/tcr-breast-prestype-vs,424,"Nipple-sparing mastectomy WITH contralateral, combined reconstruction",,,,,not-started,,,,Do not publish as ConceptMap until reviewed.
breast,PRESTYPE,https://erichuang777777.github.io/TW-Breast-Cancer-FHIR-IG/CodeSystem/tcr-breast-prestype,https://erichuang777777.github.io/TW-Breast-Cancer-FHIR-IG/ValueSet/tcr-breast-prestype-vs,500,Areolar-sparing mastectomy,,,,,not-started,,,,Do not publish as ConceptMap until reviewed.
breast,PRESTYPE,https://erichuang777777.github.io/TW-Breast-Cancer-FHIR-IG/CodeSystem/tcr-breast-prestype,https://erichuang777777.github.io/TW-Breast-Cancer-FHIR-IG/ValueSet/tcr-breast-prestype-vs,510,Areolar-sparing mastectomy WITHOUT removal of the contralateral breast,,,,,not-started,,,,Do not publish as ConceptMap until reviewed.
breast,PRESTYPE,https://erichuang777777.github.io/TW-Breast-Cancer-FHIR-IG/CodeSystem/tcr-breast-prestype,https://erichuang777777.github.io/TW-Breast-Cancer-FHIR-IG/ValueSet/tcr-breast-prestype-vs,520,Areolar-sparing mastectomy WITH removal of the contralateral breast,,,,,not-started,,,,Do not publish as ConceptMap until reviewed.
breast,PRESTYPE,https://erichuang777777.github.io/TW-Breast-Cancer-FHIR-IG/CodeSystem/tcr-breast-prestype,https://erichuang777777.github.io/TW-Breast-Cancer-FHIR-IG/ValueSet/tcr-breast-prestype-vs,530,"Areolar-sparing mastectomy WITHOUT contralateral, reconstruction NOS",,,,,not-started,,,,Do not publish as ConceptMap until reviewed.
breast,PRESTYPE,https://erichuang777777.github.io/TW-Breast-Cancer-FHIR-IG/CodeSystem/tcr-breast-prestype,https://erichuang777777.github.io/TW-Breast-Cancer-FHIR-IG/ValueSet/tcr-breast-prestype-vs,540,"Areolar-sparing mastectomy WITHOUT contralateral, tissue reconstruction",,,,,not-started,,,,Do not publish as ConceptMap until reviewed.
breast,PRESTYPE,https://erichuang777777.github.io/TW-Breast-Cancer-FHIR-IG/CodeSystem/tcr-breast-prestype,https://erichuang777777.github.io/TW-Breast-Cancer-FHIR-IG/ValueSet/tcr-breast-prestype-vs,550,"Areolar-sparing mastectomy WITHOUT contralateral, implant reconstruction",,,,,not-started,,,,Do not publish as ConceptMap until reviewed.
breast,PRESTYPE,https://erichuang777777.github.io/TW-Breast-Cancer-FHIR-IG/CodeSystem/tcr-breast-prestype,https://erichuang777777.github.io/TW-Breast-Cancer-FHIR-IG/ValueSet/tcr-breast-prestype-vs,560,"Areolar-sparing mastectomy WITHOUT contralateral, combined reconstruction",,,,,not-started,,,,Do not publish as ConceptMap until reviewed.
breast,PRESTYPE,https://erichuang777777.github.io/TW-Breast-Cancer-FHIR-IG/CodeSystem/tcr-breast-prestype,https://erichuang777777.github.io/TW-Breast-Cancer-FHIR-IG/ValueSet/tcr-breast-prestype-vs,570,"Areolar-sparing mastectomy WITH contralateral, reconstruction NOS",,,,,not-started,,,,Do not publish as ConceptMap until reviewed.
breast,PRESTYPE,https://erichuang777777.github.io/TW-Breast-Cancer-FHIR-IG/CodeSystem/tcr-breast-prestype,https://erichuang777777.github.io/TW-Breast-Cancer-FHIR-IG/ValueSet/tcr-breast-prestype-vs,580,"Areolar-sparing mastectomy WITH contralateral, tissue reconstruction",,,,,not-started,,,,Do not publish as ConceptMap until reviewed.
breast,PRESTYPE,https://erichuang777777.github.io/TW-Breast-Cancer-FHIR-IG/CodeSystem/tcr-breast-prestype,https://erichuang777777.github.io/TW-Breast-Cancer-FHIR-IG/ValueSet/tcr-breast-prestype-vs,590,"Areolar-sparing mastectomy WITH contralateral, implant reconstruction",,,,,not-started,,,,Do not publish as ConceptMap until reviewed.
breast,PRESTYPE,https://erichuang777777.github.io/TW-Breast-Cancer-FHIR-IG/CodeSystem/tcr-breast-prestype,https://erichuang777777.github.io/TW-Breast-Cancer-FHIR-IG/ValueSet/tcr-breast-prestype-vs,600,Total (simple) mastectomy,,,,,not-started,,,,Do not publish as ConceptMap until reviewed.
breast,PRESTYPE,https://erichuang777777.github.io/TW-Breast-Cancer-FHIR-IG/CodeSystem/tcr-breast-prestype,https://erichuang777777.github.io/TW-Breast-Cancer-FHIR-IG/ValueSet/tcr-breast-prestype-vs,610,Total (simple) mastectomy WITHOUT removal of the contralateral breast,,,,,not-started,,,,Do not publish as ConceptMap until reviewed.
breast,PRESTYPE,https://erichuang777777.github.io/TW-Breast-Cancer-FHIR-IG/CodeSystem/tcr-breast-prestype,https://erichuang777777.github.io/TW-Breast-Cancer-FHIR-IG/ValueSet/tcr-breast-prestype-vs,620,Total (simple) mastectomy WITH removal of the contralateral breast,,,,,not-started,,,,Do not publish as ConceptMap until reviewed.
breast,PRESTYPE,https://erichuang777777.github.io/TW-Breast-Cancer-FHIR-IG/CodeSystem/tcr-breast-prestype,https://erichuang777777.github.io/TW-Breast-Cancer-FHIR-IG/ValueSet/tcr-breast-prestype-vs,630,"Areolar-sparing mastectomy WITH contralateral, combined reconstruction",,,,,not-started,,,,Do not publish as ConceptMap until reviewed.
breast,PRESTYPE,https://erichuang777777.github.io/TW-Breast-Cancer-FHIR-IG/CodeSystem/tcr-breast-prestype,https://erichuang777777.github.io/TW-Breast-Cancer-FHIR-IG/ValueSet/tcr-breast-prestype-vs,640,"Total (simple) mastectomy WITHOUT contralateral, reconstruction NOS",,,,,not-started,,,,Do not publish as ConceptMap until reviewed.
breast,PRESTYPE,https://erichuang777777.github.io/TW-Breast-Cancer-FHIR-IG/CodeSystem/tcr-breast-prestype,https://erichuang777777.github.io/TW-Breast-Cancer-FHIR-IG/ValueSet/tcr-breast-prestype-vs,650,"Total (simple) mastectomy WITHOUT contralateral, tissue reconstruction",,,,,not-started,,,,Do not publish as ConceptMap until reviewed.
breast,PRESTYPE,https://erichuang777777.github.io/TW-Breast-Cancer-FHIR-IG/CodeSystem/tcr-breast-prestype,https://erichuang777777.github.io/TW-Breast-Cancer-FHIR-IG/ValueSet/tcr-breast-prestype-vs,660,"Total (simple) mastectomy WITHOUT contralateral, implant reconstruction",,,,,not-started,,,,Do not publish as ConceptMap until reviewed.
breast,PRESTYPE,https://erichuang777777.github.io/TW-Breast-Cancer-FHIR-IG/CodeSystem/tcr-breast-prestype,https://erichuang777777.github.io/TW-Breast-Cancer-FHIR-IG/ValueSet/tcr-breast-prestype-vs,670,"Total (simple) mastectomy WITHOUT contralateral, combined reconstruction",,,,,not-started,,,,Do not publish as ConceptMap until reviewed.
breast,PRESTYPE,https://erichuang777777.github.io/TW-Breast-Cancer-FHIR-IG/CodeSystem/tcr-breast-prestype,https://erichuang777777.github.io/TW-Breast-Cancer-FHIR-IG/ValueSet/tcr-breast-prestype-vs,680,"Total (simple) mastectomy WITH contralateral, reconstruction NOS",,,,,not-started,,,,Do not publish as ConceptMap until reviewed.
breast,PRESTYPE,https://erichuang777777.github.io/TW-Breast-Cancer-FHIR-IG/CodeSystem/tcr-breast-prestype,https://erichuang777777.github.io/TW-Breast-Cancer-FHIR-IG/ValueSet/tcr-breast-prestype-vs,690,"Total (simple) mastectomy WITH contralateral, tissue reconstruction",,,,,not-started,,,,Do not publish as ConceptMap until reviewed.
breast,PRESTYPE,https://erichuang777777.github.io/TW-Breast-Cancer-FHIR-IG/CodeSystem/tcr-breast-prestype,https://erichuang777777.github.io/TW-Breast-Cancer-FHIR-IG/ValueSet/tcr-breast-prestype-vs,700,"Radical mastectomy, NOS",,,,,not-started,,,,Do not publish as ConceptMap until reviewed.
breast,PRESTYPE,https://erichuang777777.github.io/TW-Breast-Cancer-FHIR-IG/CodeSystem/tcr-breast-prestype,https://erichuang777777.github.io/TW-Breast-Cancer-FHIR-IG/ValueSet/tcr-breast-prestype-vs,710,Radical mastectomy WITHOUT removal of the contralateral breast,,,,,not-started,,,,Do not publish as ConceptMap until reviewed.
breast,PRESTYPE,https://erichuang777777.github.io/TW-Breast-Cancer-FHIR-IG/CodeSystem/tcr-breast-prestype,https://erichuang777777.github.io/TW-Breast-Cancer-FHIR-IG/ValueSet/tcr-breast-prestype-vs,720,Radical mastectomy WITH removal of the contralateral breast,,,,,not-started,,,,Do not publish as ConceptMap until reviewed.
breast,PRESTYPE,https://erichuang777777.github.io/TW-Breast-Cancer-FHIR-IG/CodeSystem/tcr-breast-prestype,https://erichuang777777.github.io/TW-Breast-Cancer-FHIR-IG/ValueSet/tcr-breast-prestype-vs,730,"Total (simple) mastectomy WITH contralateral, implant reconstruction",,,,,not-started,,,,Do not publish as ConceptMap until reviewed.
breast,PRESTYPE,https://erichuang777777.github.io/TW-Breast-Cancer-FHIR-IG/CodeSystem/tcr-breast-prestype,https://erichuang777777.github.io/TW-Breast-Cancer-FHIR-IG/ValueSet/tcr-breast-prestype-vs,740,"Total (simple) mastectomy WITH contralateral, combined reconstruction",,,,,not-started,,,,Do not publish as ConceptMap until reviewed.
breast,PRESTYPE,https://erichuang777777.github.io/TW-Breast-Cancer-FHIR-IG/CodeSystem/tcr-breast-prestype,https://erichuang777777.github.io/TW-Breast-Cancer-FHIR-IG/ValueSet/tcr-breast-prestype-vs,760,Bilateral mastectomy for a single tumour involving both breasts,,,,,not-started,,,,Do not publish as ConceptMap until reviewed.
breast,PRESTYPE,https://erichuang777777.github.io/TW-Breast-Cancer-FHIR-IG/CodeSystem/tcr-breast-prestype,https://erichuang777777.github.io/TW-Breast-Cancer-FHIR-IG/ValueSet/tcr-breast-prestype-vs,800,"Mastectomy, NOS (including extended radical mastectomy)",,,,,not-started,,,,Do not publish as ConceptMap until reviewed.
breast,PRESTYPE,https://erichuang777777.github.io/TW-Breast-Cancer-FHIR-IG/CodeSystem/tcr-breast-prestype,https://erichuang777777.github.io/TW-Breast-Cancer-FHIR-IG/ValueSet/tcr-breast-prestype-vs,900,"Surgery, NOS",,,,,not-started,,,,Do not publish as ConceptMap until reviewed.
breast,PRESTYPE,https://erichuang777777.github.io/TW-Breast-Cancer-FHIR-IG/CodeSystem/tcr-breast-prestype,https://erichuang777777.github.io/TW-Breast-Cancer-FHIR-IG/ValueSet/tcr-breast-prestype-vs,990,Unknown if surgery performed; death certificate ONLY,,,,,not-started,,,,Do not publish as ConceptMap until reviewed.
breast,STYPE95,https://erichuang777777.github.io/TW-Breast-Cancer-FHIR-IG/CodeSystem/tcr-breast-stype95,https://erichuang777777.github.io/TW-Breast-Cancer-FHIR-IG/ValueSet/tcr-breast-stype95-vs,000,None; no surgery of primary site; autopsy ONLY,,,,,not-started,,,,Do not publish as ConceptMap until reviewed.
breast,STYPE95,https://erichuang777777.github.io/TW-Breast-Cancer-FHIR-IG/CodeSystem/tcr-breast-stype95,https://erichuang777777.github.io/TW-Breast-Cancer-FHIR-IG/ValueSet/tcr-breast-stype95-vs,200,"Partial mastectomy, NOS; less than total mastectomy, NOS; lumpectomy, segmental mastectomy, quadrantectomy, tylectomy, with or without nipple resection",,,,,not-started,,,,Do not publish as ConceptMap until reviewed.
breast,STYPE95,https://erichuang777777.github.io/TW-Breast-Cancer-FHIR-IG/CodeSystem/tcr-breast-stype95,https://erichuang777777.github.io/TW-Breast-Cancer-FHIR-IG/ValueSet/tcr-breast-stype95-vs,210,"Excisional breast biopsy - Diagnostic excision, no pre-operative biopsy proven diagnosis of cancer.",,,,,not-started,,,,Do not publish as ConceptMap until reviewed.
breast,STYPE95,https://erichuang777777.github.io/TW-Breast-Cancer-FHIR-IG/CodeSystem/tcr-breast-stype95,https://erichuang777777.github.io/TW-Breast-Cancer-FHIR-IG/ValueSet/tcr-breast-stype95-vs,215,"Excisional breast biopsy, for atypia",,,,,not-started,,,,Do not publish as ConceptMap until reviewed.
breast,STYPE95,https://erichuang777777.github.io/TW-Breast-Cancer-FHIR-IG/CodeSystem/tcr-breast-stype95,https://erichuang777777.github.io/TW-Breast-Cancer-FHIR-IG/ValueSet/tcr-breast-stype95-vs,240,Re-excision of margins from primary tumor site for gross or microscopic residual disease when less than total mastectomy performed.,,,,,not-started,,,,Do not publish as ConceptMap until reviewed.
breast,STYPE95,https://erichuang777777.github.io/TW-Breast-Cancer-FHIR-IG/CodeSystem/tcr-breast-stype95,https://erichuang777777.github.io/TW-Breast-Cancer-FHIR-IG/ValueSet/tcr-breast-stype95-vs,290,"Central lumpectomy, only performed for a prior diagnosis of cancer, which includes removal of the nipple areolar complex.",,,,,not-started,,,,Do not publish as ConceptMap until reviewed.
breast,STYPE95,https://erichuang777777.github.io/TW-Breast-Cancer-FHIR-IG/CodeSystem/tcr-breast-stype95,https://erichuang777777.github.io/TW-Breast-Cancer-FHIR-IG/ValueSet/tcr-breast-stype95-vs,300,Skin-sparing mastectomy,,,,,not-started,,,,Do not publish as ConceptMap until reviewed.
breast,STYPE95,https://erichuang777777.github.io/TW-Breast-Cancer-FHIR-IG/CodeSystem/tcr-breast-stype95,https://erichuang777777.github.io/TW-Breast-Cancer-FHIR-IG/ValueSet/tcr-breast-stype95-vs,310,Skin-sparing mastectomy WITHOUT removal of the contralateral breast,,,,,not-started,,,,Do not publish as ConceptMap until reviewed.
breast,STYPE95,https://erichuang777777.github.io/TW-Breast-Cancer-FHIR-IG/CodeSystem/tcr-breast-stype95,https://erichuang777777.github.io/TW-Breast-Cancer-FHIR-IG/ValueSet/tcr-breast-stype95-vs,311,"Skin-sparing mastectomy WITHOUT contralateral, reconstruction NOS",,,,,not-started,,,,Do not publish as ConceptMap until reviewed.
breast,STYPE95,https://erichuang777777.github.io/TW-Breast-Cancer-FHIR-IG/CodeSystem/tcr-breast-stype95,https://erichuang777777.github.io/TW-Breast-Cancer-FHIR-IG/ValueSet/tcr-breast-stype95-vs,312,"Skin-sparing mastectomy WITHOUT contralateral, tissue reconstruction",,,,,not-started,,,,Do not publish as ConceptMap until reviewed.
breast,STYPE95,https://erichuang777777.github.io/TW-Breast-Cancer-FHIR-IG/CodeSystem/tcr-breast-stype95,https://erichuang777777.github.io/TW-Breast-Cancer-FHIR-IG/ValueSet/tcr-breast-stype95-vs,313,"Skin-sparing mastectomy WITHOUT contralateral, implant reconstruction",,,,,not-started,,,,Do not publish as ConceptMap until reviewed.
breast,STYPE95,https://erichuang777777.github.io/TW-Breast-Cancer-FHIR-IG/CodeSystem/tcr-breast-stype95,https://erichuang777777.github.io/TW-Breast-Cancer-FHIR-IG/ValueSet/tcr-breast-stype95-vs,314,"Skin-sparing mastectomy WITHOUT contralateral, combined reconstruction",,,,,not-started,,,,Do not publish as ConceptMap until reviewed.
breast,STYPE95,https://erichuang777777.github.io/TW-Breast-Cancer-FHIR-IG/CodeSystem/tcr-breast-stype95,https://erichuang777777.github.io/TW-Breast-Cancer-FHIR-IG/ValueSet/tcr-breast-stype95-vs,320,Skin-sparing mastectomy WITH removal of the contralateral breast,,,,,not-started,,,,Do not publish as ConceptMap until reviewed.
breast,STYPE95,https://erichuang777777.github.io/TW-Breast-Cancer-FHIR-IG/CodeSystem/tcr-breast-stype95,https://erichuang777777.github.io/TW-Breast-Cancer-FHIR-IG/ValueSet/tcr-breast-stype95-vs,321,"Skin-sparing mastectomy WITH contralateral, reconstruction NOS",,,,,not-started,,,,Do not publish as ConceptMap until reviewed.
breast,STYPE95,https://erichuang777777.github.io/TW-Breast-Cancer-FHIR-IG/CodeSystem/tcr-breast-stype95,https://erichuang777777.github.io/TW-Breast-Cancer-FHIR-IG/ValueSet/tcr-breast-stype95-vs,322,"Skin-sparing mastectomy WITH contralateral, tissue reconstruction",,,,,not-started,,,,Do not publish as ConceptMap until reviewed.
breast,STYPE95,https://erichuang777777.github.io/TW-Breast-Cancer-FHIR-IG/CodeSystem/tcr-breast-stype95,https://erichuang777777.github.io/TW-Breast-Cancer-FHIR-IG/ValueSet/tcr-breast-stype95-vs,323,"Skin-sparing mastectomy WITH contralateral, implant reconstruction",,,,,not-started,,,,Do not publish as ConceptMap until reviewed.
breast,STYPE95,https://erichuang777777.github.io/TW-Breast-Cancer-FHIR-IG/CodeSystem/tcr-breast-stype95,https://erichuang777777.github.io/TW-Breast-Cancer-FHIR-IG/ValueSet/tcr-breast-stype95-vs,324,"Skin-sparing mastectomy WITH contralateral, combined reconstruction",,,,,not-started,,,,Do not publish as ConceptMap until reviewed.
breast,STYPE95,https://erichuang777777.github.io/TW-Breast-Cancer-FHIR-IG/CodeSystem/tcr-breast-stype95,https://erichuang777777.github.io/TW-Breast-Cancer-FHIR-IG/ValueSet/tcr-breast-stype95-vs,400,Nipple-sparing mastectomy,,,,,not-started,,,,Do not publish as ConceptMap until reviewed.
breast,STYPE95,https://erichuang777777.github.io/TW-Breast-Cancer-FHIR-IG/CodeSystem/tcr-breast-stype95,https://erichuang777777.github.io/TW-Breast-Cancer-FHIR-IG/ValueSet/tcr-breast-stype95-vs,410,Nipple-sparing mastectomy WITHOUT removal of the contralateral breast,,,,,not-started,,,,Do not publish as ConceptMap until reviewed.
breast,STYPE95,https://erichuang777777.github.io/TW-Breast-Cancer-FHIR-IG/CodeSystem/tcr-breast-stype95,https://erichuang777777.github.io/TW-Breast-Cancer-FHIR-IG/ValueSet/tcr-breast-stype95-vs,411,"Nipple-sparing mastectomy WITHOUT contralateral, reconstruction NOS",,,,,not-started,,,,Do not publish as ConceptMap until reviewed.
breast,STYPE95,https://erichuang777777.github.io/TW-Breast-Cancer-FHIR-IG/CodeSystem/tcr-breast-stype95,https://erichuang777777.github.io/TW-Breast-Cancer-FHIR-IG/ValueSet/tcr-breast-stype95-vs,412,"Nipple-sparing mastectomy WITHOUT contralateral, tissue reconstruction",,,,,not-started,,,,Do not publish as ConceptMap until reviewed.
breast,STYPE95,https://erichuang777777.github.io/TW-Breast-Cancer-FHIR-IG/CodeSystem/tcr-breast-stype95,https://erichuang777777.github.io/TW-Breast-Cancer-FHIR-IG/ValueSet/tcr-breast-stype95-vs,413,"Nipple-sparing mastectomy WITHOUT contralateral, implant reconstruction",,,,,not-started,,,,Do not publish as ConceptMap until reviewed.
breast,STYPE95,https://erichuang777777.github.io/TW-Breast-Cancer-FHIR-IG/CodeSystem/tcr-breast-stype95,https://erichuang777777.github.io/TW-Breast-Cancer-FHIR-IG/ValueSet/tcr-breast-stype95-vs,414,"Nipple-sparing mastectomy WITHOUT contralateral, combined reconstruction",,,,,not-started,,,,Do not publish as ConceptMap until reviewed.
breast,STYPE95,https://erichuang777777.github.io/TW-Breast-Cancer-FHIR-IG/CodeSystem/tcr-breast-stype95,https://erichuang777777.github.io/TW-Breast-Cancer-FHIR-IG/ValueSet/tcr-breast-stype95-vs,420,Nipple-sparing mastectomy WITH removal of the contralateral breast,,,,,not-started,,,,Do not publish as ConceptMap until reviewed.
breast,STYPE95,https://erichuang777777.github.io/TW-Breast-Cancer-FHIR-IG/CodeSystem/tcr-breast-stype95,https://erichuang777777.github.io/TW-Breast-Cancer-FHIR-IG/ValueSet/tcr-breast-stype95-vs,421,"Nipple-sparing mastectomy WITH contralateral, reconstruction NOS",,,,,not-started,,,,Do not publish as ConceptMap until reviewed.
breast,STYPE95,https://erichuang777777.github.io/TW-Breast-Cancer-FHIR-IG/CodeSystem/tcr-breast-stype95,https://erichuang777777.github.io/TW-Breast-Cancer-FHIR-IG/ValueSet/tcr-breast-stype95-vs,422,"Nipple-sparing mastectomy WITH contralateral, tissue reconstruction",,,,,not-started,,,,Do not publish as ConceptMap until reviewed.
breast,STYPE95,https://erichuang777777.github.io/TW-Breast-Cancer-FHIR-IG/CodeSystem/tcr-breast-stype95,https://erichuang777777.github.io/TW-Breast-Cancer-FHIR-IG/ValueSet/tcr-breast-stype95-vs,423,"Nipple-sparing mastectomy WITH contralateral, implant reconstruction",,,,,not-started,,,,Do not publish as ConceptMap until reviewed.
breast,STYPE95,https://erichuang777777.github.io/TW-Breast-Cancer-FHIR-IG/CodeSystem/tcr-breast-stype95,https://erichuang777777.github.io/TW-Breast-Cancer-FHIR-IG/ValueSet/tcr-breast-stype95-vs,424,"Nipple-sparing mastectomy WITH contralateral, combined reconstruction",,,,,not-started,,,,Do not publish as ConceptMap until reviewed.
breast,STYPE95,https://erichuang777777.github.io/TW-Breast-Cancer-FHIR-IG/CodeSystem/tcr-breast-stype95,https://erichuang777777.github.io/TW-Breast-Cancer-FHIR-IG/ValueSet/tcr-breast-stype95-vs,500,Areolar-sparing mastectomy,,,,,not-started,,,,Do not publish as ConceptMap until reviewed.
breast,STYPE95,https://erichuang777777.github.io/TW-Breast-Cancer-FHIR-IG/CodeSystem/tcr-breast-stype95,https://erichuang777777.github.io/TW-Breast-Cancer-FHIR-IG/ValueSet/tcr-breast-stype95-vs,510,Areolar-sparing mastectomy WITHOUT removal of the contralateral breast,,,,,not-started,,,,Do not publish as ConceptMap until reviewed.
breast,STYPE95,https://erichuang777777.github.io/TW-Breast-Cancer-FHIR-IG/CodeSystem/tcr-breast-stype95,https://erichuang777777.github.io/TW-Breast-Cancer-FHIR-IG/ValueSet/tcr-breast-stype95-vs,520,Areolar-sparing mastectomy WITH removal of the contralateral breast,,,,,not-started,,,,Do not publish as ConceptMap until reviewed.
breast,STYPE95,https://erichuang777777.github.io/TW-Breast-Cancer-FHIR-IG/CodeSystem/tcr-breast-stype95,https://erichuang777777.github.io/TW-Breast-Cancer-FHIR-IG/ValueSet/tcr-breast-stype95-vs,530,"Areolar-sparing mastectomy WITHOUT contralateral, reconstruction NOS",,,,,not-started,,,,Do not publish as ConceptMap until reviewed.
breast,STYPE95,https://erichuang777777.github.io/TW-Breast-Cancer-FHIR-IG/CodeSystem/tcr-breast-stype95,https://erichuang777777.github.io/TW-Breast-Cancer-FHIR-IG/ValueSet/tcr-breast-stype95-vs,540,"Areolar-sparing mastectomy WITHOUT contralateral, tissue reconstruction",,,,,not-started,,,,Do not publish as ConceptMap until reviewed.
breast,STYPE95,https://erichuang777777.github.io/TW-Breast-Cancer-FHIR-IG/CodeSystem/tcr-breast-stype95,https://erichuang777777.github.io/TW-Breast-Cancer-FHIR-IG/ValueSet/tcr-breast-stype95-vs,550,"Areolar-sparing mastectomy WITHOUT contralateral, implant reconstruction",,,,,not-started,,,,Do not publish as ConceptMap until reviewed.
breast,STYPE95,https://erichuang777777.github.io/TW-Breast-Cancer-FHIR-IG/CodeSystem/tcr-breast-stype95,https://erichuang777777.github.io/TW-Breast-Cancer-FHIR-IG/ValueSet/tcr-breast-stype95-vs,560,"Areolar-sparing mastectomy WITHOUT contralateral, combined reconstruction",,,,,not-started,,,,Do not publish as ConceptMap until reviewed.
breast,STYPE95,https://erichuang777777.github.io/TW-Breast-Cancer-FHIR-IG/CodeSystem/tcr-breast-stype95,https://erichuang777777.github.io/TW-Breast-Cancer-FHIR-IG/ValueSet/tcr-breast-stype95-vs,570,"Areolar-sparing mastectomy WITH contralateral, reconstruction NOS",,,,,not-started,,,,Do not publish as ConceptMap until reviewed.
breast,STYPE95,https://erichuang777777.github.io/TW-Breast-Cancer-FHIR-IG/CodeSystem/tcr-breast-stype95,https://erichuang777777.github.io/TW-Breast-Cancer-FHIR-IG/ValueSet/tcr-breast-stype95-vs,580,"Areolar-sparing mastectomy WITH contralateral, tissue reconstruction",,,,,not-started,,,,Do not publish as ConceptMap until reviewed.
breast,STYPE95,https://erichuang777777.github.io/TW-Breast-Cancer-FHIR-IG/CodeSystem/tcr-breast-stype95,https://erichuang777777.github.io/TW-Breast-Cancer-FHIR-IG/ValueSet/tcr-breast-stype95-vs,590,"Areolar-sparing mastectomy WITH contralateral, implant reconstruction",,,,,not-started,,,,Do not publish as ConceptMap until reviewed.
breast,STYPE95,https://erichuang777777.github.io/TW-Breast-Cancer-FHIR-IG/CodeSystem/tcr-breast-stype95,https://erichuang777777.github.io/TW-Breast-Cancer-FHIR-IG/ValueSet/tcr-breast-stype95-vs,600,Total (simple) mastectomy,,,,,not-started,,,,Do not publish as ConceptMap until reviewed.
breast,STYPE95,https://erichuang777777.github.io/TW-Breast-Cancer-FHIR-IG/CodeSystem/tcr-breast-stype95,https://erichuang777777.github.io/TW-Breast-Cancer-FHIR-IG/ValueSet/tcr-breast-stype95-vs,610,Total (simple) mastectomy WITHOUT removal of the contralateral breast,,,,,not-started,,,,Do not publish as ConceptMap until reviewed.
breast,STYPE95,https://erichuang777777.github.io/TW-Breast-Cancer-FHIR-IG/CodeSystem/tcr-breast-stype95,https://erichuang777777.github.io/TW-Breast-Cancer-FHIR-IG/ValueSet/tcr-breast-stype95-vs,620,Total (simple) mastectomy WITH removal of the contralateral breast,,,,,not-started,,,,Do not publish as ConceptMap until reviewed.
breast,STYPE95,https://erichuang777777.github.io/TW-Breast-Cancer-FHIR-IG/CodeSystem/tcr-breast-stype95,https://erichuang777777.github.io/TW-Breast-Cancer-FHIR-IG/ValueSet/tcr-breast-stype95-vs,630,"Areolar-sparing mastectomy WITH contralateral, combined reconstruction",,,,,not-started,,,,Do not publish as ConceptMap until reviewed.
breast,STYPE95,https://erichuang777777.github.io/TW-Breast-Cancer-FHIR-IG/CodeSystem/tcr-breast-stype95,https://erichuang777777.github.io/TW-Breast-Cancer-FHIR-IG/ValueSet/tcr-breast-stype95-vs,640,"Total (simple) mastectomy WITHOUT contralateral, reconstruction NOS",,,,,not-started,,,,Do not publish as ConceptMap until reviewed.
breast,STYPE95,https://erichuang777777.github.io/TW-Breast-Cancer-FHIR-IG/CodeSystem/tcr-breast-stype95,https://erichuang777777.github.io/TW-Breast-Cancer-FHIR-IG/ValueSet/tcr-breast-stype95-vs,650,"Total (simple) mastectomy WITHOUT contralateral, tissue reconstruction",,,,,not-started,,,,Do not publish as ConceptMap until reviewed.
breast,STYPE95,https://erichuang777777.github.io/TW-Breast-Cancer-FHIR-IG/CodeSystem/tcr-breast-stype95,https://erichuang777777.github.io/TW-Breast-Cancer-FHIR-IG/ValueSet/tcr-breast-stype95-vs,660,"Total (simple) mastectomy WITHOUT contralateral, implant reconstruction",,,,,not-started,,,,Do not publish as ConceptMap until reviewed.
breast,STYPE95,https://erichuang777777.github.io/TW-Breast-Cancer-FHIR-IG/CodeSystem/tcr-breast-stype95,https://erichuang777777.github.io/TW-Breast-Cancer-FHIR-IG/ValueSet/tcr-breast-stype95-vs,670,"Total (simple) mastectomy WITHOUT contralateral, combined reconstruction",,,,,not-started,,,,Do not publish as ConceptMap until reviewed.
breast,STYPE95,https://erichuang777777.github.io/TW-Breast-Cancer-FHIR-IG/CodeSystem/tcr-breast-stype95,https://erichuang777777.github.io/TW-Breast-Cancer-FHIR-IG/ValueSet/tcr-breast-stype95-vs,680,"Total (simple) mastectomy WITH contralateral, reconstruction NOS",,,,,not-started,,,,Do not publish as ConceptMap until reviewed.
breast,STYPE95,https://erichuang777777.github.io/TW-Breast-Cancer-FHIR-IG/CodeSystem/tcr-breast-stype95,https://erichuang777777.github.io/TW-Breast-Cancer-FHIR-IG/ValueSet/tcr-breast-stype95-vs,690,"Total (simple) mastectomy WITH contralateral, tissue reconstruction",,,,,not-started,,,,Do not publish as ConceptMap until reviewed.
breast,STYPE95,https://erichuang777777.github.io/TW-Breast-Cancer-FHIR-IG/CodeSystem/tcr-breast-stype95,https://erichuang777777.github.io/TW-Breast-Cancer-FHIR-IG/ValueSet/tcr-breast-stype95-vs,700,"Radical mastectomy, NOS",,,,,not-started,,,,Do not publish as ConceptMap until reviewed.
breast,STYPE95,https://erichuang777777.github.io/TW-Breast-Cancer-FHIR-IG/CodeSystem/tcr-breast-stype95,https://erichuang777777.github.io/TW-Breast-Cancer-FHIR-IG/ValueSet/tcr-breast-stype95-vs,710,Radical mastectomy WITHOUT removal of the contralateral breast,,,,,not-started,,,,Do not publish as ConceptMap until reviewed.
breast,STYPE95,https://erichuang777777.github.io/TW-Breast-Cancer-FHIR-IG/CodeSystem/tcr-breast-stype95,https://erichuang777777.github.io/TW-Breast-Cancer-FHIR-IG/ValueSet/tcr-breast-stype95-vs,720,Radical mastectomy WITH removal of the contralateral breast,,,,,not-started,,,,Do not publish as ConceptMap until reviewed.
breast,STYPE95,https://erichuang777777.github.io/TW-Breast-Cancer-FHIR-IG/CodeSystem/tcr-breast-stype95,https://erichuang777777.github.io/TW-Breast-Cancer-FHIR-IG/ValueSet/tcr-breast-stype95-vs,730,"Total (simple) mastectomy WITH contralateral, implant reconstruction",,,,,not-started,,,,Do not publish as ConceptMap until reviewed.
breast,STYPE95,https://erichuang777777.github.io/TW-Breast-Cancer-FHIR-IG/CodeSystem/tcr-breast-stype95,https://erichuang777777.github.io/TW-Breast-Cancer-FHIR-IG/ValueSet/tcr-breast-stype95-vs,740,"Total (simple) mastectomy WITH contralateral, combined reconstruction",,,,,not-started,,,,Do not publish as ConceptMap until reviewed.
breast,STYPE95,https://erichuang777777.github.io/TW-Breast-Cancer-FHIR-IG/CodeSystem/tcr-breast-stype95,https://erichuang777777.github.io/TW-Breast-Cancer-FHIR-IG/ValueSet/tcr-breast-stype95-vs,760,Bilateral mastectomy for a single tumour involving both breasts,,,,,not-started,,,,Do not publish as ConceptMap until reviewed.
breast,STYPE95,https://erichuang777777.github.io/TW-Breast-Cancer-FHIR-IG/CodeSystem/tcr-breast-stype95,https://erichuang777777.github.io/TW-Breast-Cancer-FHIR-IG/ValueSet/tcr-breast-stype95-vs,800,"Mastectomy, NOS (including extended radical mastectomy)",,,,,not-started,,,,Do not publish as ConceptMap until reviewed.
breast,STYPE95,https://erichuang777777.github.io/TW-Breast-Cancer-FHIR-IG/CodeSystem/tcr-breast-stype95,https://erichuang777777.github.io/TW-Breast-Cancer-FHIR-IG/ValueSet/tcr-breast-stype95-vs,900,"Surgery, NOS",,,,,not-started,,,,Do not publish as ConceptMap until reviewed.
breast,STYPE95,https://erichuang777777.github.io/TW-Breast-Cancer-FHIR-IG/CodeSystem/tcr-breast-stype95,https://erichuang777777.github.io/TW-Breast-Cancer-FHIR-IG/ValueSet/tcr-breast-stype95-vs,990,Unknown if surgery performed; death certificate ONLY,,,,,not-started,,,,Do not publish as ConceptMap until reviewed.
breast,MINS,https://erichuang777777.github.io/TW-Breast-Cancer-FHIR-IG/CodeSystem/tcr-breast-mins,https://erichuang777777.github.io/TW-Breast-Cancer-FHIR-IG/ValueSet/tcr-breast-mins-vs,0,僅接受開放性手術(open surgery)，未接受微創或機械臂輔助手術。,,,,,not-started,,,,Do not publish as ConceptMap until reviewed.
breast,MINS,https://erichuang777777.github.io/TW-Breast-Cancer-FHIR-IG/CodeSystem/tcr-breast-mins,https://erichuang777777.github.io/TW-Breast-Cancer-FHIR-IG/ValueSet/tcr-breast-mins-vs,1,有接受內視鏡手術。,,,,,not-started,,,,Do not publish as ConceptMap until reviewed.
breast,MINS,https://erichuang777777.github.io/TW-Breast-Cancer-FHIR-IG/CodeSystem/tcr-breast-mins,https://erichuang777777.github.io/TW-Breast-Cancer-FHIR-IG/ValueSet/tcr-breast-mins-vs,2,有接受胸腔鏡或腹腔鏡手術，或類似手術。,,,,,not-started,,,,Do not publish as ConceptMap until reviewed.
breast,MINS,https://erichuang777777.github.io/TW-Breast-Cancer-FHIR-IG/CodeSystem/tcr-breast-mins,https://erichuang777777.github.io/TW-Breast-Cancer-FHIR-IG/ValueSet/tcr-breast-mins-vs,3,有接受機械臂輔助手術(Robotic Surgery)。,,,,,not-started,,,,Do not publish as ConceptMap until reviewed.
breast,MINS,https://erichuang777777.github.io/TW-Breast-Cancer-FHIR-IG/CodeSystem/tcr-breast-mins,https://erichuang777777.github.io/TW-Breast-Cancer-FHIR-IG/ValueSet/tcr-breast-mins-vs,4,有接受微創手術或機械臂輔助手術，合併或轉換開放性手術。,,,,,not-started,,,,Do not publish as ConceptMap until reviewed.
breast,MINS,https://erichuang777777.github.io/TW-Breast-Cancer-FHIR-IG/CodeSystem/tcr-breast-mins,https://erichuang777777.github.io/TW-Breast-Cancer-FHIR-IG/ValueSet/tcr-breast-mins-vs,8,不適用(原發部位未接受手術；手術方式編碼100-190；攝護腺癌手術方式編碼210-270；於外院接受原發部位手術；2017年(含)之前診斷；或造血/網狀內皮/免疫增生/骨髓增生疾病)。,,,,,not-started,,,,Do not publish as ConceptMap until reviewed.
breast,MINS,https://erichuang777777.github.io/TW-Breast-Cancer-FHIR-IG/CodeSystem/tcr-breast-mins,https://erichuang777777.github.io/TW-Breast-Cancer-FHIR-IG/ValueSet/tcr-breast-mins-vs,9,不詳。,,,,,not-started,,,,Do not publish as ConceptMap until reviewed.
breast,PRESLNSCO,https://erichuang777777.github.io/TW-Breast-Cancer-FHIR-IG/CodeSystem/tcr-breast-preslnsco,https://erichuang777777.github.io/TW-Breast-Cancer-FHIR-IG/ValueSet/tcr-breast-preslnsco-vs,0,No regional LN procedure performed,,,,,not-started,,,,Do not publish as ConceptMap until reviewed.
breast,PRESLNSCO,https://erichuang777777.github.io/TW-Breast-Cancer-FHIR-IG/CodeSystem/tcr-breast-preslnsco,https://erichuang777777.github.io/TW-Breast-Cancer-FHIR-IG/ValueSet/tcr-breast-preslnsco-vs,1,Diagnostic biopsy or aspiration of regional LN only (incisional/excisional/core biopsy or aspiration),,,,,not-started,,,,Do not publish as ConceptMap until reviewed.
breast,PRESLNSCO,https://erichuang777777.github.io/TW-Breast-Cancer-FHIR-IG/CodeSystem/tcr-breast-preslnsco,https://erichuang777777.github.io/TW-Breast-Cancer-FHIR-IG/ValueSet/tcr-breast-preslnsco-vs,2,Sentinel LN biopsy (SLNB) only,,,,,not-started,,,,Do not publish as ConceptMap until reviewed.
breast,PRESLNSCO,https://erichuang777777.github.io/TW-Breast-Cancer-FHIR-IG/CodeSystem/tcr-breast-preslnsco,https://erichuang777777.github.io/TW-Breast-Cancer-FHIR-IG/ValueSet/tcr-breast-preslnsco-vs,3,Regional LN dissection — number/extent not specified,,,,,not-started,,,,Do not publish as ConceptMap until reviewed.
breast,PRESLNSCO,https://erichuang777777.github.io/TW-Breast-Cancer-FHIR-IG/CodeSystem/tcr-breast-preslnsco,https://erichuang777777.github.io/TW-Breast-Cancer-FHIR-IG/ValueSet/tcr-breast-preslnsco-vs,4,"1–3 regional LN removed (therapeutic dissection, NOT SLNB)",,,,,not-started,,,,Do not publish as ConceptMap until reviewed.
breast,PRESLNSCO,https://erichuang777777.github.io/TW-Breast-Cancer-FHIR-IG/CodeSystem/tcr-breast-preslnsco,https://erichuang777777.github.io/TW-Breast-Cancer-FHIR-IG/ValueSet/tcr-breast-preslnsco-vs,5,"4 or more regional LN removed (therapeutic dissection, NOT SLNB)",,,,,not-started,,,,Do not publish as ConceptMap until reviewed.
breast,PRESLNSCO,https://erichuang777777.github.io/TW-Breast-Cancer-FHIR-IG/CodeSystem/tcr-breast-preslnsco,https://erichuang777777.github.io/TW-Breast-Cancer-FHIR-IG/ValueSet/tcr-breast-preslnsco-vs,6,SLNB + regional LN dissection (same surgery or timing unrecorded),,,,,not-started,,,,Do not publish as ConceptMap until reviewed.
breast,PRESLNSCO,https://erichuang777777.github.io/TW-Breast-Cancer-FHIR-IG/CodeSystem/tcr-breast-preslnsco,https://erichuang777777.github.io/TW-Breast-Cancer-FHIR-IG/ValueSet/tcr-breast-preslnsco-vs,7,"SLNB first, then regional LN dissection (separate surgeries)",,,,,not-started,,,,Do not publish as ConceptMap until reviewed.
breast,PRESLNSCO,https://erichuang777777.github.io/TW-Breast-Cancer-FHIR-IG/CodeSystem/tcr-breast-preslnsco,https://erichuang777777.github.io/TW-Breast-Cancer-FHIR-IG/ValueSet/tcr-breast-preslnsco-vs,9,Unknown,,,,,not-started,,,,Do not publish as ConceptMap until reviewed.
breast,SLNSCO95,https://erichuang777777.github.io/TW-Breast-Cancer-FHIR-IG/CodeSystem/tcr-breast-slnsco95,https://erichuang777777.github.io/TW-Breast-Cancer-FHIR-IG/ValueSet/tcr-breast-slnsco95-vs,0,No regional LN procedure performed,,,,,not-started,,,,Do not publish as ConceptMap until reviewed.
breast,SLNSCO95,https://erichuang777777.github.io/TW-Breast-Cancer-FHIR-IG/CodeSystem/tcr-breast-slnsco95,https://erichuang777777.github.io/TW-Breast-Cancer-FHIR-IG/ValueSet/tcr-breast-slnsco95-vs,1,Diagnostic biopsy or aspiration of regional LN only (incisional/excisional/core biopsy or aspiration),,,,,not-started,,,,Do not publish as ConceptMap until reviewed.
breast,SLNSCO95,https://erichuang777777.github.io/TW-Breast-Cancer-FHIR-IG/CodeSystem/tcr-breast-slnsco95,https://erichuang777777.github.io/TW-Breast-Cancer-FHIR-IG/ValueSet/tcr-breast-slnsco95-vs,2,Sentinel LN biopsy (SLNB) only,,,,,not-started,,,,Do not publish as ConceptMap until reviewed.
breast,SLNSCO95,https://erichuang777777.github.io/TW-Breast-Cancer-FHIR-IG/CodeSystem/tcr-breast-slnsco95,https://erichuang777777.github.io/TW-Breast-Cancer-FHIR-IG/ValueSet/tcr-breast-slnsco95-vs,3,Regional LN dissection — number/extent not specified,,,,,not-started,,,,Do not publish as ConceptMap until reviewed.
breast,SLNSCO95,https://erichuang777777.github.io/TW-Breast-Cancer-FHIR-IG/CodeSystem/tcr-breast-slnsco95,https://erichuang777777.github.io/TW-Breast-Cancer-FHIR-IG/ValueSet/tcr-breast-slnsco95-vs,4,"1–3 regional LN removed (therapeutic dissection, NOT SLNB)",,,,,not-started,,,,Do not publish as ConceptMap until reviewed.
breast,SLNSCO95,https://erichuang777777.github.io/TW-Breast-Cancer-FHIR-IG/CodeSystem/tcr-breast-slnsco95,https://erichuang777777.github.io/TW-Breast-Cancer-FHIR-IG/ValueSet/tcr-breast-slnsco95-vs,5,"4 or more regional LN removed (therapeutic dissection, NOT SLNB)",,,,,not-started,,,,Do not publish as ConceptMap until reviewed.
breast,SLNSCO95,https://erichuang777777.github.io/TW-Breast-Cancer-FHIR-IG/CodeSystem/tcr-breast-slnsco95,https://erichuang777777.github.io/TW-Breast-Cancer-FHIR-IG/ValueSet/tcr-breast-slnsco95-vs,6,SLNB + regional LN dissection (same surgery or timing unrecorded),,,,,not-started,,,,Do not publish as ConceptMap until reviewed.
breast,SLNSCO95,https://erichuang777777.github.io/TW-Breast-Cancer-FHIR-IG/CodeSystem/tcr-breast-slnsco95,https://erichuang777777.github.io/TW-Breast-Cancer-FHIR-IG/ValueSet/tcr-breast-slnsco95-vs,7,"SLNB first, then regional LN dissection (separate surgeries)",,,,,not-started,,,,Do not publish as ConceptMap until reviewed.
breast,SLNSCO95,https://erichuang777777.github.io/TW-Breast-Cancer-FHIR-IG/CodeSystem/tcr-breast-slnsco95,https://erichuang777777.github.io/TW-Breast-Cancer-FHIR-IG/ValueSet/tcr-breast-slnsco95-vs,9,Unknown,,,,,not-started,,,,Do not publish as ConceptMap until reviewed.
breast,SSF1,https://erichuang777777.github.io/TW-Breast-Cancer-FHIR-IG/CodeSystem/tcr-breast-ssf1,https://erichuang777777.github.io/TW-Breast-Cancer-FHIR-IG/ValueSet/tcr-breast-ssf1-vs,000,ER 0%,,,,,not-started,,,,Do not publish as ConceptMap until reviewed.
breast,SSF1,https://erichuang777777.github.io/TW-Breast-Cancer-FHIR-IG/CodeSystem/tcr-breast-ssf1,https://erichuang777777.github.io/TW-Breast-Cancer-FHIR-IG/ValueSet/tcr-breast-ssf1-vs,001,ER 反應比例 1%，但表現(染色)強度未明示,,,,,not-started,,,,Do not publish as ConceptMap until reviewed.
breast,SSF1,https://erichuang777777.github.io/TW-Breast-Cancer-FHIR-IG/CodeSystem/tcr-breast-ssf1,https://erichuang777777.github.io/TW-Breast-Cancer-FHIR-IG/ValueSet/tcr-breast-ssf1-vs,002,ER 反應比例 2%，但表現(染色)強度未明示,,,,,not-started,,,,Do not publish as ConceptMap until reviewed.
breast,SSF1,https://erichuang777777.github.io/TW-Breast-Cancer-FHIR-IG/CodeSystem/tcr-breast-ssf1,https://erichuang777777.github.io/TW-Breast-Cancer-FHIR-IG/ValueSet/tcr-breast-ssf1-vs,003,ER 反應比例 3%，但表現(染色)強度未明示,,,,,not-started,,,,Do not publish as ConceptMap until reviewed.
breast,SSF1,https://erichuang777777.github.io/TW-Breast-Cancer-FHIR-IG/CodeSystem/tcr-breast-ssf1,https://erichuang777777.github.io/TW-Breast-Cancer-FHIR-IG/ValueSet/tcr-breast-ssf1-vs,004,ER 反應比例 4%，但表現(染色)強度未明示,,,,,not-started,,,,Do not publish as ConceptMap until reviewed.
breast,SSF1,https://erichuang777777.github.io/TW-Breast-Cancer-FHIR-IG/CodeSystem/tcr-breast-ssf1,https://erichuang777777.github.io/TW-Breast-Cancer-FHIR-IG/ValueSet/tcr-breast-ssf1-vs,005,ER 反應比例 5%，但表現(染色)強度未明示,,,,,not-started,,,,Do not publish as ConceptMap until reviewed.
breast,SSF1,https://erichuang777777.github.io/TW-Breast-Cancer-FHIR-IG/CodeSystem/tcr-breast-ssf1,https://erichuang777777.github.io/TW-Breast-Cancer-FHIR-IG/ValueSet/tcr-breast-ssf1-vs,006,ER 反應比例 6%，但表現(染色)強度未明示,,,,,not-started,,,,Do not publish as ConceptMap until reviewed.
breast,SSF1,https://erichuang777777.github.io/TW-Breast-Cancer-FHIR-IG/CodeSystem/tcr-breast-ssf1,https://erichuang777777.github.io/TW-Breast-Cancer-FHIR-IG/ValueSet/tcr-breast-ssf1-vs,007,ER 反應比例 7%，但表現(染色)強度未明示,,,,,not-started,,,,Do not publish as ConceptMap until reviewed.
breast,SSF1,https://erichuang777777.github.io/TW-Breast-Cancer-FHIR-IG/CodeSystem/tcr-breast-ssf1,https://erichuang777777.github.io/TW-Breast-Cancer-FHIR-IG/ValueSet/tcr-breast-ssf1-vs,008,ER 反應比例 8%，但表現(染色)強度未明示,,,,,not-started,,,,Do not publish as ConceptMap until reviewed.
breast,SSF1,https://erichuang777777.github.io/TW-Breast-Cancer-FHIR-IG/CodeSystem/tcr-breast-ssf1,https://erichuang777777.github.io/TW-Breast-Cancer-FHIR-IG/ValueSet/tcr-breast-ssf1-vs,009,ER 反應比例 9%，但表現(染色)強度未明示,,,,,not-started,,,,Do not publish as ConceptMap until reviewed.
breast,SSF1,https://erichuang777777.github.io/TW-Breast-Cancer-FHIR-IG/CodeSystem/tcr-breast-ssf1,https://erichuang777777.github.io/TW-Breast-Cancer-FHIR-IG/ValueSet/tcr-breast-ssf1-vs,010,ER 反應比例 10%，但表現(染色)強度未明示,,,,,not-started,,,,Do not publish as ConceptMap until reviewed.
breast,SSF1,https://erichuang777777.github.io/TW-Breast-Cancer-FHIR-IG/CodeSystem/tcr-breast-ssf1,https://erichuang777777.github.io/TW-Breast-Cancer-FHIR-IG/ValueSet/tcr-breast-ssf1-vs,011,ER 反應比例 11%，但表現(染色)強度未明示,,,,,not-started,,,,Do not publish as ConceptMap until reviewed.
breast,SSF1,https://erichuang777777.github.io/TW-Breast-Cancer-FHIR-IG/CodeSystem/tcr-breast-ssf1,https://erichuang777777.github.io/TW-Breast-Cancer-FHIR-IG/ValueSet/tcr-breast-ssf1-vs,012,ER 反應比例 12%，但表現(染色)強度未明示,,,,,not-started,,,,Do not publish as ConceptMap until reviewed.
breast,SSF1,https://erichuang777777.github.io/TW-Breast-Cancer-FHIR-IG/CodeSystem/tcr-breast-ssf1,https://erichuang777777.github.io/TW-Breast-Cancer-FHIR-IG/ValueSet/tcr-breast-ssf1-vs,013,ER 反應比例 13%，但表現(染色)強度未明示,,,,,not-started,,,,Do not publish as ConceptMap until reviewed.
breast,SSF1,https://erichuang777777.github.io/TW-Breast-Cancer-FHIR-IG/CodeSystem/tcr-breast-ssf1,https://erichuang777777.github.io/TW-Breast-Cancer-FHIR-IG/ValueSet/tcr-breast-ssf1-vs,014,ER 反應比例 14%，但表現(染色)強度未明示,,,,,not-started,,,,Do not publish as ConceptMap until reviewed.
breast,SSF1,https://erichuang777777.github.io/TW-Breast-Cancer-FHIR-IG/CodeSystem/tcr-breast-ssf1,https://erichuang777777.github.io/TW-Breast-Cancer-FHIR-IG/ValueSet/tcr-breast-ssf1-vs,015,ER 反應比例 15%，但表現(染色)強度未明示,,,,,not-started,,,,Do not publish as ConceptMap until reviewed.
breast,SSF1,https://erichuang777777.github.io/TW-Breast-Cancer-FHIR-IG/CodeSystem/tcr-breast-ssf1,https://erichuang777777.github.io/TW-Breast-Cancer-FHIR-IG/ValueSet/tcr-breast-ssf1-vs,016,ER 反應比例 16%，但表現(染色)強度未明示,,,,,not-started,,,,Do not publish as ConceptMap until reviewed.
breast,SSF1,https://erichuang777777.github.io/TW-Breast-Cancer-FHIR-IG/CodeSystem/tcr-breast-ssf1,https://erichuang777777.github.io/TW-Breast-Cancer-FHIR-IG/ValueSet/tcr-breast-ssf1-vs,017,ER 反應比例 17%，但表現(染色)強度未明示,,,,,not-started,,,,Do not publish as ConceptMap until reviewed.
breast,SSF1,https://erichuang777777.github.io/TW-Breast-Cancer-FHIR-IG/CodeSystem/tcr-breast-ssf1,https://erichuang777777.github.io/TW-Breast-Cancer-FHIR-IG/ValueSet/tcr-breast-ssf1-vs,018,ER 反應比例 18%，但表現(染色)強度未明示,,,,,not-started,,,,Do not publish as ConceptMap until reviewed.
breast,SSF1,https://erichuang777777.github.io/TW-Breast-Cancer-FHIR-IG/CodeSystem/tcr-breast-ssf1,https://erichuang777777.github.io/TW-Breast-Cancer-FHIR-IG/ValueSet/tcr-breast-ssf1-vs,019,ER 反應比例 19%，但表現(染色)強度未明示,,,,,not-started,,,,Do not publish as ConceptMap until reviewed.
breast,SSF1,https://erichuang777777.github.io/TW-Breast-Cancer-FHIR-IG/CodeSystem/tcr-breast-ssf1,https://erichuang777777.github.io/TW-Breast-Cancer-FHIR-IG/ValueSet/tcr-breast-ssf1-vs,020,ER 反應比例 20%，但表現(染色)強度未明示,,,,,not-started,,,,Do not publish as ConceptMap until reviewed.
breast,SSF1,https://erichuang777777.github.io/TW-Breast-Cancer-FHIR-IG/CodeSystem/tcr-breast-ssf1,https://erichuang777777.github.io/TW-Breast-Cancer-FHIR-IG/ValueSet/tcr-breast-ssf1-vs,021,ER 反應比例 21%，但表現(染色)強度未明示,,,,,not-started,,,,Do not publish as ConceptMap until reviewed.
breast,SSF1,https://erichuang777777.github.io/TW-Breast-Cancer-FHIR-IG/CodeSystem/tcr-breast-ssf1,https://erichuang777777.github.io/TW-Breast-Cancer-FHIR-IG/ValueSet/tcr-breast-ssf1-vs,022,ER 反應比例 22%，但表現(染色)強度未明示,,,,,not-started,,,,Do not publish as ConceptMap until reviewed.
breast,SSF1,https://erichuang777777.github.io/TW-Breast-Cancer-FHIR-IG/CodeSystem/tcr-breast-ssf1,https://erichuang777777.github.io/TW-Breast-Cancer-FHIR-IG/ValueSet/tcr-breast-ssf1-vs,023,ER 反應比例 23%，但表現(染色)強度未明示,,,,,not-started,,,,Do not publish as ConceptMap until reviewed.
breast,SSF1,https://erichuang777777.github.io/TW-Breast-Cancer-FHIR-IG/CodeSystem/tcr-breast-ssf1,https://erichuang777777.github.io/TW-Breast-Cancer-FHIR-IG/ValueSet/tcr-breast-ssf1-vs,024,ER 反應比例 24%，但表現(染色)強度未明示,,,,,not-started,,,,Do not publish as ConceptMap until reviewed.
breast,SSF1,https://erichuang777777.github.io/TW-Breast-Cancer-FHIR-IG/CodeSystem/tcr-breast-ssf1,https://erichuang777777.github.io/TW-Breast-Cancer-FHIR-IG/ValueSet/tcr-breast-ssf1-vs,025,ER 反應比例 25%，但表現(染色)強度未明示,,,,,not-started,,,,Do not publish as ConceptMap until reviewed.
breast,SSF1,https://erichuang777777.github.io/TW-Breast-Cancer-FHIR-IG/CodeSystem/tcr-breast-ssf1,https://erichuang777777.github.io/TW-Breast-Cancer-FHIR-IG/ValueSet/tcr-breast-ssf1-vs,026,ER 反應比例 26%，但表現(染色)強度未明示,,,,,not-started,,,,Do not publish as ConceptMap until reviewed.
breast,SSF1,https://erichuang777777.github.io/TW-Breast-Cancer-FHIR-IG/CodeSystem/tcr-breast-ssf1,https://erichuang777777.github.io/TW-Breast-Cancer-FHIR-IG/ValueSet/tcr-breast-ssf1-vs,027,ER 反應比例 27%，但表現(染色)強度未明示,,,,,not-started,,,,Do not publish as ConceptMap until reviewed.
breast,SSF1,https://erichuang777777.github.io/TW-Breast-Cancer-FHIR-IG/CodeSystem/tcr-breast-ssf1,https://erichuang777777.github.io/TW-Breast-Cancer-FHIR-IG/ValueSet/tcr-breast-ssf1-vs,028,ER 反應比例 28%，但表現(染色)強度未明示,,,,,not-started,,,,Do not publish as ConceptMap until reviewed.
breast,SSF1,https://erichuang777777.github.io/TW-Breast-Cancer-FHIR-IG/CodeSystem/tcr-breast-ssf1,https://erichuang777777.github.io/TW-Breast-Cancer-FHIR-IG/ValueSet/tcr-breast-ssf1-vs,029,ER 反應比例 29%，但表現(染色)強度未明示,,,,,not-started,,,,Do not publish as ConceptMap until reviewed.
breast,SSF1,https://erichuang777777.github.io/TW-Breast-Cancer-FHIR-IG/CodeSystem/tcr-breast-ssf1,https://erichuang777777.github.io/TW-Breast-Cancer-FHIR-IG/ValueSet/tcr-breast-ssf1-vs,030,ER 反應比例 30%，但表現(染色)強度未明示,,,,,not-started,,,,Do not publish as ConceptMap until reviewed.
breast,SSF1,https://erichuang777777.github.io/TW-Breast-Cancer-FHIR-IG/CodeSystem/tcr-breast-ssf1,https://erichuang777777.github.io/TW-Breast-Cancer-FHIR-IG/ValueSet/tcr-breast-ssf1-vs,031,ER 反應比例 31%，但表現(染色)強度未明示,,,,,not-started,,,,Do not publish as ConceptMap until reviewed.
breast,SSF1,https://erichuang777777.github.io/TW-Breast-Cancer-FHIR-IG/CodeSystem/tcr-breast-ssf1,https://erichuang777777.github.io/TW-Breast-Cancer-FHIR-IG/ValueSet/tcr-breast-ssf1-vs,032,ER 反應比例 32%，但表現(染色)強度未明示,,,,,not-started,,,,Do not publish as ConceptMap until reviewed.
breast,SSF1,https://erichuang777777.github.io/TW-Breast-Cancer-FHIR-IG/CodeSystem/tcr-breast-ssf1,https://erichuang777777.github.io/TW-Breast-Cancer-FHIR-IG/ValueSet/tcr-breast-ssf1-vs,033,ER 反應比例 33%，但表現(染色)強度未明示,,,,,not-started,,,,Do not publish as ConceptMap until reviewed.
breast,SSF1,https://erichuang777777.github.io/TW-Breast-Cancer-FHIR-IG/CodeSystem/tcr-breast-ssf1,https://erichuang777777.github.io/TW-Breast-Cancer-FHIR-IG/ValueSet/tcr-breast-ssf1-vs,034,ER 反應比例 34%，但表現(染色)強度未明示,,,,,not-started,,,,Do not publish as ConceptMap until reviewed.
breast,SSF1,https://erichuang777777.github.io/TW-Breast-Cancer-FHIR-IG/CodeSystem/tcr-breast-ssf1,https://erichuang777777.github.io/TW-Breast-Cancer-FHIR-IG/ValueSet/tcr-breast-ssf1-vs,035,ER 反應比例 35%，但表現(染色)強度未明示,,,,,not-started,,,,Do not publish as ConceptMap until reviewed.
breast,SSF1,https://erichuang777777.github.io/TW-Breast-Cancer-FHIR-IG/CodeSystem/tcr-breast-ssf1,https://erichuang777777.github.io/TW-Breast-Cancer-FHIR-IG/ValueSet/tcr-breast-ssf1-vs,036,ER 反應比例 36%，但表現(染色)強度未明示,,,,,not-started,,,,Do not publish as ConceptMap until reviewed.
breast,SSF1,https://erichuang777777.github.io/TW-Breast-Cancer-FHIR-IG/CodeSystem/tcr-breast-ssf1,https://erichuang777777.github.io/TW-Breast-Cancer-FHIR-IG/ValueSet/tcr-breast-ssf1-vs,037,ER 反應比例 37%，但表現(染色)強度未明示,,,,,not-started,,,,Do not publish as ConceptMap until reviewed.
breast,SSF1,https://erichuang777777.github.io/TW-Breast-Cancer-FHIR-IG/CodeSystem/tcr-breast-ssf1,https://erichuang777777.github.io/TW-Breast-Cancer-FHIR-IG/ValueSet/tcr-breast-ssf1-vs,038,ER 反應比例 38%，但表現(染色)強度未明示,,,,,not-started,,,,Do not publish as ConceptMap until reviewed.
breast,SSF1,https://erichuang777777.github.io/TW-Breast-Cancer-FHIR-IG/CodeSystem/tcr-breast-ssf1,https://erichuang777777.github.io/TW-Breast-Cancer-FHIR-IG/ValueSet/tcr-breast-ssf1-vs,039,ER 反應比例 39%，但表現(染色)強度未明示,,,,,not-started,,,,Do not publish as ConceptMap until reviewed.
breast,SSF1,https://erichuang777777.github.io/TW-Breast-Cancer-FHIR-IG/CodeSystem/tcr-breast-ssf1,https://erichuang777777.github.io/TW-Breast-Cancer-FHIR-IG/ValueSet/tcr-breast-ssf1-vs,040,ER 反應比例 40%，但表現(染色)強度未明示,,,,,not-started,,,,Do not publish as ConceptMap until reviewed.
breast,SSF1,https://erichuang777777.github.io/TW-Breast-Cancer-FHIR-IG/CodeSystem/tcr-breast-ssf1,https://erichuang777777.github.io/TW-Breast-Cancer-FHIR-IG/ValueSet/tcr-breast-ssf1-vs,041,ER 反應比例 41%，但表現(染色)強度未明示,,,,,not-started,,,,Do not publish as ConceptMap until reviewed.
breast,SSF1,https://erichuang777777.github.io/TW-Breast-Cancer-FHIR-IG/CodeSystem/tcr-breast-ssf1,https://erichuang777777.github.io/TW-Breast-Cancer-FHIR-IG/ValueSet/tcr-breast-ssf1-vs,042,ER 反應比例 42%，但表現(染色)強度未明示,,,,,not-started,,,,Do not publish as ConceptMap until reviewed.
breast,SSF1,https://erichuang777777.github.io/TW-Breast-Cancer-FHIR-IG/CodeSystem/tcr-breast-ssf1,https://erichuang777777.github.io/TW-Breast-Cancer-FHIR-IG/ValueSet/tcr-breast-ssf1-vs,043,ER 反應比例 43%，但表現(染色)強度未明示,,,,,not-started,,,,Do not publish as ConceptMap until reviewed.
breast,SSF1,https://erichuang777777.github.io/TW-Breast-Cancer-FHIR-IG/CodeSystem/tcr-breast-ssf1,https://erichuang777777.github.io/TW-Breast-Cancer-FHIR-IG/ValueSet/tcr-breast-ssf1-vs,044,ER 反應比例 44%，但表現(染色)強度未明示,,,,,not-started,,,,Do not publish as ConceptMap until reviewed.
breast,SSF1,https://erichuang777777.github.io/TW-Breast-Cancer-FHIR-IG/CodeSystem/tcr-breast-ssf1,https://erichuang777777.github.io/TW-Breast-Cancer-FHIR-IG/ValueSet/tcr-breast-ssf1-vs,045,ER 反應比例 45%，但表現(染色)強度未明示,,,,,not-started,,,,Do not publish as ConceptMap until reviewed.
breast,SSF1,https://erichuang777777.github.io/TW-Breast-Cancer-FHIR-IG/CodeSystem/tcr-breast-ssf1,https://erichuang777777.github.io/TW-Breast-Cancer-FHIR-IG/ValueSet/tcr-breast-ssf1-vs,046,ER 反應比例 46%，但表現(染色)強度未明示,,,,,not-started,,,,Do not publish as ConceptMap until reviewed.
breast,SSF1,https://erichuang777777.github.io/TW-Breast-Cancer-FHIR-IG/CodeSystem/tcr-breast-ssf1,https://erichuang777777.github.io/TW-Breast-Cancer-FHIR-IG/ValueSet/tcr-breast-ssf1-vs,047,ER 反應比例 47%，但表現(染色)強度未明示,,,,,not-started,,,,Do not publish as ConceptMap until reviewed.
breast,SSF1,https://erichuang777777.github.io/TW-Breast-Cancer-FHIR-IG/CodeSystem/tcr-breast-ssf1,https://erichuang777777.github.io/TW-Breast-Cancer-FHIR-IG/ValueSet/tcr-breast-ssf1-vs,048,ER 反應比例 48%，但表現(染色)強度未明示,,,,,not-started,,,,Do not publish as ConceptMap until reviewed.
breast,SSF1,https://erichuang777777.github.io/TW-Breast-Cancer-FHIR-IG/CodeSystem/tcr-breast-ssf1,https://erichuang777777.github.io/TW-Breast-Cancer-FHIR-IG/ValueSet/tcr-breast-ssf1-vs,049,ER 反應比例 49%，但表現(染色)強度未明示,,,,,not-started,,,,Do not publish as ConceptMap until reviewed.
breast,SSF1,https://erichuang777777.github.io/TW-Breast-Cancer-FHIR-IG/CodeSystem/tcr-breast-ssf1,https://erichuang777777.github.io/TW-Breast-Cancer-FHIR-IG/ValueSet/tcr-breast-ssf1-vs,050,ER 反應比例 50%，但表現(染色)強度未明示,,,,,not-started,,,,Do not publish as ConceptMap until reviewed.
breast,SSF1,https://erichuang777777.github.io/TW-Breast-Cancer-FHIR-IG/CodeSystem/tcr-breast-ssf1,https://erichuang777777.github.io/TW-Breast-Cancer-FHIR-IG/ValueSet/tcr-breast-ssf1-vs,051,ER 反應比例 51%，但表現(染色)強度未明示,,,,,not-started,,,,Do not publish as ConceptMap until reviewed.
breast,SSF1,https://erichuang777777.github.io/TW-Breast-Cancer-FHIR-IG/CodeSystem/tcr-breast-ssf1,https://erichuang777777.github.io/TW-Breast-Cancer-FHIR-IG/ValueSet/tcr-breast-ssf1-vs,052,ER 反應比例 52%，但表現(染色)強度未明示,,,,,not-started,,,,Do not publish as ConceptMap until reviewed.
breast,SSF1,https://erichuang777777.github.io/TW-Breast-Cancer-FHIR-IG/CodeSystem/tcr-breast-ssf1,https://erichuang777777.github.io/TW-Breast-Cancer-FHIR-IG/ValueSet/tcr-breast-ssf1-vs,053,ER 反應比例 53%，但表現(染色)強度未明示,,,,,not-started,,,,Do not publish as ConceptMap until reviewed.
breast,SSF1,https://erichuang777777.github.io/TW-Breast-Cancer-FHIR-IG/CodeSystem/tcr-breast-ssf1,https://erichuang777777.github.io/TW-Breast-Cancer-FHIR-IG/ValueSet/tcr-breast-ssf1-vs,054,ER 反應比例 54%，但表現(染色)強度未明示,,,,,not-started,,,,Do not publish as ConceptMap until reviewed.
breast,SSF1,https://erichuang777777.github.io/TW-Breast-Cancer-FHIR-IG/CodeSystem/tcr-breast-ssf1,https://erichuang777777.github.io/TW-Breast-Cancer-FHIR-IG/ValueSet/tcr-breast-ssf1-vs,055,ER 反應比例 55%，但表現(染色)強度未明示,,,,,not-started,,,,Do not publish as ConceptMap until reviewed.
breast,SSF1,https://erichuang777777.github.io/TW-Breast-Cancer-FHIR-IG/CodeSystem/tcr-breast-ssf1,https://erichuang777777.github.io/TW-Breast-Cancer-FHIR-IG/ValueSet/tcr-breast-ssf1-vs,056,ER 反應比例 56%，但表現(染色)強度未明示,,,,,not-started,,,,Do not publish as ConceptMap until reviewed.
breast,SSF1,https://erichuang777777.github.io/TW-Breast-Cancer-FHIR-IG/CodeSystem/tcr-breast-ssf1,https://erichuang777777.github.io/TW-Breast-Cancer-FHIR-IG/ValueSet/tcr-breast-ssf1-vs,057,ER 反應比例 57%，但表現(染色)強度未明示,,,,,not-started,,,,Do not publish as ConceptMap until reviewed.
breast,SSF1,https://erichuang777777.github.io/TW-Breast-Cancer-FHIR-IG/CodeSystem/tcr-breast-ssf1,https://erichuang777777.github.io/TW-Breast-Cancer-FHIR-IG/ValueSet/tcr-breast-ssf1-vs,058,ER 反應比例 58%，但表現(染色)強度未明示,,,,,not-started,,,,Do not publish as ConceptMap until reviewed.
breast,SSF1,https://erichuang777777.github.io/TW-Breast-Cancer-FHIR-IG/CodeSystem/tcr-breast-ssf1,https://erichuang777777.github.io/TW-Breast-Cancer-FHIR-IG/ValueSet/tcr-breast-ssf1-vs,059,ER 反應比例 59%，但表現(染色)強度未明示,,,,,not-started,,,,Do not publish as ConceptMap until reviewed.
breast,SSF1,https://erichuang777777.github.io/TW-Breast-Cancer-FHIR-IG/CodeSystem/tcr-breast-ssf1,https://erichuang777777.github.io/TW-Breast-Cancer-FHIR-IG/ValueSet/tcr-breast-ssf1-vs,060,ER 反應比例 60%，但表現(染色)強度未明示,,,,,not-started,,,,Do not publish as ConceptMap until reviewed.
breast,SSF1,https://erichuang777777.github.io/TW-Breast-Cancer-FHIR-IG/CodeSystem/tcr-breast-ssf1,https://erichuang777777.github.io/TW-Breast-Cancer-FHIR-IG/ValueSet/tcr-breast-ssf1-vs,061,ER 反應比例 61%，但表現(染色)強度未明示,,,,,not-started,,,,Do not publish as ConceptMap until reviewed.
breast,SSF1,https://erichuang777777.github.io/TW-Breast-Cancer-FHIR-IG/CodeSystem/tcr-breast-ssf1,https://erichuang777777.github.io/TW-Breast-Cancer-FHIR-IG/ValueSet/tcr-breast-ssf1-vs,062,ER 反應比例 62%，但表現(染色)強度未明示,,,,,not-started,,,,Do not publish as ConceptMap until reviewed.
breast,SSF1,https://erichuang777777.github.io/TW-Breast-Cancer-FHIR-IG/CodeSystem/tcr-breast-ssf1,https://erichuang777777.github.io/TW-Breast-Cancer-FHIR-IG/ValueSet/tcr-breast-ssf1-vs,063,ER 反應比例 63%，但表現(染色)強度未明示,,,,,not-started,,,,Do not publish as ConceptMap until reviewed.
breast,SSF1,https://erichuang777777.github.io/TW-Breast-Cancer-FHIR-IG/CodeSystem/tcr-breast-ssf1,https://erichuang777777.github.io/TW-Breast-Cancer-FHIR-IG/ValueSet/tcr-breast-ssf1-vs,064,ER 反應比例 64%，但表現(染色)強度未明示,,,,,not-started,,,,Do not publish as ConceptMap until reviewed.
breast,SSF1,https://erichuang777777.github.io/TW-Breast-Cancer-FHIR-IG/CodeSystem/tcr-breast-ssf1,https://erichuang777777.github.io/TW-Breast-Cancer-FHIR-IG/ValueSet/tcr-breast-ssf1-vs,065,ER 反應比例 65%，但表現(染色)強度未明示,,,,,not-started,,,,Do not publish as ConceptMap until reviewed.
breast,SSF1,https://erichuang777777.github.io/TW-Breast-Cancer-FHIR-IG/CodeSystem/tcr-breast-ssf1,https://erichuang777777.github.io/TW-Breast-Cancer-FHIR-IG/ValueSet/tcr-breast-ssf1-vs,066,ER 反應比例 66%，但表現(染色)強度未明示,,,,,not-started,,,,Do not publish as ConceptMap until reviewed.
breast,SSF1,https://erichuang777777.github.io/TW-Breast-Cancer-FHIR-IG/CodeSystem/tcr-breast-ssf1,https://erichuang777777.github.io/TW-Breast-Cancer-FHIR-IG/ValueSet/tcr-breast-ssf1-vs,067,ER 反應比例 67%，但表現(染色)強度未明示,,,,,not-started,,,,Do not publish as ConceptMap until reviewed.
breast,SSF1,https://erichuang777777.github.io/TW-Breast-Cancer-FHIR-IG/CodeSystem/tcr-breast-ssf1,https://erichuang777777.github.io/TW-Breast-Cancer-FHIR-IG/ValueSet/tcr-breast-ssf1-vs,068,ER 反應比例 68%，但表現(染色)強度未明示,,,,,not-started,,,,Do not publish as ConceptMap until reviewed.
breast,SSF1,https://erichuang777777.github.io/TW-Breast-Cancer-FHIR-IG/CodeSystem/tcr-breast-ssf1,https://erichuang777777.github.io/TW-Breast-Cancer-FHIR-IG/ValueSet/tcr-breast-ssf1-vs,069,ER 反應比例 69%，但表現(染色)強度未明示,,,,,not-started,,,,Do not publish as ConceptMap until reviewed.
breast,SSF1,https://erichuang777777.github.io/TW-Breast-Cancer-FHIR-IG/CodeSystem/tcr-breast-ssf1,https://erichuang777777.github.io/TW-Breast-Cancer-FHIR-IG/ValueSet/tcr-breast-ssf1-vs,070,ER 反應比例 70%，但表現(染色)強度未明示,,,,,not-started,,,,Do not publish as ConceptMap until reviewed.
breast,SSF1,https://erichuang777777.github.io/TW-Breast-Cancer-FHIR-IG/CodeSystem/tcr-breast-ssf1,https://erichuang777777.github.io/TW-Breast-Cancer-FHIR-IG/ValueSet/tcr-breast-ssf1-vs,071,ER 反應比例 71%，但表現(染色)強度未明示,,,,,not-started,,,,Do not publish as ConceptMap until reviewed.
breast,SSF1,https://erichuang777777.github.io/TW-Breast-Cancer-FHIR-IG/CodeSystem/tcr-breast-ssf1,https://erichuang777777.github.io/TW-Breast-Cancer-FHIR-IG/ValueSet/tcr-breast-ssf1-vs,072,ER 反應比例 72%，但表現(染色)強度未明示,,,,,not-started,,,,Do not publish as ConceptMap until reviewed.
breast,SSF1,https://erichuang777777.github.io/TW-Breast-Cancer-FHIR-IG/CodeSystem/tcr-breast-ssf1,https://erichuang777777.github.io/TW-Breast-Cancer-FHIR-IG/ValueSet/tcr-breast-ssf1-vs,073,ER 反應比例 73%，但表現(染色)強度未明示,,,,,not-started,,,,Do not publish as ConceptMap until reviewed.
breast,SSF1,https://erichuang777777.github.io/TW-Breast-Cancer-FHIR-IG/CodeSystem/tcr-breast-ssf1,https://erichuang777777.github.io/TW-Breast-Cancer-FHIR-IG/ValueSet/tcr-breast-ssf1-vs,074,ER 反應比例 74%，但表現(染色)強度未明示,,,,,not-started,,,,Do not publish as ConceptMap until reviewed.
breast,SSF1,https://erichuang777777.github.io/TW-Breast-Cancer-FHIR-IG/CodeSystem/tcr-breast-ssf1,https://erichuang777777.github.io/TW-Breast-Cancer-FHIR-IG/ValueSet/tcr-breast-ssf1-vs,075,ER 反應比例 75%，但表現(染色)強度未明示,,,,,not-started,,,,Do not publish as ConceptMap until reviewed.
breast,SSF1,https://erichuang777777.github.io/TW-Breast-Cancer-FHIR-IG/CodeSystem/tcr-breast-ssf1,https://erichuang777777.github.io/TW-Breast-Cancer-FHIR-IG/ValueSet/tcr-breast-ssf1-vs,076,ER 反應比例 76%，但表現(染色)強度未明示,,,,,not-started,,,,Do not publish as ConceptMap until reviewed.
breast,SSF1,https://erichuang777777.github.io/TW-Breast-Cancer-FHIR-IG/CodeSystem/tcr-breast-ssf1,https://erichuang777777.github.io/TW-Breast-Cancer-FHIR-IG/ValueSet/tcr-breast-ssf1-vs,077,ER 反應比例 77%，但表現(染色)強度未明示,,,,,not-started,,,,Do not publish as ConceptMap until reviewed.
breast,SSF1,https://erichuang777777.github.io/TW-Breast-Cancer-FHIR-IG/CodeSystem/tcr-breast-ssf1,https://erichuang777777.github.io/TW-Breast-Cancer-FHIR-IG/ValueSet/tcr-breast-ssf1-vs,078,ER 反應比例 78%，但表現(染色)強度未明示,,,,,not-started,,,,Do not publish as ConceptMap until reviewed.
breast,SSF1,https://erichuang777777.github.io/TW-Breast-Cancer-FHIR-IG/CodeSystem/tcr-breast-ssf1,https://erichuang777777.github.io/TW-Breast-Cancer-FHIR-IG/ValueSet/tcr-breast-ssf1-vs,079,ER 反應比例 79%，但表現(染色)強度未明示,,,,,not-started,,,,Do not publish as ConceptMap until reviewed.
breast,SSF1,https://erichuang777777.github.io/TW-Breast-Cancer-FHIR-IG/CodeSystem/tcr-breast-ssf1,https://erichuang777777.github.io/TW-Breast-Cancer-FHIR-IG/ValueSet/tcr-breast-ssf1-vs,080,ER 反應比例 80%，但表現(染色)強度未明示,,,,,not-started,,,,Do not publish as ConceptMap until reviewed.
breast,SSF1,https://erichuang777777.github.io/TW-Breast-Cancer-FHIR-IG/CodeSystem/tcr-breast-ssf1,https://erichuang777777.github.io/TW-Breast-Cancer-FHIR-IG/ValueSet/tcr-breast-ssf1-vs,081,ER 反應比例 81%，但表現(染色)強度未明示,,,,,not-started,,,,Do not publish as ConceptMap until reviewed.
breast,SSF1,https://erichuang777777.github.io/TW-Breast-Cancer-FHIR-IG/CodeSystem/tcr-breast-ssf1,https://erichuang777777.github.io/TW-Breast-Cancer-FHIR-IG/ValueSet/tcr-breast-ssf1-vs,082,ER 反應比例 82%，但表現(染色)強度未明示,,,,,not-started,,,,Do not publish as ConceptMap until reviewed.
breast,SSF1,https://erichuang777777.github.io/TW-Breast-Cancer-FHIR-IG/CodeSystem/tcr-breast-ssf1,https://erichuang777777.github.io/TW-Breast-Cancer-FHIR-IG/ValueSet/tcr-breast-ssf1-vs,083,ER 反應比例 83%，但表現(染色)強度未明示,,,,,not-started,,,,Do not publish as ConceptMap until reviewed.
breast,SSF1,https://erichuang777777.github.io/TW-Breast-Cancer-FHIR-IG/CodeSystem/tcr-breast-ssf1,https://erichuang777777.github.io/TW-Breast-Cancer-FHIR-IG/ValueSet/tcr-breast-ssf1-vs,084,ER 反應比例 84%，但表現(染色)強度未明示,,,,,not-started,,,,Do not publish as ConceptMap until reviewed.
breast,SSF1,https://erichuang777777.github.io/TW-Breast-Cancer-FHIR-IG/CodeSystem/tcr-breast-ssf1,https://erichuang777777.github.io/TW-Breast-Cancer-FHIR-IG/ValueSet/tcr-breast-ssf1-vs,085,ER 反應比例 85%，但表現(染色)強度未明示,,,,,not-started,,,,Do not publish as ConceptMap until reviewed.
breast,SSF1,https://erichuang777777.github.io/TW-Breast-Cancer-FHIR-IG/CodeSystem/tcr-breast-ssf1,https://erichuang777777.github.io/TW-Breast-Cancer-FHIR-IG/ValueSet/tcr-breast-ssf1-vs,086,ER 反應比例 86%，但表現(染色)強度未明示,,,,,not-started,,,,Do not publish as ConceptMap until reviewed.
breast,SSF1,https://erichuang777777.github.io/TW-Breast-Cancer-FHIR-IG/CodeSystem/tcr-breast-ssf1,https://erichuang777777.github.io/TW-Breast-Cancer-FHIR-IG/ValueSet/tcr-breast-ssf1-vs,087,ER 反應比例 87%，但表現(染色)強度未明示,,,,,not-started,,,,Do not publish as ConceptMap until reviewed.
breast,SSF1,https://erichuang777777.github.io/TW-Breast-Cancer-FHIR-IG/CodeSystem/tcr-breast-ssf1,https://erichuang777777.github.io/TW-Breast-Cancer-FHIR-IG/ValueSet/tcr-breast-ssf1-vs,088,ER 反應比例 88%，但表現(染色)強度未明示,,,,,not-started,,,,Do not publish as ConceptMap until reviewed.
breast,SSF1,https://erichuang777777.github.io/TW-Breast-Cancer-FHIR-IG/CodeSystem/tcr-breast-ssf1,https://erichuang777777.github.io/TW-Breast-Cancer-FHIR-IG/ValueSet/tcr-breast-ssf1-vs,089,ER 反應比例 89%，但表現(染色)強度未明示,,,,,not-started,,,,Do not publish as ConceptMap until reviewed.
breast,SSF1,https://erichuang777777.github.io/TW-Breast-Cancer-FHIR-IG/CodeSystem/tcr-breast-ssf1,https://erichuang777777.github.io/TW-Breast-Cancer-FHIR-IG/ValueSet/tcr-breast-ssf1-vs,090,ER 反應比例 90%，但表現(染色)強度未明示,,,,,not-started,,,,Do not publish as ConceptMap until reviewed.
breast,SSF1,https://erichuang777777.github.io/TW-Breast-Cancer-FHIR-IG/CodeSystem/tcr-breast-ssf1,https://erichuang777777.github.io/TW-Breast-Cancer-FHIR-IG/ValueSet/tcr-breast-ssf1-vs,091,ER 反應比例 91%，但表現(染色)強度未明示,,,,,not-started,,,,Do not publish as ConceptMap until reviewed.
breast,SSF1,https://erichuang777777.github.io/TW-Breast-Cancer-FHIR-IG/CodeSystem/tcr-breast-ssf1,https://erichuang777777.github.io/TW-Breast-Cancer-FHIR-IG/ValueSet/tcr-breast-ssf1-vs,092,ER 反應比例 92%，但表現(染色)強度未明示,,,,,not-started,,,,Do not publish as ConceptMap until reviewed.
breast,SSF1,https://erichuang777777.github.io/TW-Breast-Cancer-FHIR-IG/CodeSystem/tcr-breast-ssf1,https://erichuang777777.github.io/TW-Breast-Cancer-FHIR-IG/ValueSet/tcr-breast-ssf1-vs,093,ER 反應比例 93%，但表現(染色)強度未明示,,,,,not-started,,,,Do not publish as ConceptMap until reviewed.
breast,SSF1,https://erichuang777777.github.io/TW-Breast-Cancer-FHIR-IG/CodeSystem/tcr-breast-ssf1,https://erichuang777777.github.io/TW-Breast-Cancer-FHIR-IG/ValueSet/tcr-breast-ssf1-vs,094,ER 反應比例 94%，但表現(染色)強度未明示,,,,,not-started,,,,Do not publish as ConceptMap until reviewed.
breast,SSF1,https://erichuang777777.github.io/TW-Breast-Cancer-FHIR-IG/CodeSystem/tcr-breast-ssf1,https://erichuang777777.github.io/TW-Breast-Cancer-FHIR-IG/ValueSet/tcr-breast-ssf1-vs,095,ER 反應比例 95%，但表現(染色)強度未明示,,,,,not-started,,,,Do not publish as ConceptMap until reviewed.
breast,SSF1,https://erichuang777777.github.io/TW-Breast-Cancer-FHIR-IG/CodeSystem/tcr-breast-ssf1,https://erichuang777777.github.io/TW-Breast-Cancer-FHIR-IG/ValueSet/tcr-breast-ssf1-vs,096,ER 反應比例 96%，但表現(染色)強度未明示,,,,,not-started,,,,Do not publish as ConceptMap until reviewed.
breast,SSF1,https://erichuang777777.github.io/TW-Breast-Cancer-FHIR-IG/CodeSystem/tcr-breast-ssf1,https://erichuang777777.github.io/TW-Breast-Cancer-FHIR-IG/ValueSet/tcr-breast-ssf1-vs,097,ER 反應比例 97%，但表現(染色)強度未明示,,,,,not-started,,,,Do not publish as ConceptMap until reviewed.
breast,SSF1,https://erichuang777777.github.io/TW-Breast-Cancer-FHIR-IG/CodeSystem/tcr-breast-ssf1,https://erichuang777777.github.io/TW-Breast-Cancer-FHIR-IG/ValueSet/tcr-breast-ssf1-vs,098,ER 反應比例 98%，但表現(染色)強度未明示,,,,,not-started,,,,Do not publish as ConceptMap until reviewed.
breast,SSF1,https://erichuang777777.github.io/TW-Breast-Cancer-FHIR-IG/CodeSystem/tcr-breast-ssf1,https://erichuang777777.github.io/TW-Breast-Cancer-FHIR-IG/ValueSet/tcr-breast-ssf1-vs,099,ER 反應比例 99%，但表現(染色)強度未明示,,,,,not-started,,,,Do not publish as ConceptMap until reviewed.
breast,SSF1,https://erichuang777777.github.io/TW-Breast-Cancer-FHIR-IG/CodeSystem/tcr-breast-ssf1,https://erichuang777777.github.io/TW-Breast-Cancer-FHIR-IG/ValueSet/tcr-breast-ssf1-vs,100,ER 反應比例 100%，但表現(染色)強度未明示,,,,,not-started,,,,Do not publish as ConceptMap until reviewed.
breast,SSF1,https://erichuang777777.github.io/TW-Breast-Cancer-FHIR-IG/CodeSystem/tcr-breast-ssf1,https://erichuang777777.github.io/TW-Breast-Cancer-FHIR-IG/ValueSet/tcr-breast-ssf1-vs,110,陽性，但比例不明；或 Allred score 僅描述 3-8 分，未明示 intensity 及 positive cell,,,,,not-started,,,,Do not publish as ConceptMap until reviewed.
breast,SSF1,https://erichuang777777.github.io/TW-Breast-Cancer-FHIR-IG/CodeSystem/tcr-breast-ssf1,https://erichuang777777.github.io/TW-Breast-Cancer-FHIR-IG/ValueSet/tcr-breast-ssf1-vs,111,僅有前導性治療後的數值且為陽性,,,,,not-started,,,,Do not publish as ConceptMap until reviewed.
breast,SSF1,https://erichuang777777.github.io/TW-Breast-Cancer-FHIR-IG/CodeSystem/tcr-breast-ssf1,https://erichuang777777.github.io/TW-Breast-Cancer-FHIR-IG/ValueSet/tcr-breast-ssf1-vs,120,陰性：反應比例 <1%（不論染色強度）、比例未明示、僅表示為 (-)，或 Allred score 僅描述 1-2 分,,,,,not-started,,,,Do not publish as ConceptMap until reviewed.
breast,SSF1,https://erichuang777777.github.io/TW-Breast-Cancer-FHIR-IG/CodeSystem/tcr-breast-ssf1,https://erichuang777777.github.io/TW-Breast-Cancer-FHIR-IG/ValueSet/tcr-breast-ssf1-vs,121,僅有前導性治療後的數值且為陰性,,,,,not-started,,,,Do not publish as ConceptMap until reviewed.
breast,SSF1,https://erichuang777777.github.io/TW-Breast-Cancer-FHIR-IG/CodeSystem/tcr-breast-ssf1,https://erichuang777777.github.io/TW-Breast-Cancer-FHIR-IG/ValueSet/tcr-breast-ssf1-vs,888,前導性治療後的數值由陰性轉為陽性,,,,,not-started,,,,Do not publish as ConceptMap until reviewed.
breast,SSF1,https://erichuang777777.github.io/TW-Breast-Cancer-FHIR-IG/CodeSystem/tcr-breast-ssf1,https://erichuang777777.github.io/TW-Breast-Cancer-FHIR-IG/ValueSet/tcr-breast-ssf1-vs,988,"不適用：以 Oncotype 進行檢測、Phyllodes tumor (M-9020)、Sarcoma (M-8800-8936, 8940-9136, 9141-9582)",,,,,not-started,,,,Do not publish as ConceptMap until reviewed.
breast,SSF1,https://erichuang777777.github.io/TW-Breast-Cancer-FHIR-IG/CodeSystem/tcr-breast-ssf1,https://erichuang777777.github.io/TW-Breast-Cancer-FHIR-IG/ValueSet/tcr-breast-ssf1-vs,999,不清楚檢測是否執行／病歷未記載／未檢驗,,,,,not-started,,,,Do not publish as ConceptMap until reviewed.
breast,SSF1,https://erichuang777777.github.io/TW-Breast-Cancer-FHIR-IG/CodeSystem/tcr-breast-ssf1,https://erichuang777777.github.io/TW-Breast-Cancer-FHIR-IG/ValueSet/tcr-breast-ssf1-vs,I00,中染，ER 反應比例 100%,,,,,not-started,,,,Do not publish as ConceptMap until reviewed.
breast,SSF1,https://erichuang777777.github.io/TW-Breast-Cancer-FHIR-IG/CodeSystem/tcr-breast-ssf1,https://erichuang777777.github.io/TW-Breast-Cancer-FHIR-IG/ValueSet/tcr-breast-ssf1-vs,I01,中染，ER 反應比例 1%,,,,,not-started,,,,Do not publish as ConceptMap until reviewed.
breast,SSF1,https://erichuang777777.github.io/TW-Breast-Cancer-FHIR-IG/CodeSystem/tcr-breast-ssf1,https://erichuang777777.github.io/TW-Breast-Cancer-FHIR-IG/ValueSet/tcr-breast-ssf1-vs,I02,中染，ER 反應比例 2%,,,,,not-started,,,,Do not publish as ConceptMap until reviewed.
breast,SSF1,https://erichuang777777.github.io/TW-Breast-Cancer-FHIR-IG/CodeSystem/tcr-breast-ssf1,https://erichuang777777.github.io/TW-Breast-Cancer-FHIR-IG/ValueSet/tcr-breast-ssf1-vs,I03,中染，ER 反應比例 3%,,,,,not-started,,,,Do not publish as ConceptMap until reviewed.
breast,SSF1,https://erichuang777777.github.io/TW-Breast-Cancer-FHIR-IG/CodeSystem/tcr-breast-ssf1,https://erichuang777777.github.io/TW-Breast-Cancer-FHIR-IG/ValueSet/tcr-breast-ssf1-vs,I04,中染，ER 反應比例 4%,,,,,not-started,,,,Do not publish as ConceptMap until reviewed.
breast,SSF1,https://erichuang777777.github.io/TW-Breast-Cancer-FHIR-IG/CodeSystem/tcr-breast-ssf1,https://erichuang777777.github.io/TW-Breast-Cancer-FHIR-IG/ValueSet/tcr-breast-ssf1-vs,I05,中染，ER 反應比例 5%,,,,,not-started,,,,Do not publish as ConceptMap until reviewed.
breast,SSF1,https://erichuang777777.github.io/TW-Breast-Cancer-FHIR-IG/CodeSystem/tcr-breast-ssf1,https://erichuang777777.github.io/TW-Breast-Cancer-FHIR-IG/ValueSet/tcr-breast-ssf1-vs,I06,中染，ER 反應比例 6%,,,,,not-started,,,,Do not publish as ConceptMap until reviewed.
breast,SSF1,https://erichuang777777.github.io/TW-Breast-Cancer-FHIR-IG/CodeSystem/tcr-breast-ssf1,https://erichuang777777.github.io/TW-Breast-Cancer-FHIR-IG/ValueSet/tcr-breast-ssf1-vs,I07,中染，ER 反應比例 7%,,,,,not-started,,,,Do not publish as ConceptMap until reviewed.
breast,SSF1,https://erichuang777777.github.io/TW-Breast-Cancer-FHIR-IG/CodeSystem/tcr-breast-ssf1,https://erichuang777777.github.io/TW-Breast-Cancer-FHIR-IG/ValueSet/tcr-breast-ssf1-vs,I08,中染，ER 反應比例 8%,,,,,not-started,,,,Do not publish as ConceptMap until reviewed.
breast,SSF1,https://erichuang777777.github.io/TW-Breast-Cancer-FHIR-IG/CodeSystem/tcr-breast-ssf1,https://erichuang777777.github.io/TW-Breast-Cancer-FHIR-IG/ValueSet/tcr-breast-ssf1-vs,I09,中染，ER 反應比例 9%,,,,,not-started,,,,Do not publish as ConceptMap until reviewed.
breast,SSF1,https://erichuang777777.github.io/TW-Breast-Cancer-FHIR-IG/CodeSystem/tcr-breast-ssf1,https://erichuang777777.github.io/TW-Breast-Cancer-FHIR-IG/ValueSet/tcr-breast-ssf1-vs,I10,中染，ER 反應比例 10%,,,,,not-started,,,,Do not publish as ConceptMap until reviewed.
breast,SSF1,https://erichuang777777.github.io/TW-Breast-Cancer-FHIR-IG/CodeSystem/tcr-breast-ssf1,https://erichuang777777.github.io/TW-Breast-Cancer-FHIR-IG/ValueSet/tcr-breast-ssf1-vs,I11,中染，ER 反應比例 11%,,,,,not-started,,,,Do not publish as ConceptMap until reviewed.
breast,SSF1,https://erichuang777777.github.io/TW-Breast-Cancer-FHIR-IG/CodeSystem/tcr-breast-ssf1,https://erichuang777777.github.io/TW-Breast-Cancer-FHIR-IG/ValueSet/tcr-breast-ssf1-vs,I12,中染，ER 反應比例 12%,,,,,not-started,,,,Do not publish as ConceptMap until reviewed.
breast,SSF1,https://erichuang777777.github.io/TW-Breast-Cancer-FHIR-IG/CodeSystem/tcr-breast-ssf1,https://erichuang777777.github.io/TW-Breast-Cancer-FHIR-IG/ValueSet/tcr-breast-ssf1-vs,I13,中染，ER 反應比例 13%,,,,,not-started,,,,Do not publish as ConceptMap until reviewed.
breast,SSF1,https://erichuang777777.github.io/TW-Breast-Cancer-FHIR-IG/CodeSystem/tcr-breast-ssf1,https://erichuang777777.github.io/TW-Breast-Cancer-FHIR-IG/ValueSet/tcr-breast-ssf1-vs,I14,中染，ER 反應比例 14%,,,,,not-started,,,,Do not publish as ConceptMap until reviewed.
breast,SSF1,https://erichuang777777.github.io/TW-Breast-Cancer-FHIR-IG/CodeSystem/tcr-breast-ssf1,https://erichuang777777.github.io/TW-Breast-Cancer-FHIR-IG/ValueSet/tcr-breast-ssf1-vs,I15,中染，ER 反應比例 15%,,,,,not-started,,,,Do not publish as ConceptMap until reviewed.
breast,SSF1,https://erichuang777777.github.io/TW-Breast-Cancer-FHIR-IG/CodeSystem/tcr-breast-ssf1,https://erichuang777777.github.io/TW-Breast-Cancer-FHIR-IG/ValueSet/tcr-breast-ssf1-vs,I16,中染，ER 反應比例 16%,,,,,not-started,,,,Do not publish as ConceptMap until reviewed.
breast,SSF1,https://erichuang777777.github.io/TW-Breast-Cancer-FHIR-IG/CodeSystem/tcr-breast-ssf1,https://erichuang777777.github.io/TW-Breast-Cancer-FHIR-IG/ValueSet/tcr-breast-ssf1-vs,I17,中染，ER 反應比例 17%,,,,,not-started,,,,Do not publish as ConceptMap until reviewed.
breast,SSF1,https://erichuang777777.github.io/TW-Breast-Cancer-FHIR-IG/CodeSystem/tcr-breast-ssf1,https://erichuang777777.github.io/TW-Breast-Cancer-FHIR-IG/ValueSet/tcr-breast-ssf1-vs,I18,中染，ER 反應比例 18%,,,,,not-started,,,,Do not publish as ConceptMap until reviewed.
breast,SSF1,https://erichuang777777.github.io/TW-Breast-Cancer-FHIR-IG/CodeSystem/tcr-breast-ssf1,https://erichuang777777.github.io/TW-Breast-Cancer-FHIR-IG/ValueSet/tcr-breast-ssf1-vs,I19,中染，ER 反應比例 19%,,,,,not-started,,,,Do not publish as ConceptMap until reviewed.
breast,SSF1,https://erichuang777777.github.io/TW-Breast-Cancer-FHIR-IG/CodeSystem/tcr-breast-ssf1,https://erichuang777777.github.io/TW-Breast-Cancer-FHIR-IG/ValueSet/tcr-breast-ssf1-vs,I20,中染，ER 反應比例 20%,,,,,not-started,,,,Do not publish as ConceptMap until reviewed.
breast,SSF1,https://erichuang777777.github.io/TW-Breast-Cancer-FHIR-IG/CodeSystem/tcr-breast-ssf1,https://erichuang777777.github.io/TW-Breast-Cancer-FHIR-IG/ValueSet/tcr-breast-ssf1-vs,I21,中染，ER 反應比例 21%,,,,,not-started,,,,Do not publish as ConceptMap until reviewed.
breast,SSF1,https://erichuang777777.github.io/TW-Breast-Cancer-FHIR-IG/CodeSystem/tcr-breast-ssf1,https://erichuang777777.github.io/TW-Breast-Cancer-FHIR-IG/ValueSet/tcr-breast-ssf1-vs,I22,中染，ER 反應比例 22%,,,,,not-started,,,,Do not publish as ConceptMap until reviewed.
breast,SSF1,https://erichuang777777.github.io/TW-Breast-Cancer-FHIR-IG/CodeSystem/tcr-breast-ssf1,https://erichuang777777.github.io/TW-Breast-Cancer-FHIR-IG/ValueSet/tcr-breast-ssf1-vs,I23,中染，ER 反應比例 23%,,,,,not-started,,,,Do not publish as ConceptMap until reviewed.
breast,SSF1,https://erichuang777777.github.io/TW-Breast-Cancer-FHIR-IG/CodeSystem/tcr-breast-ssf1,https://erichuang777777.github.io/TW-Breast-Cancer-FHIR-IG/ValueSet/tcr-breast-ssf1-vs,I24,中染，ER 反應比例 24%,,,,,not-started,,,,Do not publish as ConceptMap until reviewed.
breast,SSF1,https://erichuang777777.github.io/TW-Breast-Cancer-FHIR-IG/CodeSystem/tcr-breast-ssf1,https://erichuang777777.github.io/TW-Breast-Cancer-FHIR-IG/ValueSet/tcr-breast-ssf1-vs,I25,中染，ER 反應比例 25%,,,,,not-started,,,,Do not publish as ConceptMap until reviewed.
breast,SSF1,https://erichuang777777.github.io/TW-Breast-Cancer-FHIR-IG/CodeSystem/tcr-breast-ssf1,https://erichuang777777.github.io/TW-Breast-Cancer-FHIR-IG/ValueSet/tcr-breast-ssf1-vs,I26,中染，ER 反應比例 26%,,,,,not-started,,,,Do not publish as ConceptMap until reviewed.
breast,SSF1,https://erichuang777777.github.io/TW-Breast-Cancer-FHIR-IG/CodeSystem/tcr-breast-ssf1,https://erichuang777777.github.io/TW-Breast-Cancer-FHIR-IG/ValueSet/tcr-breast-ssf1-vs,I27,中染，ER 反應比例 27%,,,,,not-started,,,,Do not publish as ConceptMap until reviewed.
breast,SSF1,https://erichuang777777.github.io/TW-Breast-Cancer-FHIR-IG/CodeSystem/tcr-breast-ssf1,https://erichuang777777.github.io/TW-Breast-Cancer-FHIR-IG/ValueSet/tcr-breast-ssf1-vs,I28,中染，ER 反應比例 28%,,,,,not-started,,,,Do not publish as ConceptMap until reviewed.
breast,SSF1,https://erichuang777777.github.io/TW-Breast-Cancer-FHIR-IG/CodeSystem/tcr-breast-ssf1,https://erichuang777777.github.io/TW-Breast-Cancer-FHIR-IG/ValueSet/tcr-breast-ssf1-vs,I29,中染，ER 反應比例 29%,,,,,not-started,,,,Do not publish as ConceptMap until reviewed.
breast,SSF1,https://erichuang777777.github.io/TW-Breast-Cancer-FHIR-IG/CodeSystem/tcr-breast-ssf1,https://erichuang777777.github.io/TW-Breast-Cancer-FHIR-IG/ValueSet/tcr-breast-ssf1-vs,I30,中染，ER 反應比例 30%,,,,,not-started,,,,Do not publish as ConceptMap until reviewed.
breast,SSF1,https://erichuang777777.github.io/TW-Breast-Cancer-FHIR-IG/CodeSystem/tcr-breast-ssf1,https://erichuang777777.github.io/TW-Breast-Cancer-FHIR-IG/ValueSet/tcr-breast-ssf1-vs,I31,中染，ER 反應比例 31%,,,,,not-started,,,,Do not publish as ConceptMap until reviewed.
breast,SSF1,https://erichuang777777.github.io/TW-Breast-Cancer-FHIR-IG/CodeSystem/tcr-breast-ssf1,https://erichuang777777.github.io/TW-Breast-Cancer-FHIR-IG/ValueSet/tcr-breast-ssf1-vs,I32,中染，ER 反應比例 32%,,,,,not-started,,,,Do not publish as ConceptMap until reviewed.
breast,SSF1,https://erichuang777777.github.io/TW-Breast-Cancer-FHIR-IG/CodeSystem/tcr-breast-ssf1,https://erichuang777777.github.io/TW-Breast-Cancer-FHIR-IG/ValueSet/tcr-breast-ssf1-vs,I33,中染，ER 反應比例 33%,,,,,not-started,,,,Do not publish as ConceptMap until reviewed.
breast,SSF1,https://erichuang777777.github.io/TW-Breast-Cancer-FHIR-IG/CodeSystem/tcr-breast-ssf1,https://erichuang777777.github.io/TW-Breast-Cancer-FHIR-IG/ValueSet/tcr-breast-ssf1-vs,I34,中染，ER 反應比例 34%,,,,,not-started,,,,Do not publish as ConceptMap until reviewed.
breast,SSF1,https://erichuang777777.github.io/TW-Breast-Cancer-FHIR-IG/CodeSystem/tcr-breast-ssf1,https://erichuang777777.github.io/TW-Breast-Cancer-FHIR-IG/ValueSet/tcr-breast-ssf1-vs,I35,中染，ER 反應比例 35%,,,,,not-started,,,,Do not publish as ConceptMap until reviewed.
breast,SSF1,https://erichuang777777.github.io/TW-Breast-Cancer-FHIR-IG/CodeSystem/tcr-breast-ssf1,https://erichuang777777.github.io/TW-Breast-Cancer-FHIR-IG/ValueSet/tcr-breast-ssf1-vs,I36,中染，ER 反應比例 36%,,,,,not-started,,,,Do not publish as ConceptMap until reviewed.
breast,SSF1,https://erichuang777777.github.io/TW-Breast-Cancer-FHIR-IG/CodeSystem/tcr-breast-ssf1,https://erichuang777777.github.io/TW-Breast-Cancer-FHIR-IG/ValueSet/tcr-breast-ssf1-vs,I37,中染，ER 反應比例 37%,,,,,not-started,,,,Do not publish as ConceptMap until reviewed.
breast,SSF1,https://erichuang777777.github.io/TW-Breast-Cancer-FHIR-IG/CodeSystem/tcr-breast-ssf1,https://erichuang777777.github.io/TW-Breast-Cancer-FHIR-IG/ValueSet/tcr-breast-ssf1-vs,I38,中染，ER 反應比例 38%,,,,,not-started,,,,Do not publish as ConceptMap until reviewed.
breast,SSF1,https://erichuang777777.github.io/TW-Breast-Cancer-FHIR-IG/CodeSystem/tcr-breast-ssf1,https://erichuang777777.github.io/TW-Breast-Cancer-FHIR-IG/ValueSet/tcr-breast-ssf1-vs,I39,中染，ER 反應比例 39%,,,,,not-started,,,,Do not publish as ConceptMap until reviewed.
breast,SSF1,https://erichuang777777.github.io/TW-Breast-Cancer-FHIR-IG/CodeSystem/tcr-breast-ssf1,https://erichuang777777.github.io/TW-Breast-Cancer-FHIR-IG/ValueSet/tcr-breast-ssf1-vs,I40,中染，ER 反應比例 40%,,,,,not-started,,,,Do not publish as ConceptMap until reviewed.
breast,SSF1,https://erichuang777777.github.io/TW-Breast-Cancer-FHIR-IG/CodeSystem/tcr-breast-ssf1,https://erichuang777777.github.io/TW-Breast-Cancer-FHIR-IG/ValueSet/tcr-breast-ssf1-vs,I41,中染，ER 反應比例 41%,,,,,not-started,,,,Do not publish as ConceptMap until reviewed.
breast,SSF1,https://erichuang777777.github.io/TW-Breast-Cancer-FHIR-IG/CodeSystem/tcr-breast-ssf1,https://erichuang777777.github.io/TW-Breast-Cancer-FHIR-IG/ValueSet/tcr-breast-ssf1-vs,I42,中染，ER 反應比例 42%,,,,,not-started,,,,Do not publish as ConceptMap until reviewed.
breast,SSF1,https://erichuang777777.github.io/TW-Breast-Cancer-FHIR-IG/CodeSystem/tcr-breast-ssf1,https://erichuang777777.github.io/TW-Breast-Cancer-FHIR-IG/ValueSet/tcr-breast-ssf1-vs,I43,中染，ER 反應比例 43%,,,,,not-started,,,,Do not publish as ConceptMap until reviewed.
breast,SSF1,https://erichuang777777.github.io/TW-Breast-Cancer-FHIR-IG/CodeSystem/tcr-breast-ssf1,https://erichuang777777.github.io/TW-Breast-Cancer-FHIR-IG/ValueSet/tcr-breast-ssf1-vs,I44,中染，ER 反應比例 44%,,,,,not-started,,,,Do not publish as ConceptMap until reviewed.
breast,SSF1,https://erichuang777777.github.io/TW-Breast-Cancer-FHIR-IG/CodeSystem/tcr-breast-ssf1,https://erichuang777777.github.io/TW-Breast-Cancer-FHIR-IG/ValueSet/tcr-breast-ssf1-vs,I45,中染，ER 反應比例 45%,,,,,not-started,,,,Do not publish as ConceptMap until reviewed.
breast,SSF1,https://erichuang777777.github.io/TW-Breast-Cancer-FHIR-IG/CodeSystem/tcr-breast-ssf1,https://erichuang777777.github.io/TW-Breast-Cancer-FHIR-IG/ValueSet/tcr-breast-ssf1-vs,I46,中染，ER 反應比例 46%,,,,,not-started,,,,Do not publish as ConceptMap until reviewed.
breast,SSF1,https://erichuang777777.github.io/TW-Breast-Cancer-FHIR-IG/CodeSystem/tcr-breast-ssf1,https://erichuang777777.github.io/TW-Breast-Cancer-FHIR-IG/ValueSet/tcr-breast-ssf1-vs,I47,中染，ER 反應比例 47%,,,,,not-started,,,,Do not publish as ConceptMap until reviewed.
breast,SSF1,https://erichuang777777.github.io/TW-Breast-Cancer-FHIR-IG/CodeSystem/tcr-breast-ssf1,https://erichuang777777.github.io/TW-Breast-Cancer-FHIR-IG/ValueSet/tcr-breast-ssf1-vs,I48,中染，ER 反應比例 48%,,,,,not-started,,,,Do not publish as ConceptMap until reviewed.
breast,SSF1,https://erichuang777777.github.io/TW-Breast-Cancer-FHIR-IG/CodeSystem/tcr-breast-ssf1,https://erichuang777777.github.io/TW-Breast-Cancer-FHIR-IG/ValueSet/tcr-breast-ssf1-vs,I49,中染，ER 反應比例 49%,,,,,not-started,,,,Do not publish as ConceptMap until reviewed.
breast,SSF1,https://erichuang777777.github.io/TW-Breast-Cancer-FHIR-IG/CodeSystem/tcr-breast-ssf1,https://erichuang777777.github.io/TW-Breast-Cancer-FHIR-IG/ValueSet/tcr-breast-ssf1-vs,I50,中染，ER 反應比例 50%,,,,,not-started,,,,Do not publish as ConceptMap until reviewed.
breast,SSF1,https://erichuang777777.github.io/TW-Breast-Cancer-FHIR-IG/CodeSystem/tcr-breast-ssf1,https://erichuang777777.github.io/TW-Breast-Cancer-FHIR-IG/ValueSet/tcr-breast-ssf1-vs,I51,中染，ER 反應比例 51%,,,,,not-started,,,,Do not publish as ConceptMap until reviewed.
breast,SSF1,https://erichuang777777.github.io/TW-Breast-Cancer-FHIR-IG/CodeSystem/tcr-breast-ssf1,https://erichuang777777.github.io/TW-Breast-Cancer-FHIR-IG/ValueSet/tcr-breast-ssf1-vs,I52,中染，ER 反應比例 52%,,,,,not-started,,,,Do not publish as ConceptMap until reviewed.
breast,SSF1,https://erichuang777777.github.io/TW-Breast-Cancer-FHIR-IG/CodeSystem/tcr-breast-ssf1,https://erichuang777777.github.io/TW-Breast-Cancer-FHIR-IG/ValueSet/tcr-breast-ssf1-vs,I53,中染，ER 反應比例 53%,,,,,not-started,,,,Do not publish as ConceptMap until reviewed.
breast,SSF1,https://erichuang777777.github.io/TW-Breast-Cancer-FHIR-IG/CodeSystem/tcr-breast-ssf1,https://erichuang777777.github.io/TW-Breast-Cancer-FHIR-IG/ValueSet/tcr-breast-ssf1-vs,I54,中染，ER 反應比例 54%,,,,,not-started,,,,Do not publish as ConceptMap until reviewed.
breast,SSF1,https://erichuang777777.github.io/TW-Breast-Cancer-FHIR-IG/CodeSystem/tcr-breast-ssf1,https://erichuang777777.github.io/TW-Breast-Cancer-FHIR-IG/ValueSet/tcr-breast-ssf1-vs,I55,中染，ER 反應比例 55%,,,,,not-started,,,,Do not publish as ConceptMap until reviewed.
breast,SSF1,https://erichuang777777.github.io/TW-Breast-Cancer-FHIR-IG/CodeSystem/tcr-breast-ssf1,https://erichuang777777.github.io/TW-Breast-Cancer-FHIR-IG/ValueSet/tcr-breast-ssf1-vs,I56,中染，ER 反應比例 56%,,,,,not-started,,,,Do not publish as ConceptMap until reviewed.
breast,SSF1,https://erichuang777777.github.io/TW-Breast-Cancer-FHIR-IG/CodeSystem/tcr-breast-ssf1,https://erichuang777777.github.io/TW-Breast-Cancer-FHIR-IG/ValueSet/tcr-breast-ssf1-vs,I57,中染，ER 反應比例 57%,,,,,not-started,,,,Do not publish as ConceptMap until reviewed.
breast,SSF1,https://erichuang777777.github.io/TW-Breast-Cancer-FHIR-IG/CodeSystem/tcr-breast-ssf1,https://erichuang777777.github.io/TW-Breast-Cancer-FHIR-IG/ValueSet/tcr-breast-ssf1-vs,I58,中染，ER 反應比例 58%,,,,,not-started,,,,Do not publish as ConceptMap until reviewed.
breast,SSF1,https://erichuang777777.github.io/TW-Breast-Cancer-FHIR-IG/CodeSystem/tcr-breast-ssf1,https://erichuang777777.github.io/TW-Breast-Cancer-FHIR-IG/ValueSet/tcr-breast-ssf1-vs,I59,中染，ER 反應比例 59%,,,,,not-started,,,,Do not publish as ConceptMap until reviewed.
breast,SSF1,https://erichuang777777.github.io/TW-Breast-Cancer-FHIR-IG/CodeSystem/tcr-breast-ssf1,https://erichuang777777.github.io/TW-Breast-Cancer-FHIR-IG/ValueSet/tcr-breast-ssf1-vs,I60,中染，ER 反應比例 60%,,,,,not-started,,,,Do not publish as ConceptMap until reviewed.
breast,SSF1,https://erichuang777777.github.io/TW-Breast-Cancer-FHIR-IG/CodeSystem/tcr-breast-ssf1,https://erichuang777777.github.io/TW-Breast-Cancer-FHIR-IG/ValueSet/tcr-breast-ssf1-vs,I61,中染，ER 反應比例 61%,,,,,not-started,,,,Do not publish as ConceptMap until reviewed.
breast,SSF1,https://erichuang777777.github.io/TW-Breast-Cancer-FHIR-IG/CodeSystem/tcr-breast-ssf1,https://erichuang777777.github.io/TW-Breast-Cancer-FHIR-IG/ValueSet/tcr-breast-ssf1-vs,I62,中染，ER 反應比例 62%,,,,,not-started,,,,Do not publish as ConceptMap until reviewed.
breast,SSF1,https://erichuang777777.github.io/TW-Breast-Cancer-FHIR-IG/CodeSystem/tcr-breast-ssf1,https://erichuang777777.github.io/TW-Breast-Cancer-FHIR-IG/ValueSet/tcr-breast-ssf1-vs,I63,中染，ER 反應比例 63%,,,,,not-started,,,,Do not publish as ConceptMap until reviewed.
breast,SSF1,https://erichuang777777.github.io/TW-Breast-Cancer-FHIR-IG/CodeSystem/tcr-breast-ssf1,https://erichuang777777.github.io/TW-Breast-Cancer-FHIR-IG/ValueSet/tcr-breast-ssf1-vs,I64,中染，ER 反應比例 64%,,,,,not-started,,,,Do not publish as ConceptMap until reviewed.
breast,SSF1,https://erichuang777777.github.io/TW-Breast-Cancer-FHIR-IG/CodeSystem/tcr-breast-ssf1,https://erichuang777777.github.io/TW-Breast-Cancer-FHIR-IG/ValueSet/tcr-breast-ssf1-vs,I65,中染，ER 反應比例 65%,,,,,not-started,,,,Do not publish as ConceptMap until reviewed.
breast,SSF1,https://erichuang777777.github.io/TW-Breast-Cancer-FHIR-IG/CodeSystem/tcr-breast-ssf1,https://erichuang777777.github.io/TW-Breast-Cancer-FHIR-IG/ValueSet/tcr-breast-ssf1-vs,I66,中染，ER 反應比例 66%,,,,,not-started,,,,Do not publish as ConceptMap until reviewed.
breast,SSF1,https://erichuang777777.github.io/TW-Breast-Cancer-FHIR-IG/CodeSystem/tcr-breast-ssf1,https://erichuang777777.github.io/TW-Breast-Cancer-FHIR-IG/ValueSet/tcr-breast-ssf1-vs,I67,中染，ER 反應比例 67%,,,,,not-started,,,,Do not publish as ConceptMap until reviewed.
breast,SSF1,https://erichuang777777.github.io/TW-Breast-Cancer-FHIR-IG/CodeSystem/tcr-breast-ssf1,https://erichuang777777.github.io/TW-Breast-Cancer-FHIR-IG/ValueSet/tcr-breast-ssf1-vs,I68,中染，ER 反應比例 68%,,,,,not-started,,,,Do not publish as ConceptMap until reviewed.
breast,SSF1,https://erichuang777777.github.io/TW-Breast-Cancer-FHIR-IG/CodeSystem/tcr-breast-ssf1,https://erichuang777777.github.io/TW-Breast-Cancer-FHIR-IG/ValueSet/tcr-breast-ssf1-vs,I69,中染，ER 反應比例 69%,,,,,not-started,,,,Do not publish as ConceptMap until reviewed.
breast,SSF1,https://erichuang777777.github.io/TW-Breast-Cancer-FHIR-IG/CodeSystem/tcr-breast-ssf1,https://erichuang777777.github.io/TW-Breast-Cancer-FHIR-IG/ValueSet/tcr-breast-ssf1-vs,I70,中染，ER 反應比例 70%,,,,,not-started,,,,Do not publish as ConceptMap until reviewed.
breast,SSF1,https://erichuang777777.github.io/TW-Breast-Cancer-FHIR-IG/CodeSystem/tcr-breast-ssf1,https://erichuang777777.github.io/TW-Breast-Cancer-FHIR-IG/ValueSet/tcr-breast-ssf1-vs,I71,中染，ER 反應比例 71%,,,,,not-started,,,,Do not publish as ConceptMap until reviewed.
breast,SSF1,https://erichuang777777.github.io/TW-Breast-Cancer-FHIR-IG/CodeSystem/tcr-breast-ssf1,https://erichuang777777.github.io/TW-Breast-Cancer-FHIR-IG/ValueSet/tcr-breast-ssf1-vs,I72,中染，ER 反應比例 72%,,,,,not-started,,,,Do not publish as ConceptMap until reviewed.
breast,SSF1,https://erichuang777777.github.io/TW-Breast-Cancer-FHIR-IG/CodeSystem/tcr-breast-ssf1,https://erichuang777777.github.io/TW-Breast-Cancer-FHIR-IG/ValueSet/tcr-breast-ssf1-vs,I73,中染，ER 反應比例 73%,,,,,not-started,,,,Do not publish as ConceptMap until reviewed.
breast,SSF1,https://erichuang777777.github.io/TW-Breast-Cancer-FHIR-IG/CodeSystem/tcr-breast-ssf1,https://erichuang777777.github.io/TW-Breast-Cancer-FHIR-IG/ValueSet/tcr-breast-ssf1-vs,I74,中染，ER 反應比例 74%,,,,,not-started,,,,Do not publish as ConceptMap until reviewed.
breast,SSF1,https://erichuang777777.github.io/TW-Breast-Cancer-FHIR-IG/CodeSystem/tcr-breast-ssf1,https://erichuang777777.github.io/TW-Breast-Cancer-FHIR-IG/ValueSet/tcr-breast-ssf1-vs,I75,中染，ER 反應比例 75%,,,,,not-started,,,,Do not publish as ConceptMap until reviewed.
breast,SSF1,https://erichuang777777.github.io/TW-Breast-Cancer-FHIR-IG/CodeSystem/tcr-breast-ssf1,https://erichuang777777.github.io/TW-Breast-Cancer-FHIR-IG/ValueSet/tcr-breast-ssf1-vs,I76,中染，ER 反應比例 76%,,,,,not-started,,,,Do not publish as ConceptMap until reviewed.
breast,SSF1,https://erichuang777777.github.io/TW-Breast-Cancer-FHIR-IG/CodeSystem/tcr-breast-ssf1,https://erichuang777777.github.io/TW-Breast-Cancer-FHIR-IG/ValueSet/tcr-breast-ssf1-vs,I77,中染，ER 反應比例 77%,,,,,not-started,,,,Do not publish as ConceptMap until reviewed.
breast,SSF1,https://erichuang777777.github.io/TW-Breast-Cancer-FHIR-IG/CodeSystem/tcr-breast-ssf1,https://erichuang777777.github.io/TW-Breast-Cancer-FHIR-IG/ValueSet/tcr-breast-ssf1-vs,I78,中染，ER 反應比例 78%,,,,,not-started,,,,Do not publish as ConceptMap until reviewed.
breast,SSF1,https://erichuang777777.github.io/TW-Breast-Cancer-FHIR-IG/CodeSystem/tcr-breast-ssf1,https://erichuang777777.github.io/TW-Breast-Cancer-FHIR-IG/ValueSet/tcr-breast-ssf1-vs,I79,中染，ER 反應比例 79%,,,,,not-started,,,,Do not publish as ConceptMap until reviewed.
breast,SSF1,https://erichuang777777.github.io/TW-Breast-Cancer-FHIR-IG/CodeSystem/tcr-breast-ssf1,https://erichuang777777.github.io/TW-Breast-Cancer-FHIR-IG/ValueSet/tcr-breast-ssf1-vs,I80,中染，ER 反應比例 80%,,,,,not-started,,,,Do not publish as ConceptMap until reviewed.
breast,SSF1,https://erichuang777777.github.io/TW-Breast-Cancer-FHIR-IG/CodeSystem/tcr-breast-ssf1,https://erichuang777777.github.io/TW-Breast-Cancer-FHIR-IG/ValueSet/tcr-breast-ssf1-vs,I81,中染，ER 反應比例 81%,,,,,not-started,,,,Do not publish as ConceptMap until reviewed.
breast,SSF1,https://erichuang777777.github.io/TW-Breast-Cancer-FHIR-IG/CodeSystem/tcr-breast-ssf1,https://erichuang777777.github.io/TW-Breast-Cancer-FHIR-IG/ValueSet/tcr-breast-ssf1-vs,I82,中染，ER 反應比例 82%,,,,,not-started,,,,Do not publish as ConceptMap until reviewed.
breast,SSF1,https://erichuang777777.github.io/TW-Breast-Cancer-FHIR-IG/CodeSystem/tcr-breast-ssf1,https://erichuang777777.github.io/TW-Breast-Cancer-FHIR-IG/ValueSet/tcr-breast-ssf1-vs,I83,中染，ER 反應比例 83%,,,,,not-started,,,,Do not publish as ConceptMap until reviewed.
breast,SSF1,https://erichuang777777.github.io/TW-Breast-Cancer-FHIR-IG/CodeSystem/tcr-breast-ssf1,https://erichuang777777.github.io/TW-Breast-Cancer-FHIR-IG/ValueSet/tcr-breast-ssf1-vs,I84,中染，ER 反應比例 84%,,,,,not-started,,,,Do not publish as ConceptMap until reviewed.
breast,SSF1,https://erichuang777777.github.io/TW-Breast-Cancer-FHIR-IG/CodeSystem/tcr-breast-ssf1,https://erichuang777777.github.io/TW-Breast-Cancer-FHIR-IG/ValueSet/tcr-breast-ssf1-vs,I85,中染，ER 反應比例 85%,,,,,not-started,,,,Do not publish as ConceptMap until reviewed.
breast,SSF1,https://erichuang777777.github.io/TW-Breast-Cancer-FHIR-IG/CodeSystem/tcr-breast-ssf1,https://erichuang777777.github.io/TW-Breast-Cancer-FHIR-IG/ValueSet/tcr-breast-ssf1-vs,I86,中染，ER 反應比例 86%,,,,,not-started,,,,Do not publish as ConceptMap until reviewed.
breast,SSF1,https://erichuang777777.github.io/TW-Breast-Cancer-FHIR-IG/CodeSystem/tcr-breast-ssf1,https://erichuang777777.github.io/TW-Breast-Cancer-FHIR-IG/ValueSet/tcr-breast-ssf1-vs,I87,中染，ER 反應比例 87%,,,,,not-started,,,,Do not publish as ConceptMap until reviewed.
breast,SSF1,https://erichuang777777.github.io/TW-Breast-Cancer-FHIR-IG/CodeSystem/tcr-breast-ssf1,https://erichuang777777.github.io/TW-Breast-Cancer-FHIR-IG/ValueSet/tcr-breast-ssf1-vs,I88,中染，ER 反應比例 88%,,,,,not-started,,,,Do not publish as ConceptMap until reviewed.
breast,SSF1,https://erichuang777777.github.io/TW-Breast-Cancer-FHIR-IG/CodeSystem/tcr-breast-ssf1,https://erichuang777777.github.io/TW-Breast-Cancer-FHIR-IG/ValueSet/tcr-breast-ssf1-vs,I89,中染，ER 反應比例 89%,,,,,not-started,,,,Do not publish as ConceptMap until reviewed.
breast,SSF1,https://erichuang777777.github.io/TW-Breast-Cancer-FHIR-IG/CodeSystem/tcr-breast-ssf1,https://erichuang777777.github.io/TW-Breast-Cancer-FHIR-IG/ValueSet/tcr-breast-ssf1-vs,I90,中染，ER 反應比例 90%,,,,,not-started,,,,Do not publish as ConceptMap until reviewed.
breast,SSF1,https://erichuang777777.github.io/TW-Breast-Cancer-FHIR-IG/CodeSystem/tcr-breast-ssf1,https://erichuang777777.github.io/TW-Breast-Cancer-FHIR-IG/ValueSet/tcr-breast-ssf1-vs,I91,中染，ER 反應比例 91%,,,,,not-started,,,,Do not publish as ConceptMap until reviewed.
breast,SSF1,https://erichuang777777.github.io/TW-Breast-Cancer-FHIR-IG/CodeSystem/tcr-breast-ssf1,https://erichuang777777.github.io/TW-Breast-Cancer-FHIR-IG/ValueSet/tcr-breast-ssf1-vs,I92,中染，ER 反應比例 92%,,,,,not-started,,,,Do not publish as ConceptMap until reviewed.
breast,SSF1,https://erichuang777777.github.io/TW-Breast-Cancer-FHIR-IG/CodeSystem/tcr-breast-ssf1,https://erichuang777777.github.io/TW-Breast-Cancer-FHIR-IG/ValueSet/tcr-breast-ssf1-vs,I93,中染，ER 反應比例 93%,,,,,not-started,,,,Do not publish as ConceptMap until reviewed.
breast,SSF1,https://erichuang777777.github.io/TW-Breast-Cancer-FHIR-IG/CodeSystem/tcr-breast-ssf1,https://erichuang777777.github.io/TW-Breast-Cancer-FHIR-IG/ValueSet/tcr-breast-ssf1-vs,I94,中染，ER 反應比例 94%,,,,,not-started,,,,Do not publish as ConceptMap until reviewed.
breast,SSF1,https://erichuang777777.github.io/TW-Breast-Cancer-FHIR-IG/CodeSystem/tcr-breast-ssf1,https://erichuang777777.github.io/TW-Breast-Cancer-FHIR-IG/ValueSet/tcr-breast-ssf1-vs,I95,中染，ER 反應比例 95%,,,,,not-started,,,,Do not publish as ConceptMap until reviewed.
breast,SSF1,https://erichuang777777.github.io/TW-Breast-Cancer-FHIR-IG/CodeSystem/tcr-breast-ssf1,https://erichuang777777.github.io/TW-Breast-Cancer-FHIR-IG/ValueSet/tcr-breast-ssf1-vs,I96,中染，ER 反應比例 96%,,,,,not-started,,,,Do not publish as ConceptMap until reviewed.
breast,SSF1,https://erichuang777777.github.io/TW-Breast-Cancer-FHIR-IG/CodeSystem/tcr-breast-ssf1,https://erichuang777777.github.io/TW-Breast-Cancer-FHIR-IG/ValueSet/tcr-breast-ssf1-vs,I97,中染，ER 反應比例 97%,,,,,not-started,,,,Do not publish as ConceptMap until reviewed.
breast,SSF1,https://erichuang777777.github.io/TW-Breast-Cancer-FHIR-IG/CodeSystem/tcr-breast-ssf1,https://erichuang777777.github.io/TW-Breast-Cancer-FHIR-IG/ValueSet/tcr-breast-ssf1-vs,I98,中染，ER 反應比例 98%,,,,,not-started,,,,Do not publish as ConceptMap until reviewed.
breast,SSF1,https://erichuang777777.github.io/TW-Breast-Cancer-FHIR-IG/CodeSystem/tcr-breast-ssf1,https://erichuang777777.github.io/TW-Breast-Cancer-FHIR-IG/ValueSet/tcr-breast-ssf1-vs,I99,中染，ER 反應比例 99%,,,,,not-started,,,,Do not publish as ConceptMap until reviewed.
breast,SSF1,https://erichuang777777.github.io/TW-Breast-Cancer-FHIR-IG/CodeSystem/tcr-breast-ssf1,https://erichuang777777.github.io/TW-Breast-Cancer-FHIR-IG/ValueSet/tcr-breast-ssf1-vs,S00,強染，ER 反應比例 100%,,,,,not-started,,,,Do not publish as ConceptMap until reviewed.
breast,SSF1,https://erichuang777777.github.io/TW-Breast-Cancer-FHIR-IG/CodeSystem/tcr-breast-ssf1,https://erichuang777777.github.io/TW-Breast-Cancer-FHIR-IG/ValueSet/tcr-breast-ssf1-vs,S01,強染，ER 反應比例 1%,,,,,not-started,,,,Do not publish as ConceptMap until reviewed.
breast,SSF1,https://erichuang777777.github.io/TW-Breast-Cancer-FHIR-IG/CodeSystem/tcr-breast-ssf1,https://erichuang777777.github.io/TW-Breast-Cancer-FHIR-IG/ValueSet/tcr-breast-ssf1-vs,S02,強染，ER 反應比例 2%,,,,,not-started,,,,Do not publish as ConceptMap until reviewed.
breast,SSF1,https://erichuang777777.github.io/TW-Breast-Cancer-FHIR-IG/CodeSystem/tcr-breast-ssf1,https://erichuang777777.github.io/TW-Breast-Cancer-FHIR-IG/ValueSet/tcr-breast-ssf1-vs,S03,強染，ER 反應比例 3%,,,,,not-started,,,,Do not publish as ConceptMap until reviewed.
breast,SSF1,https://erichuang777777.github.io/TW-Breast-Cancer-FHIR-IG/CodeSystem/tcr-breast-ssf1,https://erichuang777777.github.io/TW-Breast-Cancer-FHIR-IG/ValueSet/tcr-breast-ssf1-vs,S04,強染，ER 反應比例 4%,,,,,not-started,,,,Do not publish as ConceptMap until reviewed.
breast,SSF1,https://erichuang777777.github.io/TW-Breast-Cancer-FHIR-IG/CodeSystem/tcr-breast-ssf1,https://erichuang777777.github.io/TW-Breast-Cancer-FHIR-IG/ValueSet/tcr-breast-ssf1-vs,S05,強染，ER 反應比例 5%,,,,,not-started,,,,Do not publish as ConceptMap until reviewed.
breast,SSF1,https://erichuang777777.github.io/TW-Breast-Cancer-FHIR-IG/CodeSystem/tcr-breast-ssf1,https://erichuang777777.github.io/TW-Breast-Cancer-FHIR-IG/ValueSet/tcr-breast-ssf1-vs,S06,強染，ER 反應比例 6%,,,,,not-started,,,,Do not publish as ConceptMap until reviewed.
breast,SSF1,https://erichuang777777.github.io/TW-Breast-Cancer-FHIR-IG/CodeSystem/tcr-breast-ssf1,https://erichuang777777.github.io/TW-Breast-Cancer-FHIR-IG/ValueSet/tcr-breast-ssf1-vs,S07,強染，ER 反應比例 7%,,,,,not-started,,,,Do not publish as ConceptMap until reviewed.
breast,SSF1,https://erichuang777777.github.io/TW-Breast-Cancer-FHIR-IG/CodeSystem/tcr-breast-ssf1,https://erichuang777777.github.io/TW-Breast-Cancer-FHIR-IG/ValueSet/tcr-breast-ssf1-vs,S08,強染，ER 反應比例 8%,,,,,not-started,,,,Do not publish as ConceptMap until reviewed.
breast,SSF1,https://erichuang777777.github.io/TW-Breast-Cancer-FHIR-IG/CodeSystem/tcr-breast-ssf1,https://erichuang777777.github.io/TW-Breast-Cancer-FHIR-IG/ValueSet/tcr-breast-ssf1-vs,S09,強染，ER 反應比例 9%,,,,,not-started,,,,Do not publish as ConceptMap until reviewed.
breast,SSF1,https://erichuang777777.github.io/TW-Breast-Cancer-FHIR-IG/CodeSystem/tcr-breast-ssf1,https://erichuang777777.github.io/TW-Breast-Cancer-FHIR-IG/ValueSet/tcr-breast-ssf1-vs,S10,強染，ER 反應比例 10%,,,,,not-started,,,,Do not publish as ConceptMap until reviewed.
breast,SSF1,https://erichuang777777.github.io/TW-Breast-Cancer-FHIR-IG/CodeSystem/tcr-breast-ssf1,https://erichuang777777.github.io/TW-Breast-Cancer-FHIR-IG/ValueSet/tcr-breast-ssf1-vs,S11,強染，ER 反應比例 11%,,,,,not-started,,,,Do not publish as ConceptMap until reviewed.
breast,SSF1,https://erichuang777777.github.io/TW-Breast-Cancer-FHIR-IG/CodeSystem/tcr-breast-ssf1,https://erichuang777777.github.io/TW-Breast-Cancer-FHIR-IG/ValueSet/tcr-breast-ssf1-vs,S12,強染，ER 反應比例 12%,,,,,not-started,,,,Do not publish as ConceptMap until reviewed.
breast,SSF1,https://erichuang777777.github.io/TW-Breast-Cancer-FHIR-IG/CodeSystem/tcr-breast-ssf1,https://erichuang777777.github.io/TW-Breast-Cancer-FHIR-IG/ValueSet/tcr-breast-ssf1-vs,S13,強染，ER 反應比例 13%,,,,,not-started,,,,Do not publish as ConceptMap until reviewed.
breast,SSF1,https://erichuang777777.github.io/TW-Breast-Cancer-FHIR-IG/CodeSystem/tcr-breast-ssf1,https://erichuang777777.github.io/TW-Breast-Cancer-FHIR-IG/ValueSet/tcr-breast-ssf1-vs,S14,強染，ER 反應比例 14%,,,,,not-started,,,,Do not publish as ConceptMap until reviewed.
breast,SSF1,https://erichuang777777.github.io/TW-Breast-Cancer-FHIR-IG/CodeSystem/tcr-breast-ssf1,https://erichuang777777.github.io/TW-Breast-Cancer-FHIR-IG/ValueSet/tcr-breast-ssf1-vs,S15,強染，ER 反應比例 15%,,,,,not-started,,,,Do not publish as ConceptMap until reviewed.
breast,SSF1,https://erichuang777777.github.io/TW-Breast-Cancer-FHIR-IG/CodeSystem/tcr-breast-ssf1,https://erichuang777777.github.io/TW-Breast-Cancer-FHIR-IG/ValueSet/tcr-breast-ssf1-vs,S16,強染，ER 反應比例 16%,,,,,not-started,,,,Do not publish as ConceptMap until reviewed.
breast,SSF1,https://erichuang777777.github.io/TW-Breast-Cancer-FHIR-IG/CodeSystem/tcr-breast-ssf1,https://erichuang777777.github.io/TW-Breast-Cancer-FHIR-IG/ValueSet/tcr-breast-ssf1-vs,S17,強染，ER 反應比例 17%,,,,,not-started,,,,Do not publish as ConceptMap until reviewed.
breast,SSF1,https://erichuang777777.github.io/TW-Breast-Cancer-FHIR-IG/CodeSystem/tcr-breast-ssf1,https://erichuang777777.github.io/TW-Breast-Cancer-FHIR-IG/ValueSet/tcr-breast-ssf1-vs,S18,強染，ER 反應比例 18%,,,,,not-started,,,,Do not publish as ConceptMap until reviewed.
breast,SSF1,https://erichuang777777.github.io/TW-Breast-Cancer-FHIR-IG/CodeSystem/tcr-breast-ssf1,https://erichuang777777.github.io/TW-Breast-Cancer-FHIR-IG/ValueSet/tcr-breast-ssf1-vs,S19,強染，ER 反應比例 19%,,,,,not-started,,,,Do not publish as ConceptMap until reviewed.
breast,SSF1,https://erichuang777777.github.io/TW-Breast-Cancer-FHIR-IG/CodeSystem/tcr-breast-ssf1,https://erichuang777777.github.io/TW-Breast-Cancer-FHIR-IG/ValueSet/tcr-breast-ssf1-vs,S20,強染，ER 反應比例 20%,,,,,not-started,,,,Do not publish as ConceptMap until reviewed.
breast,SSF1,https://erichuang777777.github.io/TW-Breast-Cancer-FHIR-IG/CodeSystem/tcr-breast-ssf1,https://erichuang777777.github.io/TW-Breast-Cancer-FHIR-IG/ValueSet/tcr-breast-ssf1-vs,S21,強染，ER 反應比例 21%,,,,,not-started,,,,Do not publish as ConceptMap until reviewed.
breast,SSF1,https://erichuang777777.github.io/TW-Breast-Cancer-FHIR-IG/CodeSystem/tcr-breast-ssf1,https://erichuang777777.github.io/TW-Breast-Cancer-FHIR-IG/ValueSet/tcr-breast-ssf1-vs,S22,強染，ER 反應比例 22%,,,,,not-started,,,,Do not publish as ConceptMap until reviewed.
breast,SSF1,https://erichuang777777.github.io/TW-Breast-Cancer-FHIR-IG/CodeSystem/tcr-breast-ssf1,https://erichuang777777.github.io/TW-Breast-Cancer-FHIR-IG/ValueSet/tcr-breast-ssf1-vs,S23,強染，ER 反應比例 23%,,,,,not-started,,,,Do not publish as ConceptMap until reviewed.
breast,SSF1,https://erichuang777777.github.io/TW-Breast-Cancer-FHIR-IG/CodeSystem/tcr-breast-ssf1,https://erichuang777777.github.io/TW-Breast-Cancer-FHIR-IG/ValueSet/tcr-breast-ssf1-vs,S24,強染，ER 反應比例 24%,,,,,not-started,,,,Do not publish as ConceptMap until reviewed.
breast,SSF1,https://erichuang777777.github.io/TW-Breast-Cancer-FHIR-IG/CodeSystem/tcr-breast-ssf1,https://erichuang777777.github.io/TW-Breast-Cancer-FHIR-IG/ValueSet/tcr-breast-ssf1-vs,S25,強染，ER 反應比例 25%,,,,,not-started,,,,Do not publish as ConceptMap until reviewed.
breast,SSF1,https://erichuang777777.github.io/TW-Breast-Cancer-FHIR-IG/CodeSystem/tcr-breast-ssf1,https://erichuang777777.github.io/TW-Breast-Cancer-FHIR-IG/ValueSet/tcr-breast-ssf1-vs,S26,強染，ER 反應比例 26%,,,,,not-started,,,,Do not publish as ConceptMap until reviewed.
breast,SSF1,https://erichuang777777.github.io/TW-Breast-Cancer-FHIR-IG/CodeSystem/tcr-breast-ssf1,https://erichuang777777.github.io/TW-Breast-Cancer-FHIR-IG/ValueSet/tcr-breast-ssf1-vs,S27,強染，ER 反應比例 27%,,,,,not-started,,,,Do not publish as ConceptMap until reviewed.
breast,SSF1,https://erichuang777777.github.io/TW-Breast-Cancer-FHIR-IG/CodeSystem/tcr-breast-ssf1,https://erichuang777777.github.io/TW-Breast-Cancer-FHIR-IG/ValueSet/tcr-breast-ssf1-vs,S28,強染，ER 反應比例 28%,,,,,not-started,,,,Do not publish as ConceptMap until reviewed.
breast,SSF1,https://erichuang777777.github.io/TW-Breast-Cancer-FHIR-IG/CodeSystem/tcr-breast-ssf1,https://erichuang777777.github.io/TW-Breast-Cancer-FHIR-IG/ValueSet/tcr-breast-ssf1-vs,S29,強染，ER 反應比例 29%,,,,,not-started,,,,Do not publish as ConceptMap until reviewed.
breast,SSF1,https://erichuang777777.github.io/TW-Breast-Cancer-FHIR-IG/CodeSystem/tcr-breast-ssf1,https://erichuang777777.github.io/TW-Breast-Cancer-FHIR-IG/ValueSet/tcr-breast-ssf1-vs,S30,強染，ER 反應比例 30%,,,,,not-started,,,,Do not publish as ConceptMap until reviewed.
breast,SSF1,https://erichuang777777.github.io/TW-Breast-Cancer-FHIR-IG/CodeSystem/tcr-breast-ssf1,https://erichuang777777.github.io/TW-Breast-Cancer-FHIR-IG/ValueSet/tcr-breast-ssf1-vs,S31,強染，ER 反應比例 31%,,,,,not-started,,,,Do not publish as ConceptMap until reviewed.
breast,SSF1,https://erichuang777777.github.io/TW-Breast-Cancer-FHIR-IG/CodeSystem/tcr-breast-ssf1,https://erichuang777777.github.io/TW-Breast-Cancer-FHIR-IG/ValueSet/tcr-breast-ssf1-vs,S32,強染，ER 反應比例 32%,,,,,not-started,,,,Do not publish as ConceptMap until reviewed.
breast,SSF1,https://erichuang777777.github.io/TW-Breast-Cancer-FHIR-IG/CodeSystem/tcr-breast-ssf1,https://erichuang777777.github.io/TW-Breast-Cancer-FHIR-IG/ValueSet/tcr-breast-ssf1-vs,S33,強染，ER 反應比例 33%,,,,,not-started,,,,Do not publish as ConceptMap until reviewed.
breast,SSF1,https://erichuang777777.github.io/TW-Breast-Cancer-FHIR-IG/CodeSystem/tcr-breast-ssf1,https://erichuang777777.github.io/TW-Breast-Cancer-FHIR-IG/ValueSet/tcr-breast-ssf1-vs,S34,強染，ER 反應比例 34%,,,,,not-started,,,,Do not publish as ConceptMap until reviewed.
breast,SSF1,https://erichuang777777.github.io/TW-Breast-Cancer-FHIR-IG/CodeSystem/tcr-breast-ssf1,https://erichuang777777.github.io/TW-Breast-Cancer-FHIR-IG/ValueSet/tcr-breast-ssf1-vs,S35,強染，ER 反應比例 35%,,,,,not-started,,,,Do not publish as ConceptMap until reviewed.
breast,SSF1,https://erichuang777777.github.io/TW-Breast-Cancer-FHIR-IG/CodeSystem/tcr-breast-ssf1,https://erichuang777777.github.io/TW-Breast-Cancer-FHIR-IG/ValueSet/tcr-breast-ssf1-vs,S36,強染，ER 反應比例 36%,,,,,not-started,,,,Do not publish as ConceptMap until reviewed.
breast,SSF1,https://erichuang777777.github.io/TW-Breast-Cancer-FHIR-IG/CodeSystem/tcr-breast-ssf1,https://erichuang777777.github.io/TW-Breast-Cancer-FHIR-IG/ValueSet/tcr-breast-ssf1-vs,S37,強染，ER 反應比例 37%,,,,,not-started,,,,Do not publish as ConceptMap until reviewed.
breast,SSF1,https://erichuang777777.github.io/TW-Breast-Cancer-FHIR-IG/CodeSystem/tcr-breast-ssf1,https://erichuang777777.github.io/TW-Breast-Cancer-FHIR-IG/ValueSet/tcr-breast-ssf1-vs,S38,強染，ER 反應比例 38%,,,,,not-started,,,,Do not publish as ConceptMap until reviewed.
breast,SSF1,https://erichuang777777.github.io/TW-Breast-Cancer-FHIR-IG/CodeSystem/tcr-breast-ssf1,https://erichuang777777.github.io/TW-Breast-Cancer-FHIR-IG/ValueSet/tcr-breast-ssf1-vs,S39,強染，ER 反應比例 39%,,,,,not-started,,,,Do not publish as ConceptMap until reviewed.
breast,SSF1,https://erichuang777777.github.io/TW-Breast-Cancer-FHIR-IG/CodeSystem/tcr-breast-ssf1,https://erichuang777777.github.io/TW-Breast-Cancer-FHIR-IG/ValueSet/tcr-breast-ssf1-vs,S40,強染，ER 反應比例 40%,,,,,not-started,,,,Do not publish as ConceptMap until reviewed.
breast,SSF1,https://erichuang777777.github.io/TW-Breast-Cancer-FHIR-IG/CodeSystem/tcr-breast-ssf1,https://erichuang777777.github.io/TW-Breast-Cancer-FHIR-IG/ValueSet/tcr-breast-ssf1-vs,S41,強染，ER 反應比例 41%,,,,,not-started,,,,Do not publish as ConceptMap until reviewed.
breast,SSF1,https://erichuang777777.github.io/TW-Breast-Cancer-FHIR-IG/CodeSystem/tcr-breast-ssf1,https://erichuang777777.github.io/TW-Breast-Cancer-FHIR-IG/ValueSet/tcr-breast-ssf1-vs,S42,強染，ER 反應比例 42%,,,,,not-started,,,,Do not publish as ConceptMap until reviewed.
breast,SSF1,https://erichuang777777.github.io/TW-Breast-Cancer-FHIR-IG/CodeSystem/tcr-breast-ssf1,https://erichuang777777.github.io/TW-Breast-Cancer-FHIR-IG/ValueSet/tcr-breast-ssf1-vs,S43,強染，ER 反應比例 43%,,,,,not-started,,,,Do not publish as ConceptMap until reviewed.
breast,SSF1,https://erichuang777777.github.io/TW-Breast-Cancer-FHIR-IG/CodeSystem/tcr-breast-ssf1,https://erichuang777777.github.io/TW-Breast-Cancer-FHIR-IG/ValueSet/tcr-breast-ssf1-vs,S44,強染，ER 反應比例 44%,,,,,not-started,,,,Do not publish as ConceptMap until reviewed.
breast,SSF1,https://erichuang777777.github.io/TW-Breast-Cancer-FHIR-IG/CodeSystem/tcr-breast-ssf1,https://erichuang777777.github.io/TW-Breast-Cancer-FHIR-IG/ValueSet/tcr-breast-ssf1-vs,S45,強染，ER 反應比例 45%,,,,,not-started,,,,Do not publish as ConceptMap until reviewed.
breast,SSF1,https://erichuang777777.github.io/TW-Breast-Cancer-FHIR-IG/CodeSystem/tcr-breast-ssf1,https://erichuang777777.github.io/TW-Breast-Cancer-FHIR-IG/ValueSet/tcr-breast-ssf1-vs,S46,強染，ER 反應比例 46%,,,,,not-started,,,,Do not publish as ConceptMap until reviewed.
breast,SSF1,https://erichuang777777.github.io/TW-Breast-Cancer-FHIR-IG/CodeSystem/tcr-breast-ssf1,https://erichuang777777.github.io/TW-Breast-Cancer-FHIR-IG/ValueSet/tcr-breast-ssf1-vs,S47,強染，ER 反應比例 47%,,,,,not-started,,,,Do not publish as ConceptMap until reviewed.
breast,SSF1,https://erichuang777777.github.io/TW-Breast-Cancer-FHIR-IG/CodeSystem/tcr-breast-ssf1,https://erichuang777777.github.io/TW-Breast-Cancer-FHIR-IG/ValueSet/tcr-breast-ssf1-vs,S48,強染，ER 反應比例 48%,,,,,not-started,,,,Do not publish as ConceptMap until reviewed.
breast,SSF1,https://erichuang777777.github.io/TW-Breast-Cancer-FHIR-IG/CodeSystem/tcr-breast-ssf1,https://erichuang777777.github.io/TW-Breast-Cancer-FHIR-IG/ValueSet/tcr-breast-ssf1-vs,S49,強染，ER 反應比例 49%,,,,,not-started,,,,Do not publish as ConceptMap until reviewed.
breast,SSF1,https://erichuang777777.github.io/TW-Breast-Cancer-FHIR-IG/CodeSystem/tcr-breast-ssf1,https://erichuang777777.github.io/TW-Breast-Cancer-FHIR-IG/ValueSet/tcr-breast-ssf1-vs,S50,強染，ER 反應比例 50%,,,,,not-started,,,,Do not publish as ConceptMap until reviewed.
breast,SSF1,https://erichuang777777.github.io/TW-Breast-Cancer-FHIR-IG/CodeSystem/tcr-breast-ssf1,https://erichuang777777.github.io/TW-Breast-Cancer-FHIR-IG/ValueSet/tcr-breast-ssf1-vs,S51,強染，ER 反應比例 51%,,,,,not-started,,,,Do not publish as ConceptMap until reviewed.
breast,SSF1,https://erichuang777777.github.io/TW-Breast-Cancer-FHIR-IG/CodeSystem/tcr-breast-ssf1,https://erichuang777777.github.io/TW-Breast-Cancer-FHIR-IG/ValueSet/tcr-breast-ssf1-vs,S52,強染，ER 反應比例 52%,,,,,not-started,,,,Do not publish as ConceptMap until reviewed.
breast,SSF1,https://erichuang777777.github.io/TW-Breast-Cancer-FHIR-IG/CodeSystem/tcr-breast-ssf1,https://erichuang777777.github.io/TW-Breast-Cancer-FHIR-IG/ValueSet/tcr-breast-ssf1-vs,S53,強染，ER 反應比例 53%,,,,,not-started,,,,Do not publish as ConceptMap until reviewed.
breast,SSF1,https://erichuang777777.github.io/TW-Breast-Cancer-FHIR-IG/CodeSystem/tcr-breast-ssf1,https://erichuang777777.github.io/TW-Breast-Cancer-FHIR-IG/ValueSet/tcr-breast-ssf1-vs,S54,強染，ER 反應比例 54%,,,,,not-started,,,,Do not publish as ConceptMap until reviewed.
breast,SSF1,https://erichuang777777.github.io/TW-Breast-Cancer-FHIR-IG/CodeSystem/tcr-breast-ssf1,https://erichuang777777.github.io/TW-Breast-Cancer-FHIR-IG/ValueSet/tcr-breast-ssf1-vs,S55,強染，ER 反應比例 55%,,,,,not-started,,,,Do not publish as ConceptMap until reviewed.
breast,SSF1,https://erichuang777777.github.io/TW-Breast-Cancer-FHIR-IG/CodeSystem/tcr-breast-ssf1,https://erichuang777777.github.io/TW-Breast-Cancer-FHIR-IG/ValueSet/tcr-breast-ssf1-vs,S56,強染，ER 反應比例 56%,,,,,not-started,,,,Do not publish as ConceptMap until reviewed.
breast,SSF1,https://erichuang777777.github.io/TW-Breast-Cancer-FHIR-IG/CodeSystem/tcr-breast-ssf1,https://erichuang777777.github.io/TW-Breast-Cancer-FHIR-IG/ValueSet/tcr-breast-ssf1-vs,S57,強染，ER 反應比例 57%,,,,,not-started,,,,Do not publish as ConceptMap until reviewed.
breast,SSF1,https://erichuang777777.github.io/TW-Breast-Cancer-FHIR-IG/CodeSystem/tcr-breast-ssf1,https://erichuang777777.github.io/TW-Breast-Cancer-FHIR-IG/ValueSet/tcr-breast-ssf1-vs,S58,強染，ER 反應比例 58%,,,,,not-started,,,,Do not publish as ConceptMap until reviewed.
breast,SSF1,https://erichuang777777.github.io/TW-Breast-Cancer-FHIR-IG/CodeSystem/tcr-breast-ssf1,https://erichuang777777.github.io/TW-Breast-Cancer-FHIR-IG/ValueSet/tcr-breast-ssf1-vs,S59,強染，ER 反應比例 59%,,,,,not-started,,,,Do not publish as ConceptMap until reviewed.
breast,SSF1,https://erichuang777777.github.io/TW-Breast-Cancer-FHIR-IG/CodeSystem/tcr-breast-ssf1,https://erichuang777777.github.io/TW-Breast-Cancer-FHIR-IG/ValueSet/tcr-breast-ssf1-vs,S60,強染，ER 反應比例 60%,,,,,not-started,,,,Do not publish as ConceptMap until reviewed.
breast,SSF1,https://erichuang777777.github.io/TW-Breast-Cancer-FHIR-IG/CodeSystem/tcr-breast-ssf1,https://erichuang777777.github.io/TW-Breast-Cancer-FHIR-IG/ValueSet/tcr-breast-ssf1-vs,S61,強染，ER 反應比例 61%,,,,,not-started,,,,Do not publish as ConceptMap until reviewed.
breast,SSF1,https://erichuang777777.github.io/TW-Breast-Cancer-FHIR-IG/CodeSystem/tcr-breast-ssf1,https://erichuang777777.github.io/TW-Breast-Cancer-FHIR-IG/ValueSet/tcr-breast-ssf1-vs,S62,強染，ER 反應比例 62%,,,,,not-started,,,,Do not publish as ConceptMap until reviewed.
breast,SSF1,https://erichuang777777.github.io/TW-Breast-Cancer-FHIR-IG/CodeSystem/tcr-breast-ssf1,https://erichuang777777.github.io/TW-Breast-Cancer-FHIR-IG/ValueSet/tcr-breast-ssf1-vs,S63,強染，ER 反應比例 63%,,,,,not-started,,,,Do not publish as ConceptMap until reviewed.
breast,SSF1,https://erichuang777777.github.io/TW-Breast-Cancer-FHIR-IG/CodeSystem/tcr-breast-ssf1,https://erichuang777777.github.io/TW-Breast-Cancer-FHIR-IG/ValueSet/tcr-breast-ssf1-vs,S64,強染，ER 反應比例 64%,,,,,not-started,,,,Do not publish as ConceptMap until reviewed.
breast,SSF1,https://erichuang777777.github.io/TW-Breast-Cancer-FHIR-IG/CodeSystem/tcr-breast-ssf1,https://erichuang777777.github.io/TW-Breast-Cancer-FHIR-IG/ValueSet/tcr-breast-ssf1-vs,S65,強染，ER 反應比例 65%,,,,,not-started,,,,Do not publish as ConceptMap until reviewed.
breast,SSF1,https://erichuang777777.github.io/TW-Breast-Cancer-FHIR-IG/CodeSystem/tcr-breast-ssf1,https://erichuang777777.github.io/TW-Breast-Cancer-FHIR-IG/ValueSet/tcr-breast-ssf1-vs,S66,強染，ER 反應比例 66%,,,,,not-started,,,,Do not publish as ConceptMap until reviewed.
breast,SSF1,https://erichuang777777.github.io/TW-Breast-Cancer-FHIR-IG/CodeSystem/tcr-breast-ssf1,https://erichuang777777.github.io/TW-Breast-Cancer-FHIR-IG/ValueSet/tcr-breast-ssf1-vs,S67,強染，ER 反應比例 67%,,,,,not-started,,,,Do not publish as ConceptMap until reviewed.
breast,SSF1,https://erichuang777777.github.io/TW-Breast-Cancer-FHIR-IG/CodeSystem/tcr-breast-ssf1,https://erichuang777777.github.io/TW-Breast-Cancer-FHIR-IG/ValueSet/tcr-breast-ssf1-vs,S68,強染，ER 反應比例 68%,,,,,not-started,,,,Do not publish as ConceptMap until reviewed.
breast,SSF1,https://erichuang777777.github.io/TW-Breast-Cancer-FHIR-IG/CodeSystem/tcr-breast-ssf1,https://erichuang777777.github.io/TW-Breast-Cancer-FHIR-IG/ValueSet/tcr-breast-ssf1-vs,S69,強染，ER 反應比例 69%,,,,,not-started,,,,Do not publish as ConceptMap until reviewed.
breast,SSF1,https://erichuang777777.github.io/TW-Breast-Cancer-FHIR-IG/CodeSystem/tcr-breast-ssf1,https://erichuang777777.github.io/TW-Breast-Cancer-FHIR-IG/ValueSet/tcr-breast-ssf1-vs,S70,強染，ER 反應比例 70%,,,,,not-started,,,,Do not publish as ConceptMap until reviewed.
breast,SSF1,https://erichuang777777.github.io/TW-Breast-Cancer-FHIR-IG/CodeSystem/tcr-breast-ssf1,https://erichuang777777.github.io/TW-Breast-Cancer-FHIR-IG/ValueSet/tcr-breast-ssf1-vs,S71,強染，ER 反應比例 71%,,,,,not-started,,,,Do not publish as ConceptMap until reviewed.
breast,SSF1,https://erichuang777777.github.io/TW-Breast-Cancer-FHIR-IG/CodeSystem/tcr-breast-ssf1,https://erichuang777777.github.io/TW-Breast-Cancer-FHIR-IG/ValueSet/tcr-breast-ssf1-vs,S72,強染，ER 反應比例 72%,,,,,not-started,,,,Do not publish as ConceptMap until reviewed.
breast,SSF1,https://erichuang777777.github.io/TW-Breast-Cancer-FHIR-IG/CodeSystem/tcr-breast-ssf1,https://erichuang777777.github.io/TW-Breast-Cancer-FHIR-IG/ValueSet/tcr-breast-ssf1-vs,S73,強染，ER 反應比例 73%,,,,,not-started,,,,Do not publish as ConceptMap until reviewed.
breast,SSF1,https://erichuang777777.github.io/TW-Breast-Cancer-FHIR-IG/CodeSystem/tcr-breast-ssf1,https://erichuang777777.github.io/TW-Breast-Cancer-FHIR-IG/ValueSet/tcr-breast-ssf1-vs,S74,強染，ER 反應比例 74%,,,,,not-started,,,,Do not publish as ConceptMap until reviewed.
breast,SSF1,https://erichuang777777.github.io/TW-Breast-Cancer-FHIR-IG/CodeSystem/tcr-breast-ssf1,https://erichuang777777.github.io/TW-Breast-Cancer-FHIR-IG/ValueSet/tcr-breast-ssf1-vs,S75,強染，ER 反應比例 75%,,,,,not-started,,,,Do not publish as ConceptMap until reviewed.
breast,SSF1,https://erichuang777777.github.io/TW-Breast-Cancer-FHIR-IG/CodeSystem/tcr-breast-ssf1,https://erichuang777777.github.io/TW-Breast-Cancer-FHIR-IG/ValueSet/tcr-breast-ssf1-vs,S76,強染，ER 反應比例 76%,,,,,not-started,,,,Do not publish as ConceptMap until reviewed.
breast,SSF1,https://erichuang777777.github.io/TW-Breast-Cancer-FHIR-IG/CodeSystem/tcr-breast-ssf1,https://erichuang777777.github.io/TW-Breast-Cancer-FHIR-IG/ValueSet/tcr-breast-ssf1-vs,S77,強染，ER 反應比例 77%,,,,,not-started,,,,Do not publish as ConceptMap until reviewed.
breast,SSF1,https://erichuang777777.github.io/TW-Breast-Cancer-FHIR-IG/CodeSystem/tcr-breast-ssf1,https://erichuang777777.github.io/TW-Breast-Cancer-FHIR-IG/ValueSet/tcr-breast-ssf1-vs,S78,強染，ER 反應比例 78%,,,,,not-started,,,,Do not publish as ConceptMap until reviewed.
breast,SSF1,https://erichuang777777.github.io/TW-Breast-Cancer-FHIR-IG/CodeSystem/tcr-breast-ssf1,https://erichuang777777.github.io/TW-Breast-Cancer-FHIR-IG/ValueSet/tcr-breast-ssf1-vs,S79,強染，ER 反應比例 79%,,,,,not-started,,,,Do not publish as ConceptMap until reviewed.
breast,SSF1,https://erichuang777777.github.io/TW-Breast-Cancer-FHIR-IG/CodeSystem/tcr-breast-ssf1,https://erichuang777777.github.io/TW-Breast-Cancer-FHIR-IG/ValueSet/tcr-breast-ssf1-vs,S80,強染，ER 反應比例 80%,,,,,not-started,,,,Do not publish as ConceptMap until reviewed.
breast,SSF1,https://erichuang777777.github.io/TW-Breast-Cancer-FHIR-IG/CodeSystem/tcr-breast-ssf1,https://erichuang777777.github.io/TW-Breast-Cancer-FHIR-IG/ValueSet/tcr-breast-ssf1-vs,S81,強染，ER 反應比例 81%,,,,,not-started,,,,Do not publish as ConceptMap until reviewed.
breast,SSF1,https://erichuang777777.github.io/TW-Breast-Cancer-FHIR-IG/CodeSystem/tcr-breast-ssf1,https://erichuang777777.github.io/TW-Breast-Cancer-FHIR-IG/ValueSet/tcr-breast-ssf1-vs,S82,強染，ER 反應比例 82%,,,,,not-started,,,,Do not publish as ConceptMap until reviewed.
breast,SSF1,https://erichuang777777.github.io/TW-Breast-Cancer-FHIR-IG/CodeSystem/tcr-breast-ssf1,https://erichuang777777.github.io/TW-Breast-Cancer-FHIR-IG/ValueSet/tcr-breast-ssf1-vs,S83,強染，ER 反應比例 83%,,,,,not-started,,,,Do not publish as ConceptMap until reviewed.
breast,SSF1,https://erichuang777777.github.io/TW-Breast-Cancer-FHIR-IG/CodeSystem/tcr-breast-ssf1,https://erichuang777777.github.io/TW-Breast-Cancer-FHIR-IG/ValueSet/tcr-breast-ssf1-vs,S84,強染，ER 反應比例 84%,,,,,not-started,,,,Do not publish as ConceptMap until reviewed.
breast,SSF1,https://erichuang777777.github.io/TW-Breast-Cancer-FHIR-IG/CodeSystem/tcr-breast-ssf1,https://erichuang777777.github.io/TW-Breast-Cancer-FHIR-IG/ValueSet/tcr-breast-ssf1-vs,S85,強染，ER 反應比例 85%,,,,,not-started,,,,Do not publish as ConceptMap until reviewed.
breast,SSF1,https://erichuang777777.github.io/TW-Breast-Cancer-FHIR-IG/CodeSystem/tcr-breast-ssf1,https://erichuang777777.github.io/TW-Breast-Cancer-FHIR-IG/ValueSet/tcr-breast-ssf1-vs,S86,強染，ER 反應比例 86%,,,,,not-started,,,,Do not publish as ConceptMap until reviewed.
breast,SSF1,https://erichuang777777.github.io/TW-Breast-Cancer-FHIR-IG/CodeSystem/tcr-breast-ssf1,https://erichuang777777.github.io/TW-Breast-Cancer-FHIR-IG/ValueSet/tcr-breast-ssf1-vs,S87,強染，ER 反應比例 87%,,,,,not-started,,,,Do not publish as ConceptMap until reviewed.
breast,SSF1,https://erichuang777777.github.io/TW-Breast-Cancer-FHIR-IG/CodeSystem/tcr-breast-ssf1,https://erichuang777777.github.io/TW-Breast-Cancer-FHIR-IG/ValueSet/tcr-breast-ssf1-vs,S88,強染，ER 反應比例 88%,,,,,not-started,,,,Do not publish as ConceptMap until reviewed.
breast,SSF1,https://erichuang777777.github.io/TW-Breast-Cancer-FHIR-IG/CodeSystem/tcr-breast-ssf1,https://erichuang777777.github.io/TW-Breast-Cancer-FHIR-IG/ValueSet/tcr-breast-ssf1-vs,S89,強染，ER 反應比例 89%,,,,,not-started,,,,Do not publish as ConceptMap until reviewed.
breast,SSF1,https://erichuang777777.github.io/TW-Breast-Cancer-FHIR-IG/CodeSystem/tcr-breast-ssf1,https://erichuang777777.github.io/TW-Breast-Cancer-FHIR-IG/ValueSet/tcr-breast-ssf1-vs,S90,強染，ER 反應比例 90%,,,,,not-started,,,,Do not publish as ConceptMap until reviewed.
breast,SSF1,https://erichuang777777.github.io/TW-Breast-Cancer-FHIR-IG/CodeSystem/tcr-breast-ssf1,https://erichuang777777.github.io/TW-Breast-Cancer-FHIR-IG/ValueSet/tcr-breast-ssf1-vs,S91,強染，ER 反應比例 91%,,,,,not-started,,,,Do not publish as ConceptMap until reviewed.
breast,SSF1,https://erichuang777777.github.io/TW-Breast-Cancer-FHIR-IG/CodeSystem/tcr-breast-ssf1,https://erichuang777777.github.io/TW-Breast-Cancer-FHIR-IG/ValueSet/tcr-breast-ssf1-vs,S92,強染，ER 反應比例 92%,,,,,not-started,,,,Do not publish as ConceptMap until reviewed.
breast,SSF1,https://erichuang777777.github.io/TW-Breast-Cancer-FHIR-IG/CodeSystem/tcr-breast-ssf1,https://erichuang777777.github.io/TW-Breast-Cancer-FHIR-IG/ValueSet/tcr-breast-ssf1-vs,S93,強染，ER 反應比例 93%,,,,,not-started,,,,Do not publish as ConceptMap until reviewed.
breast,SSF1,https://erichuang777777.github.io/TW-Breast-Cancer-FHIR-IG/CodeSystem/tcr-breast-ssf1,https://erichuang777777.github.io/TW-Breast-Cancer-FHIR-IG/ValueSet/tcr-breast-ssf1-vs,S94,強染，ER 反應比例 94%,,,,,not-started,,,,Do not publish as ConceptMap until reviewed.
breast,SSF1,https://erichuang777777.github.io/TW-Breast-Cancer-FHIR-IG/CodeSystem/tcr-breast-ssf1,https://erichuang777777.github.io/TW-Breast-Cancer-FHIR-IG/ValueSet/tcr-breast-ssf1-vs,S95,強染，ER 反應比例 95%,,,,,not-started,,,,Do not publish as ConceptMap until reviewed.
breast,SSF1,https://erichuang777777.github.io/TW-Breast-Cancer-FHIR-IG/CodeSystem/tcr-breast-ssf1,https://erichuang777777.github.io/TW-Breast-Cancer-FHIR-IG/ValueSet/tcr-breast-ssf1-vs,S96,強染，ER 反應比例 96%,,,,,not-started,,,,Do not publish as ConceptMap until reviewed.
breast,SSF1,https://erichuang777777.github.io/TW-Breast-Cancer-FHIR-IG/CodeSystem/tcr-breast-ssf1,https://erichuang777777.github.io/TW-Breast-Cancer-FHIR-IG/ValueSet/tcr-breast-ssf1-vs,S97,強染，ER 反應比例 97%,,,,,not-started,,,,Do not publish as ConceptMap until reviewed.
breast,SSF1,https://erichuang777777.github.io/TW-Breast-Cancer-FHIR-IG/CodeSystem/tcr-breast-ssf1,https://erichuang777777.github.io/TW-Breast-Cancer-FHIR-IG/ValueSet/tcr-breast-ssf1-vs,S98,強染，ER 反應比例 98%,,,,,not-started,,,,Do not publish as ConceptMap until reviewed.
breast,SSF1,https://erichuang777777.github.io/TW-Breast-Cancer-FHIR-IG/CodeSystem/tcr-breast-ssf1,https://erichuang777777.github.io/TW-Breast-Cancer-FHIR-IG/ValueSet/tcr-breast-ssf1-vs,S99,強染，ER 反應比例 99%,,,,,not-started,,,,Do not publish as ConceptMap until reviewed.
breast,SSF1,https://erichuang777777.github.io/TW-Breast-Cancer-FHIR-IG/CodeSystem/tcr-breast-ssf1,https://erichuang777777.github.io/TW-Breast-Cancer-FHIR-IG/ValueSet/tcr-breast-ssf1-vs,W00,弱染，ER 反應比例 100%,,,,,not-started,,,,Do not publish as ConceptMap until reviewed.
breast,SSF1,https://erichuang777777.github.io/TW-Breast-Cancer-FHIR-IG/CodeSystem/tcr-breast-ssf1,https://erichuang777777.github.io/TW-Breast-Cancer-FHIR-IG/ValueSet/tcr-breast-ssf1-vs,W01,弱染，ER 反應比例 1%,,,,,not-started,,,,Do not publish as ConceptMap until reviewed.
breast,SSF1,https://erichuang777777.github.io/TW-Breast-Cancer-FHIR-IG/CodeSystem/tcr-breast-ssf1,https://erichuang777777.github.io/TW-Breast-Cancer-FHIR-IG/ValueSet/tcr-breast-ssf1-vs,W02,弱染，ER 反應比例 2%,,,,,not-started,,,,Do not publish as ConceptMap until reviewed.
breast,SSF1,https://erichuang777777.github.io/TW-Breast-Cancer-FHIR-IG/CodeSystem/tcr-breast-ssf1,https://erichuang777777.github.io/TW-Breast-Cancer-FHIR-IG/ValueSet/tcr-breast-ssf1-vs,W03,弱染，ER 反應比例 3%,,,,,not-started,,,,Do not publish as ConceptMap until reviewed.
breast,SSF1,https://erichuang777777.github.io/TW-Breast-Cancer-FHIR-IG/CodeSystem/tcr-breast-ssf1,https://erichuang777777.github.io/TW-Breast-Cancer-FHIR-IG/ValueSet/tcr-breast-ssf1-vs,W04,弱染，ER 反應比例 4%,,,,,not-started,,,,Do not publish as ConceptMap until reviewed.
breast,SSF1,https://erichuang777777.github.io/TW-Breast-Cancer-FHIR-IG/CodeSystem/tcr-breast-ssf1,https://erichuang777777.github.io/TW-Breast-Cancer-FHIR-IG/ValueSet/tcr-breast-ssf1-vs,W05,弱染，ER 反應比例 5%,,,,,not-started,,,,Do not publish as ConceptMap until reviewed.
breast,SSF1,https://erichuang777777.github.io/TW-Breast-Cancer-FHIR-IG/CodeSystem/tcr-breast-ssf1,https://erichuang777777.github.io/TW-Breast-Cancer-FHIR-IG/ValueSet/tcr-breast-ssf1-vs,W06,弱染，ER 反應比例 6%,,,,,not-started,,,,Do not publish as ConceptMap until reviewed.
breast,SSF1,https://erichuang777777.github.io/TW-Breast-Cancer-FHIR-IG/CodeSystem/tcr-breast-ssf1,https://erichuang777777.github.io/TW-Breast-Cancer-FHIR-IG/ValueSet/tcr-breast-ssf1-vs,W07,弱染，ER 反應比例 7%,,,,,not-started,,,,Do not publish as ConceptMap until reviewed.
breast,SSF1,https://erichuang777777.github.io/TW-Breast-Cancer-FHIR-IG/CodeSystem/tcr-breast-ssf1,https://erichuang777777.github.io/TW-Breast-Cancer-FHIR-IG/ValueSet/tcr-breast-ssf1-vs,W08,弱染，ER 反應比例 8%,,,,,not-started,,,,Do not publish as ConceptMap until reviewed.
breast,SSF1,https://erichuang777777.github.io/TW-Breast-Cancer-FHIR-IG/CodeSystem/tcr-breast-ssf1,https://erichuang777777.github.io/TW-Breast-Cancer-FHIR-IG/ValueSet/tcr-breast-ssf1-vs,W09,弱染，ER 反應比例 9%,,,,,not-started,,,,Do not publish as ConceptMap until reviewed.
breast,SSF1,https://erichuang777777.github.io/TW-Breast-Cancer-FHIR-IG/CodeSystem/tcr-breast-ssf1,https://erichuang777777.github.io/TW-Breast-Cancer-FHIR-IG/ValueSet/tcr-breast-ssf1-vs,W10,弱染，ER 反應比例 10%,,,,,not-started,,,,Do not publish as ConceptMap until reviewed.
breast,SSF1,https://erichuang777777.github.io/TW-Breast-Cancer-FHIR-IG/CodeSystem/tcr-breast-ssf1,https://erichuang777777.github.io/TW-Breast-Cancer-FHIR-IG/ValueSet/tcr-breast-ssf1-vs,W11,弱染，ER 反應比例 11%,,,,,not-started,,,,Do not publish as ConceptMap until reviewed.
breast,SSF1,https://erichuang777777.github.io/TW-Breast-Cancer-FHIR-IG/CodeSystem/tcr-breast-ssf1,https://erichuang777777.github.io/TW-Breast-Cancer-FHIR-IG/ValueSet/tcr-breast-ssf1-vs,W12,弱染，ER 反應比例 12%,,,,,not-started,,,,Do not publish as ConceptMap until reviewed.
breast,SSF1,https://erichuang777777.github.io/TW-Breast-Cancer-FHIR-IG/CodeSystem/tcr-breast-ssf1,https://erichuang777777.github.io/TW-Breast-Cancer-FHIR-IG/ValueSet/tcr-breast-ssf1-vs,W13,弱染，ER 反應比例 13%,,,,,not-started,,,,Do not publish as ConceptMap until reviewed.
breast,SSF1,https://erichuang777777.github.io/TW-Breast-Cancer-FHIR-IG/CodeSystem/tcr-breast-ssf1,https://erichuang777777.github.io/TW-Breast-Cancer-FHIR-IG/ValueSet/tcr-breast-ssf1-vs,W14,弱染，ER 反應比例 14%,,,,,not-started,,,,Do not publish as ConceptMap until reviewed.
breast,SSF1,https://erichuang777777.github.io/TW-Breast-Cancer-FHIR-IG/CodeSystem/tcr-breast-ssf1,https://erichuang777777.github.io/TW-Breast-Cancer-FHIR-IG/ValueSet/tcr-breast-ssf1-vs,W15,弱染，ER 反應比例 15%,,,,,not-started,,,,Do not publish as ConceptMap until reviewed.
breast,SSF1,https://erichuang777777.github.io/TW-Breast-Cancer-FHIR-IG/CodeSystem/tcr-breast-ssf1,https://erichuang777777.github.io/TW-Breast-Cancer-FHIR-IG/ValueSet/tcr-breast-ssf1-vs,W16,弱染，ER 反應比例 16%,,,,,not-started,,,,Do not publish as ConceptMap until reviewed.
breast,SSF1,https://erichuang777777.github.io/TW-Breast-Cancer-FHIR-IG/CodeSystem/tcr-breast-ssf1,https://erichuang777777.github.io/TW-Breast-Cancer-FHIR-IG/ValueSet/tcr-breast-ssf1-vs,W17,弱染，ER 反應比例 17%,,,,,not-started,,,,Do not publish as ConceptMap until reviewed.
breast,SSF1,https://erichuang777777.github.io/TW-Breast-Cancer-FHIR-IG/CodeSystem/tcr-breast-ssf1,https://erichuang777777.github.io/TW-Breast-Cancer-FHIR-IG/ValueSet/tcr-breast-ssf1-vs,W18,弱染，ER 反應比例 18%,,,,,not-started,,,,Do not publish as ConceptMap until reviewed.
breast,SSF1,https://erichuang777777.github.io/TW-Breast-Cancer-FHIR-IG/CodeSystem/tcr-breast-ssf1,https://erichuang777777.github.io/TW-Breast-Cancer-FHIR-IG/ValueSet/tcr-breast-ssf1-vs,W19,弱染，ER 反應比例 19%,,,,,not-started,,,,Do not publish as ConceptMap until reviewed.
breast,SSF1,https://erichuang777777.github.io/TW-Breast-Cancer-FHIR-IG/CodeSystem/tcr-breast-ssf1,https://erichuang777777.github.io/TW-Breast-Cancer-FHIR-IG/ValueSet/tcr-breast-ssf1-vs,W20,弱染，ER 反應比例 20%,,,,,not-started,,,,Do not publish as ConceptMap until reviewed.
breast,SSF1,https://erichuang777777.github.io/TW-Breast-Cancer-FHIR-IG/CodeSystem/tcr-breast-ssf1,https://erichuang777777.github.io/TW-Breast-Cancer-FHIR-IG/ValueSet/tcr-breast-ssf1-vs,W21,弱染，ER 反應比例 21%,,,,,not-started,,,,Do not publish as ConceptMap until reviewed.
breast,SSF1,https://erichuang777777.github.io/TW-Breast-Cancer-FHIR-IG/CodeSystem/tcr-breast-ssf1,https://erichuang777777.github.io/TW-Breast-Cancer-FHIR-IG/ValueSet/tcr-breast-ssf1-vs,W22,弱染，ER 反應比例 22%,,,,,not-started,,,,Do not publish as ConceptMap until reviewed.
breast,SSF1,https://erichuang777777.github.io/TW-Breast-Cancer-FHIR-IG/CodeSystem/tcr-breast-ssf1,https://erichuang777777.github.io/TW-Breast-Cancer-FHIR-IG/ValueSet/tcr-breast-ssf1-vs,W23,弱染，ER 反應比例 23%,,,,,not-started,,,,Do not publish as ConceptMap until reviewed.
breast,SSF1,https://erichuang777777.github.io/TW-Breast-Cancer-FHIR-IG/CodeSystem/tcr-breast-ssf1,https://erichuang777777.github.io/TW-Breast-Cancer-FHIR-IG/ValueSet/tcr-breast-ssf1-vs,W24,弱染，ER 反應比例 24%,,,,,not-started,,,,Do not publish as ConceptMap until reviewed.
breast,SSF1,https://erichuang777777.github.io/TW-Breast-Cancer-FHIR-IG/CodeSystem/tcr-breast-ssf1,https://erichuang777777.github.io/TW-Breast-Cancer-FHIR-IG/ValueSet/tcr-breast-ssf1-vs,W25,弱染，ER 反應比例 25%,,,,,not-started,,,,Do not publish as ConceptMap until reviewed.
breast,SSF1,https://erichuang777777.github.io/TW-Breast-Cancer-FHIR-IG/CodeSystem/tcr-breast-ssf1,https://erichuang777777.github.io/TW-Breast-Cancer-FHIR-IG/ValueSet/tcr-breast-ssf1-vs,W26,弱染，ER 反應比例 26%,,,,,not-started,,,,Do not publish as ConceptMap until reviewed.
breast,SSF1,https://erichuang777777.github.io/TW-Breast-Cancer-FHIR-IG/CodeSystem/tcr-breast-ssf1,https://erichuang777777.github.io/TW-Breast-Cancer-FHIR-IG/ValueSet/tcr-breast-ssf1-vs,W27,弱染，ER 反應比例 27%,,,,,not-started,,,,Do not publish as ConceptMap until reviewed.
breast,SSF1,https://erichuang777777.github.io/TW-Breast-Cancer-FHIR-IG/CodeSystem/tcr-breast-ssf1,https://erichuang777777.github.io/TW-Breast-Cancer-FHIR-IG/ValueSet/tcr-breast-ssf1-vs,W28,弱染，ER 反應比例 28%,,,,,not-started,,,,Do not publish as ConceptMap until reviewed.
breast,SSF1,https://erichuang777777.github.io/TW-Breast-Cancer-FHIR-IG/CodeSystem/tcr-breast-ssf1,https://erichuang777777.github.io/TW-Breast-Cancer-FHIR-IG/ValueSet/tcr-breast-ssf1-vs,W29,弱染，ER 反應比例 29%,,,,,not-started,,,,Do not publish as ConceptMap until reviewed.
breast,SSF1,https://erichuang777777.github.io/TW-Breast-Cancer-FHIR-IG/CodeSystem/tcr-breast-ssf1,https://erichuang777777.github.io/TW-Breast-Cancer-FHIR-IG/ValueSet/tcr-breast-ssf1-vs,W30,弱染，ER 反應比例 30%,,,,,not-started,,,,Do not publish as ConceptMap until reviewed.
breast,SSF1,https://erichuang777777.github.io/TW-Breast-Cancer-FHIR-IG/CodeSystem/tcr-breast-ssf1,https://erichuang777777.github.io/TW-Breast-Cancer-FHIR-IG/ValueSet/tcr-breast-ssf1-vs,W31,弱染，ER 反應比例 31%,,,,,not-started,,,,Do not publish as ConceptMap until reviewed.
breast,SSF1,https://erichuang777777.github.io/TW-Breast-Cancer-FHIR-IG/CodeSystem/tcr-breast-ssf1,https://erichuang777777.github.io/TW-Breast-Cancer-FHIR-IG/ValueSet/tcr-breast-ssf1-vs,W32,弱染，ER 反應比例 32%,,,,,not-started,,,,Do not publish as ConceptMap until reviewed.
breast,SSF1,https://erichuang777777.github.io/TW-Breast-Cancer-FHIR-IG/CodeSystem/tcr-breast-ssf1,https://erichuang777777.github.io/TW-Breast-Cancer-FHIR-IG/ValueSet/tcr-breast-ssf1-vs,W33,弱染，ER 反應比例 33%,,,,,not-started,,,,Do not publish as ConceptMap until reviewed.
breast,SSF1,https://erichuang777777.github.io/TW-Breast-Cancer-FHIR-IG/CodeSystem/tcr-breast-ssf1,https://erichuang777777.github.io/TW-Breast-Cancer-FHIR-IG/ValueSet/tcr-breast-ssf1-vs,W34,弱染，ER 反應比例 34%,,,,,not-started,,,,Do not publish as ConceptMap until reviewed.
breast,SSF1,https://erichuang777777.github.io/TW-Breast-Cancer-FHIR-IG/CodeSystem/tcr-breast-ssf1,https://erichuang777777.github.io/TW-Breast-Cancer-FHIR-IG/ValueSet/tcr-breast-ssf1-vs,W35,弱染，ER 反應比例 35%,,,,,not-started,,,,Do not publish as ConceptMap until reviewed.
breast,SSF1,https://erichuang777777.github.io/TW-Breast-Cancer-FHIR-IG/CodeSystem/tcr-breast-ssf1,https://erichuang777777.github.io/TW-Breast-Cancer-FHIR-IG/ValueSet/tcr-breast-ssf1-vs,W36,弱染，ER 反應比例 36%,,,,,not-started,,,,Do not publish as ConceptMap until reviewed.
breast,SSF1,https://erichuang777777.github.io/TW-Breast-Cancer-FHIR-IG/CodeSystem/tcr-breast-ssf1,https://erichuang777777.github.io/TW-Breast-Cancer-FHIR-IG/ValueSet/tcr-breast-ssf1-vs,W37,弱染，ER 反應比例 37%,,,,,not-started,,,,Do not publish as ConceptMap until reviewed.
breast,SSF1,https://erichuang777777.github.io/TW-Breast-Cancer-FHIR-IG/CodeSystem/tcr-breast-ssf1,https://erichuang777777.github.io/TW-Breast-Cancer-FHIR-IG/ValueSet/tcr-breast-ssf1-vs,W38,弱染，ER 反應比例 38%,,,,,not-started,,,,Do not publish as ConceptMap until reviewed.
breast,SSF1,https://erichuang777777.github.io/TW-Breast-Cancer-FHIR-IG/CodeSystem/tcr-breast-ssf1,https://erichuang777777.github.io/TW-Breast-Cancer-FHIR-IG/ValueSet/tcr-breast-ssf1-vs,W39,弱染，ER 反應比例 39%,,,,,not-started,,,,Do not publish as ConceptMap until reviewed.
breast,SSF1,https://erichuang777777.github.io/TW-Breast-Cancer-FHIR-IG/CodeSystem/tcr-breast-ssf1,https://erichuang777777.github.io/TW-Breast-Cancer-FHIR-IG/ValueSet/tcr-breast-ssf1-vs,W40,弱染，ER 反應比例 40%,,,,,not-started,,,,Do not publish as ConceptMap until reviewed.
breast,SSF1,https://erichuang777777.github.io/TW-Breast-Cancer-FHIR-IG/CodeSystem/tcr-breast-ssf1,https://erichuang777777.github.io/TW-Breast-Cancer-FHIR-IG/ValueSet/tcr-breast-ssf1-vs,W41,弱染，ER 反應比例 41%,,,,,not-started,,,,Do not publish as ConceptMap until reviewed.
breast,SSF1,https://erichuang777777.github.io/TW-Breast-Cancer-FHIR-IG/CodeSystem/tcr-breast-ssf1,https://erichuang777777.github.io/TW-Breast-Cancer-FHIR-IG/ValueSet/tcr-breast-ssf1-vs,W42,弱染，ER 反應比例 42%,,,,,not-started,,,,Do not publish as ConceptMap until reviewed.
breast,SSF1,https://erichuang777777.github.io/TW-Breast-Cancer-FHIR-IG/CodeSystem/tcr-breast-ssf1,https://erichuang777777.github.io/TW-Breast-Cancer-FHIR-IG/ValueSet/tcr-breast-ssf1-vs,W43,弱染，ER 反應比例 43%,,,,,not-started,,,,Do not publish as ConceptMap until reviewed.
breast,SSF1,https://erichuang777777.github.io/TW-Breast-Cancer-FHIR-IG/CodeSystem/tcr-breast-ssf1,https://erichuang777777.github.io/TW-Breast-Cancer-FHIR-IG/ValueSet/tcr-breast-ssf1-vs,W44,弱染，ER 反應比例 44%,,,,,not-started,,,,Do not publish as ConceptMap until reviewed.
breast,SSF1,https://erichuang777777.github.io/TW-Breast-Cancer-FHIR-IG/CodeSystem/tcr-breast-ssf1,https://erichuang777777.github.io/TW-Breast-Cancer-FHIR-IG/ValueSet/tcr-breast-ssf1-vs,W45,弱染，ER 反應比例 45%,,,,,not-started,,,,Do not publish as ConceptMap until reviewed.
breast,SSF1,https://erichuang777777.github.io/TW-Breast-Cancer-FHIR-IG/CodeSystem/tcr-breast-ssf1,https://erichuang777777.github.io/TW-Breast-Cancer-FHIR-IG/ValueSet/tcr-breast-ssf1-vs,W46,弱染，ER 反應比例 46%,,,,,not-started,,,,Do not publish as ConceptMap until reviewed.
breast,SSF1,https://erichuang777777.github.io/TW-Breast-Cancer-FHIR-IG/CodeSystem/tcr-breast-ssf1,https://erichuang777777.github.io/TW-Breast-Cancer-FHIR-IG/ValueSet/tcr-breast-ssf1-vs,W47,弱染，ER 反應比例 47%,,,,,not-started,,,,Do not publish as ConceptMap until reviewed.
breast,SSF1,https://erichuang777777.github.io/TW-Breast-Cancer-FHIR-IG/CodeSystem/tcr-breast-ssf1,https://erichuang777777.github.io/TW-Breast-Cancer-FHIR-IG/ValueSet/tcr-breast-ssf1-vs,W48,弱染，ER 反應比例 48%,,,,,not-started,,,,Do not publish as ConceptMap until reviewed.
breast,SSF1,https://erichuang777777.github.io/TW-Breast-Cancer-FHIR-IG/CodeSystem/tcr-breast-ssf1,https://erichuang777777.github.io/TW-Breast-Cancer-FHIR-IG/ValueSet/tcr-breast-ssf1-vs,W49,弱染，ER 反應比例 49%,,,,,not-started,,,,Do not publish as ConceptMap until reviewed.
breast,SSF1,https://erichuang777777.github.io/TW-Breast-Cancer-FHIR-IG/CodeSystem/tcr-breast-ssf1,https://erichuang777777.github.io/TW-Breast-Cancer-FHIR-IG/ValueSet/tcr-breast-ssf1-vs,W50,弱染，ER 反應比例 50%,,,,,not-started,,,,Do not publish as ConceptMap until reviewed.
breast,SSF1,https://erichuang777777.github.io/TW-Breast-Cancer-FHIR-IG/CodeSystem/tcr-breast-ssf1,https://erichuang777777.github.io/TW-Breast-Cancer-FHIR-IG/ValueSet/tcr-breast-ssf1-vs,W51,弱染，ER 反應比例 51%,,,,,not-started,,,,Do not publish as ConceptMap until reviewed.
breast,SSF1,https://erichuang777777.github.io/TW-Breast-Cancer-FHIR-IG/CodeSystem/tcr-breast-ssf1,https://erichuang777777.github.io/TW-Breast-Cancer-FHIR-IG/ValueSet/tcr-breast-ssf1-vs,W52,弱染，ER 反應比例 52%,,,,,not-started,,,,Do not publish as ConceptMap until reviewed.
breast,SSF1,https://erichuang777777.github.io/TW-Breast-Cancer-FHIR-IG/CodeSystem/tcr-breast-ssf1,https://erichuang777777.github.io/TW-Breast-Cancer-FHIR-IG/ValueSet/tcr-breast-ssf1-vs,W53,弱染，ER 反應比例 53%,,,,,not-started,,,,Do not publish as ConceptMap until reviewed.
breast,SSF1,https://erichuang777777.github.io/TW-Breast-Cancer-FHIR-IG/CodeSystem/tcr-breast-ssf1,https://erichuang777777.github.io/TW-Breast-Cancer-FHIR-IG/ValueSet/tcr-breast-ssf1-vs,W54,弱染，ER 反應比例 54%,,,,,not-started,,,,Do not publish as ConceptMap until reviewed.
breast,SSF1,https://erichuang777777.github.io/TW-Breast-Cancer-FHIR-IG/CodeSystem/tcr-breast-ssf1,https://erichuang777777.github.io/TW-Breast-Cancer-FHIR-IG/ValueSet/tcr-breast-ssf1-vs,W55,弱染，ER 反應比例 55%,,,,,not-started,,,,Do not publish as ConceptMap until reviewed.
breast,SSF1,https://erichuang777777.github.io/TW-Breast-Cancer-FHIR-IG/CodeSystem/tcr-breast-ssf1,https://erichuang777777.github.io/TW-Breast-Cancer-FHIR-IG/ValueSet/tcr-breast-ssf1-vs,W56,弱染，ER 反應比例 56%,,,,,not-started,,,,Do not publish as ConceptMap until reviewed.
breast,SSF1,https://erichuang777777.github.io/TW-Breast-Cancer-FHIR-IG/CodeSystem/tcr-breast-ssf1,https://erichuang777777.github.io/TW-Breast-Cancer-FHIR-IG/ValueSet/tcr-breast-ssf1-vs,W57,弱染，ER 反應比例 57%,,,,,not-started,,,,Do not publish as ConceptMap until reviewed.
breast,SSF1,https://erichuang777777.github.io/TW-Breast-Cancer-FHIR-IG/CodeSystem/tcr-breast-ssf1,https://erichuang777777.github.io/TW-Breast-Cancer-FHIR-IG/ValueSet/tcr-breast-ssf1-vs,W58,弱染，ER 反應比例 58%,,,,,not-started,,,,Do not publish as ConceptMap until reviewed.
breast,SSF1,https://erichuang777777.github.io/TW-Breast-Cancer-FHIR-IG/CodeSystem/tcr-breast-ssf1,https://erichuang777777.github.io/TW-Breast-Cancer-FHIR-IG/ValueSet/tcr-breast-ssf1-vs,W59,弱染，ER 反應比例 59%,,,,,not-started,,,,Do not publish as ConceptMap until reviewed.
breast,SSF1,https://erichuang777777.github.io/TW-Breast-Cancer-FHIR-IG/CodeSystem/tcr-breast-ssf1,https://erichuang777777.github.io/TW-Breast-Cancer-FHIR-IG/ValueSet/tcr-breast-ssf1-vs,W60,弱染，ER 反應比例 60%,,,,,not-started,,,,Do not publish as ConceptMap until reviewed.
breast,SSF1,https://erichuang777777.github.io/TW-Breast-Cancer-FHIR-IG/CodeSystem/tcr-breast-ssf1,https://erichuang777777.github.io/TW-Breast-Cancer-FHIR-IG/ValueSet/tcr-breast-ssf1-vs,W61,弱染，ER 反應比例 61%,,,,,not-started,,,,Do not publish as ConceptMap until reviewed.
breast,SSF1,https://erichuang777777.github.io/TW-Breast-Cancer-FHIR-IG/CodeSystem/tcr-breast-ssf1,https://erichuang777777.github.io/TW-Breast-Cancer-FHIR-IG/ValueSet/tcr-breast-ssf1-vs,W62,弱染，ER 反應比例 62%,,,,,not-started,,,,Do not publish as ConceptMap until reviewed.
breast,SSF1,https://erichuang777777.github.io/TW-Breast-Cancer-FHIR-IG/CodeSystem/tcr-breast-ssf1,https://erichuang777777.github.io/TW-Breast-Cancer-FHIR-IG/ValueSet/tcr-breast-ssf1-vs,W63,弱染，ER 反應比例 63%,,,,,not-started,,,,Do not publish as ConceptMap until reviewed.
breast,SSF1,https://erichuang777777.github.io/TW-Breast-Cancer-FHIR-IG/CodeSystem/tcr-breast-ssf1,https://erichuang777777.github.io/TW-Breast-Cancer-FHIR-IG/ValueSet/tcr-breast-ssf1-vs,W64,弱染，ER 反應比例 64%,,,,,not-started,,,,Do not publish as ConceptMap until reviewed.
breast,SSF1,https://erichuang777777.github.io/TW-Breast-Cancer-FHIR-IG/CodeSystem/tcr-breast-ssf1,https://erichuang777777.github.io/TW-Breast-Cancer-FHIR-IG/ValueSet/tcr-breast-ssf1-vs,W65,弱染，ER 反應比例 65%,,,,,not-started,,,,Do not publish as ConceptMap until reviewed.
breast,SSF1,https://erichuang777777.github.io/TW-Breast-Cancer-FHIR-IG/CodeSystem/tcr-breast-ssf1,https://erichuang777777.github.io/TW-Breast-Cancer-FHIR-IG/ValueSet/tcr-breast-ssf1-vs,W66,弱染，ER 反應比例 66%,,,,,not-started,,,,Do not publish as ConceptMap until reviewed.
breast,SSF1,https://erichuang777777.github.io/TW-Breast-Cancer-FHIR-IG/CodeSystem/tcr-breast-ssf1,https://erichuang777777.github.io/TW-Breast-Cancer-FHIR-IG/ValueSet/tcr-breast-ssf1-vs,W67,弱染，ER 反應比例 67%,,,,,not-started,,,,Do not publish as ConceptMap until reviewed.
breast,SSF1,https://erichuang777777.github.io/TW-Breast-Cancer-FHIR-IG/CodeSystem/tcr-breast-ssf1,https://erichuang777777.github.io/TW-Breast-Cancer-FHIR-IG/ValueSet/tcr-breast-ssf1-vs,W68,弱染，ER 反應比例 68%,,,,,not-started,,,,Do not publish as ConceptMap until reviewed.
breast,SSF1,https://erichuang777777.github.io/TW-Breast-Cancer-FHIR-IG/CodeSystem/tcr-breast-ssf1,https://erichuang777777.github.io/TW-Breast-Cancer-FHIR-IG/ValueSet/tcr-breast-ssf1-vs,W69,弱染，ER 反應比例 69%,,,,,not-started,,,,Do not publish as ConceptMap until reviewed.
breast,SSF1,https://erichuang777777.github.io/TW-Breast-Cancer-FHIR-IG/CodeSystem/tcr-breast-ssf1,https://erichuang777777.github.io/TW-Breast-Cancer-FHIR-IG/ValueSet/tcr-breast-ssf1-vs,W70,弱染，ER 反應比例 70%,,,,,not-started,,,,Do not publish as ConceptMap until reviewed.
breast,SSF1,https://erichuang777777.github.io/TW-Breast-Cancer-FHIR-IG/CodeSystem/tcr-breast-ssf1,https://erichuang777777.github.io/TW-Breast-Cancer-FHIR-IG/ValueSet/tcr-breast-ssf1-vs,W71,弱染，ER 反應比例 71%,,,,,not-started,,,,Do not publish as ConceptMap until reviewed.
breast,SSF1,https://erichuang777777.github.io/TW-Breast-Cancer-FHIR-IG/CodeSystem/tcr-breast-ssf1,https://erichuang777777.github.io/TW-Breast-Cancer-FHIR-IG/ValueSet/tcr-breast-ssf1-vs,W72,弱染，ER 反應比例 72%,,,,,not-started,,,,Do not publish as ConceptMap until reviewed.
breast,SSF1,https://erichuang777777.github.io/TW-Breast-Cancer-FHIR-IG/CodeSystem/tcr-breast-ssf1,https://erichuang777777.github.io/TW-Breast-Cancer-FHIR-IG/ValueSet/tcr-breast-ssf1-vs,W73,弱染，ER 反應比例 73%,,,,,not-started,,,,Do not publish as ConceptMap until reviewed.
breast,SSF1,https://erichuang777777.github.io/TW-Breast-Cancer-FHIR-IG/CodeSystem/tcr-breast-ssf1,https://erichuang777777.github.io/TW-Breast-Cancer-FHIR-IG/ValueSet/tcr-breast-ssf1-vs,W74,弱染，ER 反應比例 74%,,,,,not-started,,,,Do not publish as ConceptMap until reviewed.
breast,SSF1,https://erichuang777777.github.io/TW-Breast-Cancer-FHIR-IG/CodeSystem/tcr-breast-ssf1,https://erichuang777777.github.io/TW-Breast-Cancer-FHIR-IG/ValueSet/tcr-breast-ssf1-vs,W75,弱染，ER 反應比例 75%,,,,,not-started,,,,Do not publish as ConceptMap until reviewed.
breast,SSF1,https://erichuang777777.github.io/TW-Breast-Cancer-FHIR-IG/CodeSystem/tcr-breast-ssf1,https://erichuang777777.github.io/TW-Breast-Cancer-FHIR-IG/ValueSet/tcr-breast-ssf1-vs,W76,弱染，ER 反應比例 76%,,,,,not-started,,,,Do not publish as ConceptMap until reviewed.
breast,SSF1,https://erichuang777777.github.io/TW-Breast-Cancer-FHIR-IG/CodeSystem/tcr-breast-ssf1,https://erichuang777777.github.io/TW-Breast-Cancer-FHIR-IG/ValueSet/tcr-breast-ssf1-vs,W77,弱染，ER 反應比例 77%,,,,,not-started,,,,Do not publish as ConceptMap until reviewed.
breast,SSF1,https://erichuang777777.github.io/TW-Breast-Cancer-FHIR-IG/CodeSystem/tcr-breast-ssf1,https://erichuang777777.github.io/TW-Breast-Cancer-FHIR-IG/ValueSet/tcr-breast-ssf1-vs,W78,弱染，ER 反應比例 78%,,,,,not-started,,,,Do not publish as ConceptMap until reviewed.
breast,SSF1,https://erichuang777777.github.io/TW-Breast-Cancer-FHIR-IG/CodeSystem/tcr-breast-ssf1,https://erichuang777777.github.io/TW-Breast-Cancer-FHIR-IG/ValueSet/tcr-breast-ssf1-vs,W79,弱染，ER 反應比例 79%,,,,,not-started,,,,Do not publish as ConceptMap until reviewed.
breast,SSF1,https://erichuang777777.github.io/TW-Breast-Cancer-FHIR-IG/CodeSystem/tcr-breast-ssf1,https://erichuang777777.github.io/TW-Breast-Cancer-FHIR-IG/ValueSet/tcr-breast-ssf1-vs,W80,弱染，ER 反應比例 80%,,,,,not-started,,,,Do not publish as ConceptMap until reviewed.
breast,SSF1,https://erichuang777777.github.io/TW-Breast-Cancer-FHIR-IG/CodeSystem/tcr-breast-ssf1,https://erichuang777777.github.io/TW-Breast-Cancer-FHIR-IG/ValueSet/tcr-breast-ssf1-vs,W81,弱染，ER 反應比例 81%,,,,,not-started,,,,Do not publish as ConceptMap until reviewed.
breast,SSF1,https://erichuang777777.github.io/TW-Breast-Cancer-FHIR-IG/CodeSystem/tcr-breast-ssf1,https://erichuang777777.github.io/TW-Breast-Cancer-FHIR-IG/ValueSet/tcr-breast-ssf1-vs,W82,弱染，ER 反應比例 82%,,,,,not-started,,,,Do not publish as ConceptMap until reviewed.
breast,SSF1,https://erichuang777777.github.io/TW-Breast-Cancer-FHIR-IG/CodeSystem/tcr-breast-ssf1,https://erichuang777777.github.io/TW-Breast-Cancer-FHIR-IG/ValueSet/tcr-breast-ssf1-vs,W83,弱染，ER 反應比例 83%,,,,,not-started,,,,Do not publish as ConceptMap until reviewed.
breast,SSF1,https://erichuang777777.github.io/TW-Breast-Cancer-FHIR-IG/CodeSystem/tcr-breast-ssf1,https://erichuang777777.github.io/TW-Breast-Cancer-FHIR-IG/ValueSet/tcr-breast-ssf1-vs,W84,弱染，ER 反應比例 84%,,,,,not-started,,,,Do not publish as ConceptMap until reviewed.
breast,SSF1,https://erichuang777777.github.io/TW-Breast-Cancer-FHIR-IG/CodeSystem/tcr-breast-ssf1,https://erichuang777777.github.io/TW-Breast-Cancer-FHIR-IG/ValueSet/tcr-breast-ssf1-vs,W85,弱染，ER 反應比例 85%,,,,,not-started,,,,Do not publish as ConceptMap until reviewed.
breast,SSF1,https://erichuang777777.github.io/TW-Breast-Cancer-FHIR-IG/CodeSystem/tcr-breast-ssf1,https://erichuang777777.github.io/TW-Breast-Cancer-FHIR-IG/ValueSet/tcr-breast-ssf1-vs,W86,弱染，ER 反應比例 86%,,,,,not-started,,,,Do not publish as ConceptMap until reviewed.
breast,SSF1,https://erichuang777777.github.io/TW-Breast-Cancer-FHIR-IG/CodeSystem/tcr-breast-ssf1,https://erichuang777777.github.io/TW-Breast-Cancer-FHIR-IG/ValueSet/tcr-breast-ssf1-vs,W87,弱染，ER 反應比例 87%,,,,,not-started,,,,Do not publish as ConceptMap until reviewed.
breast,SSF1,https://erichuang777777.github.io/TW-Breast-Cancer-FHIR-IG/CodeSystem/tcr-breast-ssf1,https://erichuang777777.github.io/TW-Breast-Cancer-FHIR-IG/ValueSet/tcr-breast-ssf1-vs,W88,弱染，ER 反應比例 88%,,,,,not-started,,,,Do not publish as ConceptMap until reviewed.
breast,SSF1,https://erichuang777777.github.io/TW-Breast-Cancer-FHIR-IG/CodeSystem/tcr-breast-ssf1,https://erichuang777777.github.io/TW-Breast-Cancer-FHIR-IG/ValueSet/tcr-breast-ssf1-vs,W89,弱染，ER 反應比例 89%,,,,,not-started,,,,Do not publish as ConceptMap until reviewed.
breast,SSF1,https://erichuang777777.github.io/TW-Breast-Cancer-FHIR-IG/CodeSystem/tcr-breast-ssf1,https://erichuang777777.github.io/TW-Breast-Cancer-FHIR-IG/ValueSet/tcr-breast-ssf1-vs,W90,弱染，ER 反應比例 90%,,,,,not-started,,,,Do not publish as ConceptMap until reviewed.
breast,SSF1,https://erichuang777777.github.io/TW-Breast-Cancer-FHIR-IG/CodeSystem/tcr-breast-ssf1,https://erichuang777777.github.io/TW-Breast-Cancer-FHIR-IG/ValueSet/tcr-breast-ssf1-vs,W91,弱染，ER 反應比例 91%,,,,,not-started,,,,Do not publish as ConceptMap until reviewed.
breast,SSF1,https://erichuang777777.github.io/TW-Breast-Cancer-FHIR-IG/CodeSystem/tcr-breast-ssf1,https://erichuang777777.github.io/TW-Breast-Cancer-FHIR-IG/ValueSet/tcr-breast-ssf1-vs,W92,弱染，ER 反應比例 92%,,,,,not-started,,,,Do not publish as ConceptMap until reviewed.
breast,SSF1,https://erichuang777777.github.io/TW-Breast-Cancer-FHIR-IG/CodeSystem/tcr-breast-ssf1,https://erichuang777777.github.io/TW-Breast-Cancer-FHIR-IG/ValueSet/tcr-breast-ssf1-vs,W93,弱染，ER 反應比例 93%,,,,,not-started,,,,Do not publish as ConceptMap until reviewed.
breast,SSF1,https://erichuang777777.github.io/TW-Breast-Cancer-FHIR-IG/CodeSystem/tcr-breast-ssf1,https://erichuang777777.github.io/TW-Breast-Cancer-FHIR-IG/ValueSet/tcr-breast-ssf1-vs,W94,弱染，ER 反應比例 94%,,,,,not-started,,,,Do not publish as ConceptMap until reviewed.
breast,SSF1,https://erichuang777777.github.io/TW-Breast-Cancer-FHIR-IG/CodeSystem/tcr-breast-ssf1,https://erichuang777777.github.io/TW-Breast-Cancer-FHIR-IG/ValueSet/tcr-breast-ssf1-vs,W95,弱染，ER 反應比例 95%,,,,,not-started,,,,Do not publish as ConceptMap until reviewed.
breast,SSF1,https://erichuang777777.github.io/TW-Breast-Cancer-FHIR-IG/CodeSystem/tcr-breast-ssf1,https://erichuang777777.github.io/TW-Breast-Cancer-FHIR-IG/ValueSet/tcr-breast-ssf1-vs,W96,弱染，ER 反應比例 96%,,,,,not-started,,,,Do not publish as ConceptMap until reviewed.
breast,SSF1,https://erichuang777777.github.io/TW-Breast-Cancer-FHIR-IG/CodeSystem/tcr-breast-ssf1,https://erichuang777777.github.io/TW-Breast-Cancer-FHIR-IG/ValueSet/tcr-breast-ssf1-vs,W97,弱染，ER 反應比例 97%,,,,,not-started,,,,Do not publish as ConceptMap until reviewed.
breast,SSF1,https://erichuang777777.github.io/TW-Breast-Cancer-FHIR-IG/CodeSystem/tcr-breast-ssf1,https://erichuang777777.github.io/TW-Breast-Cancer-FHIR-IG/ValueSet/tcr-breast-ssf1-vs,W98,弱染，ER 反應比例 98%,,,,,not-started,,,,Do not publish as ConceptMap until reviewed.
breast,SSF1,https://erichuang777777.github.io/TW-Breast-Cancer-FHIR-IG/CodeSystem/tcr-breast-ssf1,https://erichuang777777.github.io/TW-Breast-Cancer-FHIR-IG/ValueSet/tcr-breast-ssf1-vs,W99,弱染，ER 反應比例 99%,,,,,not-started,,,,Do not publish as ConceptMap until reviewed.
breast,SSF2,https://erichuang777777.github.io/TW-Breast-Cancer-FHIR-IG/CodeSystem/tcr-breast-ssf2,https://erichuang777777.github.io/TW-Breast-Cancer-FHIR-IG/ValueSet/tcr-breast-ssf2-vs,000,PR 0%,,,,,not-started,,,,Do not publish as ConceptMap until reviewed.
breast,SSF2,https://erichuang777777.github.io/TW-Breast-Cancer-FHIR-IG/CodeSystem/tcr-breast-ssf2,https://erichuang777777.github.io/TW-Breast-Cancer-FHIR-IG/ValueSet/tcr-breast-ssf2-vs,001,PR 反應比例 1%，但表現(染色)強度未明示,,,,,not-started,,,,Do not publish as ConceptMap until reviewed.
breast,SSF2,https://erichuang777777.github.io/TW-Breast-Cancer-FHIR-IG/CodeSystem/tcr-breast-ssf2,https://erichuang777777.github.io/TW-Breast-Cancer-FHIR-IG/ValueSet/tcr-breast-ssf2-vs,002,PR 反應比例 2%，但表現(染色)強度未明示,,,,,not-started,,,,Do not publish as ConceptMap until reviewed.
breast,SSF2,https://erichuang777777.github.io/TW-Breast-Cancer-FHIR-IG/CodeSystem/tcr-breast-ssf2,https://erichuang777777.github.io/TW-Breast-Cancer-FHIR-IG/ValueSet/tcr-breast-ssf2-vs,003,PR 反應比例 3%，但表現(染色)強度未明示,,,,,not-started,,,,Do not publish as ConceptMap until reviewed.
breast,SSF2,https://erichuang777777.github.io/TW-Breast-Cancer-FHIR-IG/CodeSystem/tcr-breast-ssf2,https://erichuang777777.github.io/TW-Breast-Cancer-FHIR-IG/ValueSet/tcr-breast-ssf2-vs,004,PR 反應比例 4%，但表現(染色)強度未明示,,,,,not-started,,,,Do not publish as ConceptMap until reviewed.
breast,SSF2,https://erichuang777777.github.io/TW-Breast-Cancer-FHIR-IG/CodeSystem/tcr-breast-ssf2,https://erichuang777777.github.io/TW-Breast-Cancer-FHIR-IG/ValueSet/tcr-breast-ssf2-vs,005,PR 反應比例 5%，但表現(染色)強度未明示,,,,,not-started,,,,Do not publish as ConceptMap until reviewed.
breast,SSF2,https://erichuang777777.github.io/TW-Breast-Cancer-FHIR-IG/CodeSystem/tcr-breast-ssf2,https://erichuang777777.github.io/TW-Breast-Cancer-FHIR-IG/ValueSet/tcr-breast-ssf2-vs,006,PR 反應比例 6%，但表現(染色)強度未明示,,,,,not-started,,,,Do not publish as ConceptMap until reviewed.
breast,SSF2,https://erichuang777777.github.io/TW-Breast-Cancer-FHIR-IG/CodeSystem/tcr-breast-ssf2,https://erichuang777777.github.io/TW-Breast-Cancer-FHIR-IG/ValueSet/tcr-breast-ssf2-vs,007,PR 反應比例 7%，但表現(染色)強度未明示,,,,,not-started,,,,Do not publish as ConceptMap until reviewed.
breast,SSF2,https://erichuang777777.github.io/TW-Breast-Cancer-FHIR-IG/CodeSystem/tcr-breast-ssf2,https://erichuang777777.github.io/TW-Breast-Cancer-FHIR-IG/ValueSet/tcr-breast-ssf2-vs,008,PR 反應比例 8%，但表現(染色)強度未明示,,,,,not-started,,,,Do not publish as ConceptMap until reviewed.
breast,SSF2,https://erichuang777777.github.io/TW-Breast-Cancer-FHIR-IG/CodeSystem/tcr-breast-ssf2,https://erichuang777777.github.io/TW-Breast-Cancer-FHIR-IG/ValueSet/tcr-breast-ssf2-vs,009,PR 反應比例 9%，但表現(染色)強度未明示,,,,,not-started,,,,Do not publish as ConceptMap until reviewed.
breast,SSF2,https://erichuang777777.github.io/TW-Breast-Cancer-FHIR-IG/CodeSystem/tcr-breast-ssf2,https://erichuang777777.github.io/TW-Breast-Cancer-FHIR-IG/ValueSet/tcr-breast-ssf2-vs,010,PR 反應比例 10%，但表現(染色)強度未明示,,,,,not-started,,,,Do not publish as ConceptMap until reviewed.
breast,SSF2,https://erichuang777777.github.io/TW-Breast-Cancer-FHIR-IG/CodeSystem/tcr-breast-ssf2,https://erichuang777777.github.io/TW-Breast-Cancer-FHIR-IG/ValueSet/tcr-breast-ssf2-vs,011,PR 反應比例 11%，但表現(染色)強度未明示,,,,,not-started,,,,Do not publish as ConceptMap until reviewed.
breast,SSF2,https://erichuang777777.github.io/TW-Breast-Cancer-FHIR-IG/CodeSystem/tcr-breast-ssf2,https://erichuang777777.github.io/TW-Breast-Cancer-FHIR-IG/ValueSet/tcr-breast-ssf2-vs,012,PR 反應比例 12%，但表現(染色)強度未明示,,,,,not-started,,,,Do not publish as ConceptMap until reviewed.
breast,SSF2,https://erichuang777777.github.io/TW-Breast-Cancer-FHIR-IG/CodeSystem/tcr-breast-ssf2,https://erichuang777777.github.io/TW-Breast-Cancer-FHIR-IG/ValueSet/tcr-breast-ssf2-vs,013,PR 反應比例 13%，但表現(染色)強度未明示,,,,,not-started,,,,Do not publish as ConceptMap until reviewed.
breast,SSF2,https://erichuang777777.github.io/TW-Breast-Cancer-FHIR-IG/CodeSystem/tcr-breast-ssf2,https://erichuang777777.github.io/TW-Breast-Cancer-FHIR-IG/ValueSet/tcr-breast-ssf2-vs,014,PR 反應比例 14%，但表現(染色)強度未明示,,,,,not-started,,,,Do not publish as ConceptMap until reviewed.
breast,SSF2,https://erichuang777777.github.io/TW-Breast-Cancer-FHIR-IG/CodeSystem/tcr-breast-ssf2,https://erichuang777777.github.io/TW-Breast-Cancer-FHIR-IG/ValueSet/tcr-breast-ssf2-vs,015,PR 反應比例 15%，但表現(染色)強度未明示,,,,,not-started,,,,Do not publish as ConceptMap until reviewed.
breast,SSF2,https://erichuang777777.github.io/TW-Breast-Cancer-FHIR-IG/CodeSystem/tcr-breast-ssf2,https://erichuang777777.github.io/TW-Breast-Cancer-FHIR-IG/ValueSet/tcr-breast-ssf2-vs,016,PR 反應比例 16%，但表現(染色)強度未明示,,,,,not-started,,,,Do not publish as ConceptMap until reviewed.
breast,SSF2,https://erichuang777777.github.io/TW-Breast-Cancer-FHIR-IG/CodeSystem/tcr-breast-ssf2,https://erichuang777777.github.io/TW-Breast-Cancer-FHIR-IG/ValueSet/tcr-breast-ssf2-vs,017,PR 反應比例 17%，但表現(染色)強度未明示,,,,,not-started,,,,Do not publish as ConceptMap until reviewed.
breast,SSF2,https://erichuang777777.github.io/TW-Breast-Cancer-FHIR-IG/CodeSystem/tcr-breast-ssf2,https://erichuang777777.github.io/TW-Breast-Cancer-FHIR-IG/ValueSet/tcr-breast-ssf2-vs,018,PR 反應比例 18%，但表現(染色)強度未明示,,,,,not-started,,,,Do not publish as ConceptMap until reviewed.
breast,SSF2,https://erichuang777777.github.io/TW-Breast-Cancer-FHIR-IG/CodeSystem/tcr-breast-ssf2,https://erichuang777777.github.io/TW-Breast-Cancer-FHIR-IG/ValueSet/tcr-breast-ssf2-vs,019,PR 反應比例 19%，但表現(染色)強度未明示,,,,,not-started,,,,Do not publish as ConceptMap until reviewed.
breast,SSF2,https://erichuang777777.github.io/TW-Breast-Cancer-FHIR-IG/CodeSystem/tcr-breast-ssf2,https://erichuang777777.github.io/TW-Breast-Cancer-FHIR-IG/ValueSet/tcr-breast-ssf2-vs,020,PR 反應比例 20%，但表現(染色)強度未明示,,,,,not-started,,,,Do not publish as ConceptMap until reviewed.
breast,SSF2,https://erichuang777777.github.io/TW-Breast-Cancer-FHIR-IG/CodeSystem/tcr-breast-ssf2,https://erichuang777777.github.io/TW-Breast-Cancer-FHIR-IG/ValueSet/tcr-breast-ssf2-vs,021,PR 反應比例 21%，但表現(染色)強度未明示,,,,,not-started,,,,Do not publish as ConceptMap until reviewed.
breast,SSF2,https://erichuang777777.github.io/TW-Breast-Cancer-FHIR-IG/CodeSystem/tcr-breast-ssf2,https://erichuang777777.github.io/TW-Breast-Cancer-FHIR-IG/ValueSet/tcr-breast-ssf2-vs,022,PR 反應比例 22%，但表現(染色)強度未明示,,,,,not-started,,,,Do not publish as ConceptMap until reviewed.
breast,SSF2,https://erichuang777777.github.io/TW-Breast-Cancer-FHIR-IG/CodeSystem/tcr-breast-ssf2,https://erichuang777777.github.io/TW-Breast-Cancer-FHIR-IG/ValueSet/tcr-breast-ssf2-vs,023,PR 反應比例 23%，但表現(染色)強度未明示,,,,,not-started,,,,Do not publish as ConceptMap until reviewed.
breast,SSF2,https://erichuang777777.github.io/TW-Breast-Cancer-FHIR-IG/CodeSystem/tcr-breast-ssf2,https://erichuang777777.github.io/TW-Breast-Cancer-FHIR-IG/ValueSet/tcr-breast-ssf2-vs,024,PR 反應比例 24%，但表現(染色)強度未明示,,,,,not-started,,,,Do not publish as ConceptMap until reviewed.
breast,SSF2,https://erichuang777777.github.io/TW-Breast-Cancer-FHIR-IG/CodeSystem/tcr-breast-ssf2,https://erichuang777777.github.io/TW-Breast-Cancer-FHIR-IG/ValueSet/tcr-breast-ssf2-vs,025,PR 反應比例 25%，但表現(染色)強度未明示,,,,,not-started,,,,Do not publish as ConceptMap until reviewed.
breast,SSF2,https://erichuang777777.github.io/TW-Breast-Cancer-FHIR-IG/CodeSystem/tcr-breast-ssf2,https://erichuang777777.github.io/TW-Breast-Cancer-FHIR-IG/ValueSet/tcr-breast-ssf2-vs,026,PR 反應比例 26%，但表現(染色)強度未明示,,,,,not-started,,,,Do not publish as ConceptMap until reviewed.
breast,SSF2,https://erichuang777777.github.io/TW-Breast-Cancer-FHIR-IG/CodeSystem/tcr-breast-ssf2,https://erichuang777777.github.io/TW-Breast-Cancer-FHIR-IG/ValueSet/tcr-breast-ssf2-vs,027,PR 反應比例 27%，但表現(染色)強度未明示,,,,,not-started,,,,Do not publish as ConceptMap until reviewed.
breast,SSF2,https://erichuang777777.github.io/TW-Breast-Cancer-FHIR-IG/CodeSystem/tcr-breast-ssf2,https://erichuang777777.github.io/TW-Breast-Cancer-FHIR-IG/ValueSet/tcr-breast-ssf2-vs,028,PR 反應比例 28%，但表現(染色)強度未明示,,,,,not-started,,,,Do not publish as ConceptMap until reviewed.
breast,SSF2,https://erichuang777777.github.io/TW-Breast-Cancer-FHIR-IG/CodeSystem/tcr-breast-ssf2,https://erichuang777777.github.io/TW-Breast-Cancer-FHIR-IG/ValueSet/tcr-breast-ssf2-vs,029,PR 反應比例 29%，但表現(染色)強度未明示,,,,,not-started,,,,Do not publish as ConceptMap until reviewed.
breast,SSF2,https://erichuang777777.github.io/TW-Breast-Cancer-FHIR-IG/CodeSystem/tcr-breast-ssf2,https://erichuang777777.github.io/TW-Breast-Cancer-FHIR-IG/ValueSet/tcr-breast-ssf2-vs,030,PR 反應比例 30%，但表現(染色)強度未明示,,,,,not-started,,,,Do not publish as ConceptMap until reviewed.
breast,SSF2,https://erichuang777777.github.io/TW-Breast-Cancer-FHIR-IG/CodeSystem/tcr-breast-ssf2,https://erichuang777777.github.io/TW-Breast-Cancer-FHIR-IG/ValueSet/tcr-breast-ssf2-vs,031,PR 反應比例 31%，但表現(染色)強度未明示,,,,,not-started,,,,Do not publish as ConceptMap until reviewed.
breast,SSF2,https://erichuang777777.github.io/TW-Breast-Cancer-FHIR-IG/CodeSystem/tcr-breast-ssf2,https://erichuang777777.github.io/TW-Breast-Cancer-FHIR-IG/ValueSet/tcr-breast-ssf2-vs,032,PR 反應比例 32%，但表現(染色)強度未明示,,,,,not-started,,,,Do not publish as ConceptMap until reviewed.
breast,SSF2,https://erichuang777777.github.io/TW-Breast-Cancer-FHIR-IG/CodeSystem/tcr-breast-ssf2,https://erichuang777777.github.io/TW-Breast-Cancer-FHIR-IG/ValueSet/tcr-breast-ssf2-vs,033,PR 反應比例 33%，但表現(染色)強度未明示,,,,,not-started,,,,Do not publish as ConceptMap until reviewed.
breast,SSF2,https://erichuang777777.github.io/TW-Breast-Cancer-FHIR-IG/CodeSystem/tcr-breast-ssf2,https://erichuang777777.github.io/TW-Breast-Cancer-FHIR-IG/ValueSet/tcr-breast-ssf2-vs,034,PR 反應比例 34%，但表現(染色)強度未明示,,,,,not-started,,,,Do not publish as ConceptMap until reviewed.
breast,SSF2,https://erichuang777777.github.io/TW-Breast-Cancer-FHIR-IG/CodeSystem/tcr-breast-ssf2,https://erichuang777777.github.io/TW-Breast-Cancer-FHIR-IG/ValueSet/tcr-breast-ssf2-vs,035,PR 反應比例 35%，但表現(染色)強度未明示,,,,,not-started,,,,Do not publish as ConceptMap until reviewed.
breast,SSF2,https://erichuang777777.github.io/TW-Breast-Cancer-FHIR-IG/CodeSystem/tcr-breast-ssf2,https://erichuang777777.github.io/TW-Breast-Cancer-FHIR-IG/ValueSet/tcr-breast-ssf2-vs,036,PR 反應比例 36%，但表現(染色)強度未明示,,,,,not-started,,,,Do not publish as ConceptMap until reviewed.
breast,SSF2,https://erichuang777777.github.io/TW-Breast-Cancer-FHIR-IG/CodeSystem/tcr-breast-ssf2,https://erichuang777777.github.io/TW-Breast-Cancer-FHIR-IG/ValueSet/tcr-breast-ssf2-vs,037,PR 反應比例 37%，但表現(染色)強度未明示,,,,,not-started,,,,Do not publish as ConceptMap until reviewed.
breast,SSF2,https://erichuang777777.github.io/TW-Breast-Cancer-FHIR-IG/CodeSystem/tcr-breast-ssf2,https://erichuang777777.github.io/TW-Breast-Cancer-FHIR-IG/ValueSet/tcr-breast-ssf2-vs,038,PR 反應比例 38%，但表現(染色)強度未明示,,,,,not-started,,,,Do not publish as ConceptMap until reviewed.
breast,SSF2,https://erichuang777777.github.io/TW-Breast-Cancer-FHIR-IG/CodeSystem/tcr-breast-ssf2,https://erichuang777777.github.io/TW-Breast-Cancer-FHIR-IG/ValueSet/tcr-breast-ssf2-vs,039,PR 反應比例 39%，但表現(染色)強度未明示,,,,,not-started,,,,Do not publish as ConceptMap until reviewed.
breast,SSF2,https://erichuang777777.github.io/TW-Breast-Cancer-FHIR-IG/CodeSystem/tcr-breast-ssf2,https://erichuang777777.github.io/TW-Breast-Cancer-FHIR-IG/ValueSet/tcr-breast-ssf2-vs,040,PR 反應比例 40%，但表現(染色)強度未明示,,,,,not-started,,,,Do not publish as ConceptMap until reviewed.
breast,SSF2,https://erichuang777777.github.io/TW-Breast-Cancer-FHIR-IG/CodeSystem/tcr-breast-ssf2,https://erichuang777777.github.io/TW-Breast-Cancer-FHIR-IG/ValueSet/tcr-breast-ssf2-vs,041,PR 反應比例 41%，但表現(染色)強度未明示,,,,,not-started,,,,Do not publish as ConceptMap until reviewed.
breast,SSF2,https://erichuang777777.github.io/TW-Breast-Cancer-FHIR-IG/CodeSystem/tcr-breast-ssf2,https://erichuang777777.github.io/TW-Breast-Cancer-FHIR-IG/ValueSet/tcr-breast-ssf2-vs,042,PR 反應比例 42%，但表現(染色)強度未明示,,,,,not-started,,,,Do not publish as ConceptMap until reviewed.
breast,SSF2,https://erichuang777777.github.io/TW-Breast-Cancer-FHIR-IG/CodeSystem/tcr-breast-ssf2,https://erichuang777777.github.io/TW-Breast-Cancer-FHIR-IG/ValueSet/tcr-breast-ssf2-vs,043,PR 反應比例 43%，但表現(染色)強度未明示,,,,,not-started,,,,Do not publish as ConceptMap until reviewed.
breast,SSF2,https://erichuang777777.github.io/TW-Breast-Cancer-FHIR-IG/CodeSystem/tcr-breast-ssf2,https://erichuang777777.github.io/TW-Breast-Cancer-FHIR-IG/ValueSet/tcr-breast-ssf2-vs,044,PR 反應比例 44%，但表現(染色)強度未明示,,,,,not-started,,,,Do not publish as ConceptMap until reviewed.
breast,SSF2,https://erichuang777777.github.io/TW-Breast-Cancer-FHIR-IG/CodeSystem/tcr-breast-ssf2,https://erichuang777777.github.io/TW-Breast-Cancer-FHIR-IG/ValueSet/tcr-breast-ssf2-vs,045,PR 反應比例 45%，但表現(染色)強度未明示,,,,,not-started,,,,Do not publish as ConceptMap until reviewed.
breast,SSF2,https://erichuang777777.github.io/TW-Breast-Cancer-FHIR-IG/CodeSystem/tcr-breast-ssf2,https://erichuang777777.github.io/TW-Breast-Cancer-FHIR-IG/ValueSet/tcr-breast-ssf2-vs,046,PR 反應比例 46%，但表現(染色)強度未明示,,,,,not-started,,,,Do not publish as ConceptMap until reviewed.
breast,SSF2,https://erichuang777777.github.io/TW-Breast-Cancer-FHIR-IG/CodeSystem/tcr-breast-ssf2,https://erichuang777777.github.io/TW-Breast-Cancer-FHIR-IG/ValueSet/tcr-breast-ssf2-vs,047,PR 反應比例 47%，但表現(染色)強度未明示,,,,,not-started,,,,Do not publish as ConceptMap until reviewed.
breast,SSF2,https://erichuang777777.github.io/TW-Breast-Cancer-FHIR-IG/CodeSystem/tcr-breast-ssf2,https://erichuang777777.github.io/TW-Breast-Cancer-FHIR-IG/ValueSet/tcr-breast-ssf2-vs,048,PR 反應比例 48%，但表現(染色)強度未明示,,,,,not-started,,,,Do not publish as ConceptMap until reviewed.
breast,SSF2,https://erichuang777777.github.io/TW-Breast-Cancer-FHIR-IG/CodeSystem/tcr-breast-ssf2,https://erichuang777777.github.io/TW-Breast-Cancer-FHIR-IG/ValueSet/tcr-breast-ssf2-vs,049,PR 反應比例 49%，但表現(染色)強度未明示,,,,,not-started,,,,Do not publish as ConceptMap until reviewed.
breast,SSF2,https://erichuang777777.github.io/TW-Breast-Cancer-FHIR-IG/CodeSystem/tcr-breast-ssf2,https://erichuang777777.github.io/TW-Breast-Cancer-FHIR-IG/ValueSet/tcr-breast-ssf2-vs,050,PR 反應比例 50%，但表現(染色)強度未明示,,,,,not-started,,,,Do not publish as ConceptMap until reviewed.
breast,SSF2,https://erichuang777777.github.io/TW-Breast-Cancer-FHIR-IG/CodeSystem/tcr-breast-ssf2,https://erichuang777777.github.io/TW-Breast-Cancer-FHIR-IG/ValueSet/tcr-breast-ssf2-vs,051,PR 反應比例 51%，但表現(染色)強度未明示,,,,,not-started,,,,Do not publish as ConceptMap until reviewed.
breast,SSF2,https://erichuang777777.github.io/TW-Breast-Cancer-FHIR-IG/CodeSystem/tcr-breast-ssf2,https://erichuang777777.github.io/TW-Breast-Cancer-FHIR-IG/ValueSet/tcr-breast-ssf2-vs,052,PR 反應比例 52%，但表現(染色)強度未明示,,,,,not-started,,,,Do not publish as ConceptMap until reviewed.
breast,SSF2,https://erichuang777777.github.io/TW-Breast-Cancer-FHIR-IG/CodeSystem/tcr-breast-ssf2,https://erichuang777777.github.io/TW-Breast-Cancer-FHIR-IG/ValueSet/tcr-breast-ssf2-vs,053,PR 反應比例 53%，但表現(染色)強度未明示,,,,,not-started,,,,Do not publish as ConceptMap until reviewed.
breast,SSF2,https://erichuang777777.github.io/TW-Breast-Cancer-FHIR-IG/CodeSystem/tcr-breast-ssf2,https://erichuang777777.github.io/TW-Breast-Cancer-FHIR-IG/ValueSet/tcr-breast-ssf2-vs,054,PR 反應比例 54%，但表現(染色)強度未明示,,,,,not-started,,,,Do not publish as ConceptMap until reviewed.
breast,SSF2,https://erichuang777777.github.io/TW-Breast-Cancer-FHIR-IG/CodeSystem/tcr-breast-ssf2,https://erichuang777777.github.io/TW-Breast-Cancer-FHIR-IG/ValueSet/tcr-breast-ssf2-vs,055,PR 反應比例 55%，但表現(染色)強度未明示,,,,,not-started,,,,Do not publish as ConceptMap until reviewed.
breast,SSF2,https://erichuang777777.github.io/TW-Breast-Cancer-FHIR-IG/CodeSystem/tcr-breast-ssf2,https://erichuang777777.github.io/TW-Breast-Cancer-FHIR-IG/ValueSet/tcr-breast-ssf2-vs,056,PR 反應比例 56%，但表現(染色)強度未明示,,,,,not-started,,,,Do not publish as ConceptMap until reviewed.
breast,SSF2,https://erichuang777777.github.io/TW-Breast-Cancer-FHIR-IG/CodeSystem/tcr-breast-ssf2,https://erichuang777777.github.io/TW-Breast-Cancer-FHIR-IG/ValueSet/tcr-breast-ssf2-vs,057,PR 反應比例 57%，但表現(染色)強度未明示,,,,,not-started,,,,Do not publish as ConceptMap until reviewed.
breast,SSF2,https://erichuang777777.github.io/TW-Breast-Cancer-FHIR-IG/CodeSystem/tcr-breast-ssf2,https://erichuang777777.github.io/TW-Breast-Cancer-FHIR-IG/ValueSet/tcr-breast-ssf2-vs,058,PR 反應比例 58%，但表現(染色)強度未明示,,,,,not-started,,,,Do not publish as ConceptMap until reviewed.
breast,SSF2,https://erichuang777777.github.io/TW-Breast-Cancer-FHIR-IG/CodeSystem/tcr-breast-ssf2,https://erichuang777777.github.io/TW-Breast-Cancer-FHIR-IG/ValueSet/tcr-breast-ssf2-vs,059,PR 反應比例 59%，但表現(染色)強度未明示,,,,,not-started,,,,Do not publish as ConceptMap until reviewed.
breast,SSF2,https://erichuang777777.github.io/TW-Breast-Cancer-FHIR-IG/CodeSystem/tcr-breast-ssf2,https://erichuang777777.github.io/TW-Breast-Cancer-FHIR-IG/ValueSet/tcr-breast-ssf2-vs,060,PR 反應比例 60%，但表現(染色)強度未明示,,,,,not-started,,,,Do not publish as ConceptMap until reviewed.
breast,SSF2,https://erichuang777777.github.io/TW-Breast-Cancer-FHIR-IG/CodeSystem/tcr-breast-ssf2,https://erichuang777777.github.io/TW-Breast-Cancer-FHIR-IG/ValueSet/tcr-breast-ssf2-vs,061,PR 反應比例 61%，但表現(染色)強度未明示,,,,,not-started,,,,Do not publish as ConceptMap until reviewed.
breast,SSF2,https://erichuang777777.github.io/TW-Breast-Cancer-FHIR-IG/CodeSystem/tcr-breast-ssf2,https://erichuang777777.github.io/TW-Breast-Cancer-FHIR-IG/ValueSet/tcr-breast-ssf2-vs,062,PR 反應比例 62%，但表現(染色)強度未明示,,,,,not-started,,,,Do not publish as ConceptMap until reviewed.
breast,SSF2,https://erichuang777777.github.io/TW-Breast-Cancer-FHIR-IG/CodeSystem/tcr-breast-ssf2,https://erichuang777777.github.io/TW-Breast-Cancer-FHIR-IG/ValueSet/tcr-breast-ssf2-vs,063,PR 反應比例 63%，但表現(染色)強度未明示,,,,,not-started,,,,Do not publish as ConceptMap until reviewed.
breast,SSF2,https://erichuang777777.github.io/TW-Breast-Cancer-FHIR-IG/CodeSystem/tcr-breast-ssf2,https://erichuang777777.github.io/TW-Breast-Cancer-FHIR-IG/ValueSet/tcr-breast-ssf2-vs,064,PR 反應比例 64%，但表現(染色)強度未明示,,,,,not-started,,,,Do not publish as ConceptMap until reviewed.
breast,SSF2,https://erichuang777777.github.io/TW-Breast-Cancer-FHIR-IG/CodeSystem/tcr-breast-ssf2,https://erichuang777777.github.io/TW-Breast-Cancer-FHIR-IG/ValueSet/tcr-breast-ssf2-vs,065,PR 反應比例 65%，但表現(染色)強度未明示,,,,,not-started,,,,Do not publish as ConceptMap until reviewed.
breast,SSF2,https://erichuang777777.github.io/TW-Breast-Cancer-FHIR-IG/CodeSystem/tcr-breast-ssf2,https://erichuang777777.github.io/TW-Breast-Cancer-FHIR-IG/ValueSet/tcr-breast-ssf2-vs,066,PR 反應比例 66%，但表現(染色)強度未明示,,,,,not-started,,,,Do not publish as ConceptMap until reviewed.
breast,SSF2,https://erichuang777777.github.io/TW-Breast-Cancer-FHIR-IG/CodeSystem/tcr-breast-ssf2,https://erichuang777777.github.io/TW-Breast-Cancer-FHIR-IG/ValueSet/tcr-breast-ssf2-vs,067,PR 反應比例 67%，但表現(染色)強度未明示,,,,,not-started,,,,Do not publish as ConceptMap until reviewed.
breast,SSF2,https://erichuang777777.github.io/TW-Breast-Cancer-FHIR-IG/CodeSystem/tcr-breast-ssf2,https://erichuang777777.github.io/TW-Breast-Cancer-FHIR-IG/ValueSet/tcr-breast-ssf2-vs,068,PR 反應比例 68%，但表現(染色)強度未明示,,,,,not-started,,,,Do not publish as ConceptMap until reviewed.
breast,SSF2,https://erichuang777777.github.io/TW-Breast-Cancer-FHIR-IG/CodeSystem/tcr-breast-ssf2,https://erichuang777777.github.io/TW-Breast-Cancer-FHIR-IG/ValueSet/tcr-breast-ssf2-vs,069,PR 反應比例 69%，但表現(染色)強度未明示,,,,,not-started,,,,Do not publish as ConceptMap until reviewed.
breast,SSF2,https://erichuang777777.github.io/TW-Breast-Cancer-FHIR-IG/CodeSystem/tcr-breast-ssf2,https://erichuang777777.github.io/TW-Breast-Cancer-FHIR-IG/ValueSet/tcr-breast-ssf2-vs,070,PR 反應比例 70%，但表現(染色)強度未明示,,,,,not-started,,,,Do not publish as ConceptMap until reviewed.
breast,SSF2,https://erichuang777777.github.io/TW-Breast-Cancer-FHIR-IG/CodeSystem/tcr-breast-ssf2,https://erichuang777777.github.io/TW-Breast-Cancer-FHIR-IG/ValueSet/tcr-breast-ssf2-vs,071,PR 反應比例 71%，但表現(染色)強度未明示,,,,,not-started,,,,Do not publish as ConceptMap until reviewed.
breast,SSF2,https://erichuang777777.github.io/TW-Breast-Cancer-FHIR-IG/CodeSystem/tcr-breast-ssf2,https://erichuang777777.github.io/TW-Breast-Cancer-FHIR-IG/ValueSet/tcr-breast-ssf2-vs,072,PR 反應比例 72%，但表現(染色)強度未明示,,,,,not-started,,,,Do not publish as ConceptMap until reviewed.
breast,SSF2,https://erichuang777777.github.io/TW-Breast-Cancer-FHIR-IG/CodeSystem/tcr-breast-ssf2,https://erichuang777777.github.io/TW-Breast-Cancer-FHIR-IG/ValueSet/tcr-breast-ssf2-vs,073,PR 反應比例 73%，但表現(染色)強度未明示,,,,,not-started,,,,Do not publish as ConceptMap until reviewed.
breast,SSF2,https://erichuang777777.github.io/TW-Breast-Cancer-FHIR-IG/CodeSystem/tcr-breast-ssf2,https://erichuang777777.github.io/TW-Breast-Cancer-FHIR-IG/ValueSet/tcr-breast-ssf2-vs,074,PR 反應比例 74%，但表現(染色)強度未明示,,,,,not-started,,,,Do not publish as ConceptMap until reviewed.
breast,SSF2,https://erichuang777777.github.io/TW-Breast-Cancer-FHIR-IG/CodeSystem/tcr-breast-ssf2,https://erichuang777777.github.io/TW-Breast-Cancer-FHIR-IG/ValueSet/tcr-breast-ssf2-vs,075,PR 反應比例 75%，但表現(染色)強度未明示,,,,,not-started,,,,Do not publish as ConceptMap until reviewed.
breast,SSF2,https://erichuang777777.github.io/TW-Breast-Cancer-FHIR-IG/CodeSystem/tcr-breast-ssf2,https://erichuang777777.github.io/TW-Breast-Cancer-FHIR-IG/ValueSet/tcr-breast-ssf2-vs,076,PR 反應比例 76%，但表現(染色)強度未明示,,,,,not-started,,,,Do not publish as ConceptMap until reviewed.
breast,SSF2,https://erichuang777777.github.io/TW-Breast-Cancer-FHIR-IG/CodeSystem/tcr-breast-ssf2,https://erichuang777777.github.io/TW-Breast-Cancer-FHIR-IG/ValueSet/tcr-breast-ssf2-vs,077,PR 反應比例 77%，但表現(染色)強度未明示,,,,,not-started,,,,Do not publish as ConceptMap until reviewed.
breast,SSF2,https://erichuang777777.github.io/TW-Breast-Cancer-FHIR-IG/CodeSystem/tcr-breast-ssf2,https://erichuang777777.github.io/TW-Breast-Cancer-FHIR-IG/ValueSet/tcr-breast-ssf2-vs,078,PR 反應比例 78%，但表現(染色)強度未明示,,,,,not-started,,,,Do not publish as ConceptMap until reviewed.
breast,SSF2,https://erichuang777777.github.io/TW-Breast-Cancer-FHIR-IG/CodeSystem/tcr-breast-ssf2,https://erichuang777777.github.io/TW-Breast-Cancer-FHIR-IG/ValueSet/tcr-breast-ssf2-vs,079,PR 反應比例 79%，但表現(染色)強度未明示,,,,,not-started,,,,Do not publish as ConceptMap until reviewed.
breast,SSF2,https://erichuang777777.github.io/TW-Breast-Cancer-FHIR-IG/CodeSystem/tcr-breast-ssf2,https://erichuang777777.github.io/TW-Breast-Cancer-FHIR-IG/ValueSet/tcr-breast-ssf2-vs,080,PR 反應比例 80%，但表現(染色)強度未明示,,,,,not-started,,,,Do not publish as ConceptMap until reviewed.
breast,SSF2,https://erichuang777777.github.io/TW-Breast-Cancer-FHIR-IG/CodeSystem/tcr-breast-ssf2,https://erichuang777777.github.io/TW-Breast-Cancer-FHIR-IG/ValueSet/tcr-breast-ssf2-vs,081,PR 反應比例 81%，但表現(染色)強度未明示,,,,,not-started,,,,Do not publish as ConceptMap until reviewed.
breast,SSF2,https://erichuang777777.github.io/TW-Breast-Cancer-FHIR-IG/CodeSystem/tcr-breast-ssf2,https://erichuang777777.github.io/TW-Breast-Cancer-FHIR-IG/ValueSet/tcr-breast-ssf2-vs,082,PR 反應比例 82%，但表現(染色)強度未明示,,,,,not-started,,,,Do not publish as ConceptMap until reviewed.
breast,SSF2,https://erichuang777777.github.io/TW-Breast-Cancer-FHIR-IG/CodeSystem/tcr-breast-ssf2,https://erichuang777777.github.io/TW-Breast-Cancer-FHIR-IG/ValueSet/tcr-breast-ssf2-vs,083,PR 反應比例 83%，但表現(染色)強度未明示,,,,,not-started,,,,Do not publish as ConceptMap until reviewed.
breast,SSF2,https://erichuang777777.github.io/TW-Breast-Cancer-FHIR-IG/CodeSystem/tcr-breast-ssf2,https://erichuang777777.github.io/TW-Breast-Cancer-FHIR-IG/ValueSet/tcr-breast-ssf2-vs,084,PR 反應比例 84%，但表現(染色)強度未明示,,,,,not-started,,,,Do not publish as ConceptMap until reviewed.
breast,SSF2,https://erichuang777777.github.io/TW-Breast-Cancer-FHIR-IG/CodeSystem/tcr-breast-ssf2,https://erichuang777777.github.io/TW-Breast-Cancer-FHIR-IG/ValueSet/tcr-breast-ssf2-vs,085,PR 反應比例 85%，但表現(染色)強度未明示,,,,,not-started,,,,Do not publish as ConceptMap until reviewed.
breast,SSF2,https://erichuang777777.github.io/TW-Breast-Cancer-FHIR-IG/CodeSystem/tcr-breast-ssf2,https://erichuang777777.github.io/TW-Breast-Cancer-FHIR-IG/ValueSet/tcr-breast-ssf2-vs,086,PR 反應比例 86%，但表現(染色)強度未明示,,,,,not-started,,,,Do not publish as ConceptMap until reviewed.
breast,SSF2,https://erichuang777777.github.io/TW-Breast-Cancer-FHIR-IG/CodeSystem/tcr-breast-ssf2,https://erichuang777777.github.io/TW-Breast-Cancer-FHIR-IG/ValueSet/tcr-breast-ssf2-vs,087,PR 反應比例 87%，但表現(染色)強度未明示,,,,,not-started,,,,Do not publish as ConceptMap until reviewed.
breast,SSF2,https://erichuang777777.github.io/TW-Breast-Cancer-FHIR-IG/CodeSystem/tcr-breast-ssf2,https://erichuang777777.github.io/TW-Breast-Cancer-FHIR-IG/ValueSet/tcr-breast-ssf2-vs,088,PR 反應比例 88%，但表現(染色)強度未明示,,,,,not-started,,,,Do not publish as ConceptMap until reviewed.
breast,SSF2,https://erichuang777777.github.io/TW-Breast-Cancer-FHIR-IG/CodeSystem/tcr-breast-ssf2,https://erichuang777777.github.io/TW-Breast-Cancer-FHIR-IG/ValueSet/tcr-breast-ssf2-vs,089,PR 反應比例 89%，但表現(染色)強度未明示,,,,,not-started,,,,Do not publish as ConceptMap until reviewed.
breast,SSF2,https://erichuang777777.github.io/TW-Breast-Cancer-FHIR-IG/CodeSystem/tcr-breast-ssf2,https://erichuang777777.github.io/TW-Breast-Cancer-FHIR-IG/ValueSet/tcr-breast-ssf2-vs,090,PR 反應比例 90%，但表現(染色)強度未明示,,,,,not-started,,,,Do not publish as ConceptMap until reviewed.
breast,SSF2,https://erichuang777777.github.io/TW-Breast-Cancer-FHIR-IG/CodeSystem/tcr-breast-ssf2,https://erichuang777777.github.io/TW-Breast-Cancer-FHIR-IG/ValueSet/tcr-breast-ssf2-vs,091,PR 反應比例 91%，但表現(染色)強度未明示,,,,,not-started,,,,Do not publish as ConceptMap until reviewed.
breast,SSF2,https://erichuang777777.github.io/TW-Breast-Cancer-FHIR-IG/CodeSystem/tcr-breast-ssf2,https://erichuang777777.github.io/TW-Breast-Cancer-FHIR-IG/ValueSet/tcr-breast-ssf2-vs,092,PR 反應比例 92%，但表現(染色)強度未明示,,,,,not-started,,,,Do not publish as ConceptMap until reviewed.
breast,SSF2,https://erichuang777777.github.io/TW-Breast-Cancer-FHIR-IG/CodeSystem/tcr-breast-ssf2,https://erichuang777777.github.io/TW-Breast-Cancer-FHIR-IG/ValueSet/tcr-breast-ssf2-vs,093,PR 反應比例 93%，但表現(染色)強度未明示,,,,,not-started,,,,Do not publish as ConceptMap until reviewed.
breast,SSF2,https://erichuang777777.github.io/TW-Breast-Cancer-FHIR-IG/CodeSystem/tcr-breast-ssf2,https://erichuang777777.github.io/TW-Breast-Cancer-FHIR-IG/ValueSet/tcr-breast-ssf2-vs,094,PR 反應比例 94%，但表現(染色)強度未明示,,,,,not-started,,,,Do not publish as ConceptMap until reviewed.
breast,SSF2,https://erichuang777777.github.io/TW-Breast-Cancer-FHIR-IG/CodeSystem/tcr-breast-ssf2,https://erichuang777777.github.io/TW-Breast-Cancer-FHIR-IG/ValueSet/tcr-breast-ssf2-vs,095,PR 反應比例 95%，但表現(染色)強度未明示,,,,,not-started,,,,Do not publish as ConceptMap until reviewed.
breast,SSF2,https://erichuang777777.github.io/TW-Breast-Cancer-FHIR-IG/CodeSystem/tcr-breast-ssf2,https://erichuang777777.github.io/TW-Breast-Cancer-FHIR-IG/ValueSet/tcr-breast-ssf2-vs,096,PR 反應比例 96%，但表現(染色)強度未明示,,,,,not-started,,,,Do not publish as ConceptMap until reviewed.
breast,SSF2,https://erichuang777777.github.io/TW-Breast-Cancer-FHIR-IG/CodeSystem/tcr-breast-ssf2,https://erichuang777777.github.io/TW-Breast-Cancer-FHIR-IG/ValueSet/tcr-breast-ssf2-vs,097,PR 反應比例 97%，但表現(染色)強度未明示,,,,,not-started,,,,Do not publish as ConceptMap until reviewed.
breast,SSF2,https://erichuang777777.github.io/TW-Breast-Cancer-FHIR-IG/CodeSystem/tcr-breast-ssf2,https://erichuang777777.github.io/TW-Breast-Cancer-FHIR-IG/ValueSet/tcr-breast-ssf2-vs,098,PR 反應比例 98%，但表現(染色)強度未明示,,,,,not-started,,,,Do not publish as ConceptMap until reviewed.
breast,SSF2,https://erichuang777777.github.io/TW-Breast-Cancer-FHIR-IG/CodeSystem/tcr-breast-ssf2,https://erichuang777777.github.io/TW-Breast-Cancer-FHIR-IG/ValueSet/tcr-breast-ssf2-vs,099,PR 反應比例 99%，但表現(染色)強度未明示,,,,,not-started,,,,Do not publish as ConceptMap until reviewed.
breast,SSF2,https://erichuang777777.github.io/TW-Breast-Cancer-FHIR-IG/CodeSystem/tcr-breast-ssf2,https://erichuang777777.github.io/TW-Breast-Cancer-FHIR-IG/ValueSet/tcr-breast-ssf2-vs,100,PR 反應比例 100%，但表現(染色)強度未明示,,,,,not-started,,,,Do not publish as ConceptMap until reviewed.
breast,SSF2,https://erichuang777777.github.io/TW-Breast-Cancer-FHIR-IG/CodeSystem/tcr-breast-ssf2,https://erichuang777777.github.io/TW-Breast-Cancer-FHIR-IG/ValueSet/tcr-breast-ssf2-vs,110,陽性，但比例不明；或 Allred score 僅描述 3-8 分，未明示 intensity 及 positive cell,,,,,not-started,,,,Do not publish as ConceptMap until reviewed.
breast,SSF2,https://erichuang777777.github.io/TW-Breast-Cancer-FHIR-IG/CodeSystem/tcr-breast-ssf2,https://erichuang777777.github.io/TW-Breast-Cancer-FHIR-IG/ValueSet/tcr-breast-ssf2-vs,111,僅有前導性治療後的數值且為陽性,,,,,not-started,,,,Do not publish as ConceptMap until reviewed.
breast,SSF2,https://erichuang777777.github.io/TW-Breast-Cancer-FHIR-IG/CodeSystem/tcr-breast-ssf2,https://erichuang777777.github.io/TW-Breast-Cancer-FHIR-IG/ValueSet/tcr-breast-ssf2-vs,120,陰性：反應比例 <1%（不論染色強度）、比例未明示、僅表示為 (-)，或 Allred score 僅描述 1-2 分,,,,,not-started,,,,Do not publish as ConceptMap until reviewed.
breast,SSF2,https://erichuang777777.github.io/TW-Breast-Cancer-FHIR-IG/CodeSystem/tcr-breast-ssf2,https://erichuang777777.github.io/TW-Breast-Cancer-FHIR-IG/ValueSet/tcr-breast-ssf2-vs,121,僅有前導性治療後的數值且為陰性,,,,,not-started,,,,Do not publish as ConceptMap until reviewed.
breast,SSF2,https://erichuang777777.github.io/TW-Breast-Cancer-FHIR-IG/CodeSystem/tcr-breast-ssf2,https://erichuang777777.github.io/TW-Breast-Cancer-FHIR-IG/ValueSet/tcr-breast-ssf2-vs,888,前導性治療後的數值由陰性轉為陽性,,,,,not-started,,,,Do not publish as ConceptMap until reviewed.
breast,SSF2,https://erichuang777777.github.io/TW-Breast-Cancer-FHIR-IG/CodeSystem/tcr-breast-ssf2,https://erichuang777777.github.io/TW-Breast-Cancer-FHIR-IG/ValueSet/tcr-breast-ssf2-vs,988,"不適用：以 Oncotype 進行檢測、Phyllodes tumor (M-9020)、Sarcoma (M-8800-8936, 8940-9136, 9141-9582)",,,,,not-started,,,,Do not publish as ConceptMap until reviewed.
breast,SSF2,https://erichuang777777.github.io/TW-Breast-Cancer-FHIR-IG/CodeSystem/tcr-breast-ssf2,https://erichuang777777.github.io/TW-Breast-Cancer-FHIR-IG/ValueSet/tcr-breast-ssf2-vs,999,不清楚檢測是否執行／病歷未記載／未檢驗,,,,,not-started,,,,Do not publish as ConceptMap until reviewed.
breast,SSF2,https://erichuang777777.github.io/TW-Breast-Cancer-FHIR-IG/CodeSystem/tcr-breast-ssf2,https://erichuang777777.github.io/TW-Breast-Cancer-FHIR-IG/ValueSet/tcr-breast-ssf2-vs,I00,中染，PR 反應比例 100%,,,,,not-started,,,,Do not publish as ConceptMap until reviewed.
breast,SSF2,https://erichuang777777.github.io/TW-Breast-Cancer-FHIR-IG/CodeSystem/tcr-breast-ssf2,https://erichuang777777.github.io/TW-Breast-Cancer-FHIR-IG/ValueSet/tcr-breast-ssf2-vs,I01,中染，PR 反應比例 1%,,,,,not-started,,,,Do not publish as ConceptMap until reviewed.
breast,SSF2,https://erichuang777777.github.io/TW-Breast-Cancer-FHIR-IG/CodeSystem/tcr-breast-ssf2,https://erichuang777777.github.io/TW-Breast-Cancer-FHIR-IG/ValueSet/tcr-breast-ssf2-vs,I02,中染，PR 反應比例 2%,,,,,not-started,,,,Do not publish as ConceptMap until reviewed.
breast,SSF2,https://erichuang777777.github.io/TW-Breast-Cancer-FHIR-IG/CodeSystem/tcr-breast-ssf2,https://erichuang777777.github.io/TW-Breast-Cancer-FHIR-IG/ValueSet/tcr-breast-ssf2-vs,I03,中染，PR 反應比例 3%,,,,,not-started,,,,Do not publish as ConceptMap until reviewed.
breast,SSF2,https://erichuang777777.github.io/TW-Breast-Cancer-FHIR-IG/CodeSystem/tcr-breast-ssf2,https://erichuang777777.github.io/TW-Breast-Cancer-FHIR-IG/ValueSet/tcr-breast-ssf2-vs,I04,中染，PR 反應比例 4%,,,,,not-started,,,,Do not publish as ConceptMap until reviewed.
breast,SSF2,https://erichuang777777.github.io/TW-Breast-Cancer-FHIR-IG/CodeSystem/tcr-breast-ssf2,https://erichuang777777.github.io/TW-Breast-Cancer-FHIR-IG/ValueSet/tcr-breast-ssf2-vs,I05,中染，PR 反應比例 5%,,,,,not-started,,,,Do not publish as ConceptMap until reviewed.
breast,SSF2,https://erichuang777777.github.io/TW-Breast-Cancer-FHIR-IG/CodeSystem/tcr-breast-ssf2,https://erichuang777777.github.io/TW-Breast-Cancer-FHIR-IG/ValueSet/tcr-breast-ssf2-vs,I06,中染，PR 反應比例 6%,,,,,not-started,,,,Do not publish as ConceptMap until reviewed.
breast,SSF2,https://erichuang777777.github.io/TW-Breast-Cancer-FHIR-IG/CodeSystem/tcr-breast-ssf2,https://erichuang777777.github.io/TW-Breast-Cancer-FHIR-IG/ValueSet/tcr-breast-ssf2-vs,I07,中染，PR 反應比例 7%,,,,,not-started,,,,Do not publish as ConceptMap until reviewed.
breast,SSF2,https://erichuang777777.github.io/TW-Breast-Cancer-FHIR-IG/CodeSystem/tcr-breast-ssf2,https://erichuang777777.github.io/TW-Breast-Cancer-FHIR-IG/ValueSet/tcr-breast-ssf2-vs,I08,中染，PR 反應比例 8%,,,,,not-started,,,,Do not publish as ConceptMap until reviewed.
breast,SSF2,https://erichuang777777.github.io/TW-Breast-Cancer-FHIR-IG/CodeSystem/tcr-breast-ssf2,https://erichuang777777.github.io/TW-Breast-Cancer-FHIR-IG/ValueSet/tcr-breast-ssf2-vs,I09,中染，PR 反應比例 9%,,,,,not-started,,,,Do not publish as ConceptMap until reviewed.
breast,SSF2,https://erichuang777777.github.io/TW-Breast-Cancer-FHIR-IG/CodeSystem/tcr-breast-ssf2,https://erichuang777777.github.io/TW-Breast-Cancer-FHIR-IG/ValueSet/tcr-breast-ssf2-vs,I10,中染，PR 反應比例 10%,,,,,not-started,,,,Do not publish as ConceptMap until reviewed.
breast,SSF2,https://erichuang777777.github.io/TW-Breast-Cancer-FHIR-IG/CodeSystem/tcr-breast-ssf2,https://erichuang777777.github.io/TW-Breast-Cancer-FHIR-IG/ValueSet/tcr-breast-ssf2-vs,I11,中染，PR 反應比例 11%,,,,,not-started,,,,Do not publish as ConceptMap until reviewed.
breast,SSF2,https://erichuang777777.github.io/TW-Breast-Cancer-FHIR-IG/CodeSystem/tcr-breast-ssf2,https://erichuang777777.github.io/TW-Breast-Cancer-FHIR-IG/ValueSet/tcr-breast-ssf2-vs,I12,中染，PR 反應比例 12%,,,,,not-started,,,,Do not publish as ConceptMap until reviewed.
breast,SSF2,https://erichuang777777.github.io/TW-Breast-Cancer-FHIR-IG/CodeSystem/tcr-breast-ssf2,https://erichuang777777.github.io/TW-Breast-Cancer-FHIR-IG/ValueSet/tcr-breast-ssf2-vs,I13,中染，PR 反應比例 13%,,,,,not-started,,,,Do not publish as ConceptMap until reviewed.
breast,SSF2,https://erichuang777777.github.io/TW-Breast-Cancer-FHIR-IG/CodeSystem/tcr-breast-ssf2,https://erichuang777777.github.io/TW-Breast-Cancer-FHIR-IG/ValueSet/tcr-breast-ssf2-vs,I14,中染，PR 反應比例 14%,,,,,not-started,,,,Do not publish as ConceptMap until reviewed.
breast,SSF2,https://erichuang777777.github.io/TW-Breast-Cancer-FHIR-IG/CodeSystem/tcr-breast-ssf2,https://erichuang777777.github.io/TW-Breast-Cancer-FHIR-IG/ValueSet/tcr-breast-ssf2-vs,I15,中染，PR 反應比例 15%,,,,,not-started,,,,Do not publish as ConceptMap until reviewed.
breast,SSF2,https://erichuang777777.github.io/TW-Breast-Cancer-FHIR-IG/CodeSystem/tcr-breast-ssf2,https://erichuang777777.github.io/TW-Breast-Cancer-FHIR-IG/ValueSet/tcr-breast-ssf2-vs,I16,中染，PR 反應比例 16%,,,,,not-started,,,,Do not publish as ConceptMap until reviewed.
breast,SSF2,https://erichuang777777.github.io/TW-Breast-Cancer-FHIR-IG/CodeSystem/tcr-breast-ssf2,https://erichuang777777.github.io/TW-Breast-Cancer-FHIR-IG/ValueSet/tcr-breast-ssf2-vs,I17,中染，PR 反應比例 17%,,,,,not-started,,,,Do not publish as ConceptMap until reviewed.
breast,SSF2,https://erichuang777777.github.io/TW-Breast-Cancer-FHIR-IG/CodeSystem/tcr-breast-ssf2,https://erichuang777777.github.io/TW-Breast-Cancer-FHIR-IG/ValueSet/tcr-breast-ssf2-vs,I18,中染，PR 反應比例 18%,,,,,not-started,,,,Do not publish as ConceptMap until reviewed.
breast,SSF2,https://erichuang777777.github.io/TW-Breast-Cancer-FHIR-IG/CodeSystem/tcr-breast-ssf2,https://erichuang777777.github.io/TW-Breast-Cancer-FHIR-IG/ValueSet/tcr-breast-ssf2-vs,I19,中染，PR 反應比例 19%,,,,,not-started,,,,Do not publish as ConceptMap until reviewed.
breast,SSF2,https://erichuang777777.github.io/TW-Breast-Cancer-FHIR-IG/CodeSystem/tcr-breast-ssf2,https://erichuang777777.github.io/TW-Breast-Cancer-FHIR-IG/ValueSet/tcr-breast-ssf2-vs,I20,中染，PR 反應比例 20%,,,,,not-started,,,,Do not publish as ConceptMap until reviewed.
breast,SSF2,https://erichuang777777.github.io/TW-Breast-Cancer-FHIR-IG/CodeSystem/tcr-breast-ssf2,https://erichuang777777.github.io/TW-Breast-Cancer-FHIR-IG/ValueSet/tcr-breast-ssf2-vs,I21,中染，PR 反應比例 21%,,,,,not-started,,,,Do not publish as ConceptMap until reviewed.
breast,SSF2,https://erichuang777777.github.io/TW-Breast-Cancer-FHIR-IG/CodeSystem/tcr-breast-ssf2,https://erichuang777777.github.io/TW-Breast-Cancer-FHIR-IG/ValueSet/tcr-breast-ssf2-vs,I22,中染，PR 反應比例 22%,,,,,not-started,,,,Do not publish as ConceptMap until reviewed.
breast,SSF2,https://erichuang777777.github.io/TW-Breast-Cancer-FHIR-IG/CodeSystem/tcr-breast-ssf2,https://erichuang777777.github.io/TW-Breast-Cancer-FHIR-IG/ValueSet/tcr-breast-ssf2-vs,I23,中染，PR 反應比例 23%,,,,,not-started,,,,Do not publish as ConceptMap until reviewed.
breast,SSF2,https://erichuang777777.github.io/TW-Breast-Cancer-FHIR-IG/CodeSystem/tcr-breast-ssf2,https://erichuang777777.github.io/TW-Breast-Cancer-FHIR-IG/ValueSet/tcr-breast-ssf2-vs,I24,中染，PR 反應比例 24%,,,,,not-started,,,,Do not publish as ConceptMap until reviewed.
breast,SSF2,https://erichuang777777.github.io/TW-Breast-Cancer-FHIR-IG/CodeSystem/tcr-breast-ssf2,https://erichuang777777.github.io/TW-Breast-Cancer-FHIR-IG/ValueSet/tcr-breast-ssf2-vs,I25,中染，PR 反應比例 25%,,,,,not-started,,,,Do not publish as ConceptMap until reviewed.
breast,SSF2,https://erichuang777777.github.io/TW-Breast-Cancer-FHIR-IG/CodeSystem/tcr-breast-ssf2,https://erichuang777777.github.io/TW-Breast-Cancer-FHIR-IG/ValueSet/tcr-breast-ssf2-vs,I26,中染，PR 反應比例 26%,,,,,not-started,,,,Do not publish as ConceptMap until reviewed.
breast,SSF2,https://erichuang777777.github.io/TW-Breast-Cancer-FHIR-IG/CodeSystem/tcr-breast-ssf2,https://erichuang777777.github.io/TW-Breast-Cancer-FHIR-IG/ValueSet/tcr-breast-ssf2-vs,I27,中染，PR 反應比例 27%,,,,,not-started,,,,Do not publish as ConceptMap until reviewed.
breast,SSF2,https://erichuang777777.github.io/TW-Breast-Cancer-FHIR-IG/CodeSystem/tcr-breast-ssf2,https://erichuang777777.github.io/TW-Breast-Cancer-FHIR-IG/ValueSet/tcr-breast-ssf2-vs,I28,中染，PR 反應比例 28%,,,,,not-started,,,,Do not publish as ConceptMap until reviewed.
breast,SSF2,https://erichuang777777.github.io/TW-Breast-Cancer-FHIR-IG/CodeSystem/tcr-breast-ssf2,https://erichuang777777.github.io/TW-Breast-Cancer-FHIR-IG/ValueSet/tcr-breast-ssf2-vs,I29,中染，PR 反應比例 29%,,,,,not-started,,,,Do not publish as ConceptMap until reviewed.
breast,SSF2,https://erichuang777777.github.io/TW-Breast-Cancer-FHIR-IG/CodeSystem/tcr-breast-ssf2,https://erichuang777777.github.io/TW-Breast-Cancer-FHIR-IG/ValueSet/tcr-breast-ssf2-vs,I30,中染，PR 反應比例 30%,,,,,not-started,,,,Do not publish as ConceptMap until reviewed.
breast,SSF2,https://erichuang777777.github.io/TW-Breast-Cancer-FHIR-IG/CodeSystem/tcr-breast-ssf2,https://erichuang777777.github.io/TW-Breast-Cancer-FHIR-IG/ValueSet/tcr-breast-ssf2-vs,I31,中染，PR 反應比例 31%,,,,,not-started,,,,Do not publish as ConceptMap until reviewed.
breast,SSF2,https://erichuang777777.github.io/TW-Breast-Cancer-FHIR-IG/CodeSystem/tcr-breast-ssf2,https://erichuang777777.github.io/TW-Breast-Cancer-FHIR-IG/ValueSet/tcr-breast-ssf2-vs,I32,中染，PR 反應比例 32%,,,,,not-started,,,,Do not publish as ConceptMap until reviewed.
breast,SSF2,https://erichuang777777.github.io/TW-Breast-Cancer-FHIR-IG/CodeSystem/tcr-breast-ssf2,https://erichuang777777.github.io/TW-Breast-Cancer-FHIR-IG/ValueSet/tcr-breast-ssf2-vs,I33,中染，PR 反應比例 33%,,,,,not-started,,,,Do not publish as ConceptMap until reviewed.
breast,SSF2,https://erichuang777777.github.io/TW-Breast-Cancer-FHIR-IG/CodeSystem/tcr-breast-ssf2,https://erichuang777777.github.io/TW-Breast-Cancer-FHIR-IG/ValueSet/tcr-breast-ssf2-vs,I34,中染，PR 反應比例 34%,,,,,not-started,,,,Do not publish as ConceptMap until reviewed.
breast,SSF2,https://erichuang777777.github.io/TW-Breast-Cancer-FHIR-IG/CodeSystem/tcr-breast-ssf2,https://erichuang777777.github.io/TW-Breast-Cancer-FHIR-IG/ValueSet/tcr-breast-ssf2-vs,I35,中染，PR 反應比例 35%,,,,,not-started,,,,Do not publish as ConceptMap until reviewed.
breast,SSF2,https://erichuang777777.github.io/TW-Breast-Cancer-FHIR-IG/CodeSystem/tcr-breast-ssf2,https://erichuang777777.github.io/TW-Breast-Cancer-FHIR-IG/ValueSet/tcr-breast-ssf2-vs,I36,中染，PR 反應比例 36%,,,,,not-started,,,,Do not publish as ConceptMap until reviewed.
breast,SSF2,https://erichuang777777.github.io/TW-Breast-Cancer-FHIR-IG/CodeSystem/tcr-breast-ssf2,https://erichuang777777.github.io/TW-Breast-Cancer-FHIR-IG/ValueSet/tcr-breast-ssf2-vs,I37,中染，PR 反應比例 37%,,,,,not-started,,,,Do not publish as ConceptMap until reviewed.
breast,SSF2,https://erichuang777777.github.io/TW-Breast-Cancer-FHIR-IG/CodeSystem/tcr-breast-ssf2,https://erichuang777777.github.io/TW-Breast-Cancer-FHIR-IG/ValueSet/tcr-breast-ssf2-vs,I38,中染，PR 反應比例 38%,,,,,not-started,,,,Do not publish as ConceptMap until reviewed.
breast,SSF2,https://erichuang777777.github.io/TW-Breast-Cancer-FHIR-IG/CodeSystem/tcr-breast-ssf2,https://erichuang777777.github.io/TW-Breast-Cancer-FHIR-IG/ValueSet/tcr-breast-ssf2-vs,I39,中染，PR 反應比例 39%,,,,,not-started,,,,Do not publish as ConceptMap until reviewed.
breast,SSF2,https://erichuang777777.github.io/TW-Breast-Cancer-FHIR-IG/CodeSystem/tcr-breast-ssf2,https://erichuang777777.github.io/TW-Breast-Cancer-FHIR-IG/ValueSet/tcr-breast-ssf2-vs,I40,中染，PR 反應比例 40%,,,,,not-started,,,,Do not publish as ConceptMap until reviewed.
breast,SSF2,https://erichuang777777.github.io/TW-Breast-Cancer-FHIR-IG/CodeSystem/tcr-breast-ssf2,https://erichuang777777.github.io/TW-Breast-Cancer-FHIR-IG/ValueSet/tcr-breast-ssf2-vs,I41,中染，PR 反應比例 41%,,,,,not-started,,,,Do not publish as ConceptMap until reviewed.
breast,SSF2,https://erichuang777777.github.io/TW-Breast-Cancer-FHIR-IG/CodeSystem/tcr-breast-ssf2,https://erichuang777777.github.io/TW-Breast-Cancer-FHIR-IG/ValueSet/tcr-breast-ssf2-vs,I42,中染，PR 反應比例 42%,,,,,not-started,,,,Do not publish as ConceptMap until reviewed.
breast,SSF2,https://erichuang777777.github.io/TW-Breast-Cancer-FHIR-IG/CodeSystem/tcr-breast-ssf2,https://erichuang777777.github.io/TW-Breast-Cancer-FHIR-IG/ValueSet/tcr-breast-ssf2-vs,I43,中染，PR 反應比例 43%,,,,,not-started,,,,Do not publish as ConceptMap until reviewed.
breast,SSF2,https://erichuang777777.github.io/TW-Breast-Cancer-FHIR-IG/CodeSystem/tcr-breast-ssf2,https://erichuang777777.github.io/TW-Breast-Cancer-FHIR-IG/ValueSet/tcr-breast-ssf2-vs,I44,中染，PR 反應比例 44%,,,,,not-started,,,,Do not publish as ConceptMap until reviewed.
breast,SSF2,https://erichuang777777.github.io/TW-Breast-Cancer-FHIR-IG/CodeSystem/tcr-breast-ssf2,https://erichuang777777.github.io/TW-Breast-Cancer-FHIR-IG/ValueSet/tcr-breast-ssf2-vs,I45,中染，PR 反應比例 45%,,,,,not-started,,,,Do not publish as ConceptMap until reviewed.
breast,SSF2,https://erichuang777777.github.io/TW-Breast-Cancer-FHIR-IG/CodeSystem/tcr-breast-ssf2,https://erichuang777777.github.io/TW-Breast-Cancer-FHIR-IG/ValueSet/tcr-breast-ssf2-vs,I46,中染，PR 反應比例 46%,,,,,not-started,,,,Do not publish as ConceptMap until reviewed.
breast,SSF2,https://erichuang777777.github.io/TW-Breast-Cancer-FHIR-IG/CodeSystem/tcr-breast-ssf2,https://erichuang777777.github.io/TW-Breast-Cancer-FHIR-IG/ValueSet/tcr-breast-ssf2-vs,I47,中染，PR 反應比例 47%,,,,,not-started,,,,Do not publish as ConceptMap until reviewed.
breast,SSF2,https://erichuang777777.github.io/TW-Breast-Cancer-FHIR-IG/CodeSystem/tcr-breast-ssf2,https://erichuang777777.github.io/TW-Breast-Cancer-FHIR-IG/ValueSet/tcr-breast-ssf2-vs,I48,中染，PR 反應比例 48%,,,,,not-started,,,,Do not publish as ConceptMap until reviewed.
breast,SSF2,https://erichuang777777.github.io/TW-Breast-Cancer-FHIR-IG/CodeSystem/tcr-breast-ssf2,https://erichuang777777.github.io/TW-Breast-Cancer-FHIR-IG/ValueSet/tcr-breast-ssf2-vs,I49,中染，PR 反應比例 49%,,,,,not-started,,,,Do not publish as ConceptMap until reviewed.
breast,SSF2,https://erichuang777777.github.io/TW-Breast-Cancer-FHIR-IG/CodeSystem/tcr-breast-ssf2,https://erichuang777777.github.io/TW-Breast-Cancer-FHIR-IG/ValueSet/tcr-breast-ssf2-vs,I50,中染，PR 反應比例 50%,,,,,not-started,,,,Do not publish as ConceptMap until reviewed.
breast,SSF2,https://erichuang777777.github.io/TW-Breast-Cancer-FHIR-IG/CodeSystem/tcr-breast-ssf2,https://erichuang777777.github.io/TW-Breast-Cancer-FHIR-IG/ValueSet/tcr-breast-ssf2-vs,I51,中染，PR 反應比例 51%,,,,,not-started,,,,Do not publish as ConceptMap until reviewed.
breast,SSF2,https://erichuang777777.github.io/TW-Breast-Cancer-FHIR-IG/CodeSystem/tcr-breast-ssf2,https://erichuang777777.github.io/TW-Breast-Cancer-FHIR-IG/ValueSet/tcr-breast-ssf2-vs,I52,中染，PR 反應比例 52%,,,,,not-started,,,,Do not publish as ConceptMap until reviewed.
breast,SSF2,https://erichuang777777.github.io/TW-Breast-Cancer-FHIR-IG/CodeSystem/tcr-breast-ssf2,https://erichuang777777.github.io/TW-Breast-Cancer-FHIR-IG/ValueSet/tcr-breast-ssf2-vs,I53,中染，PR 反應比例 53%,,,,,not-started,,,,Do not publish as ConceptMap until reviewed.
breast,SSF2,https://erichuang777777.github.io/TW-Breast-Cancer-FHIR-IG/CodeSystem/tcr-breast-ssf2,https://erichuang777777.github.io/TW-Breast-Cancer-FHIR-IG/ValueSet/tcr-breast-ssf2-vs,I54,中染，PR 反應比例 54%,,,,,not-started,,,,Do not publish as ConceptMap until reviewed.
breast,SSF2,https://erichuang777777.github.io/TW-Breast-Cancer-FHIR-IG/CodeSystem/tcr-breast-ssf2,https://erichuang777777.github.io/TW-Breast-Cancer-FHIR-IG/ValueSet/tcr-breast-ssf2-vs,I55,中染，PR 反應比例 55%,,,,,not-started,,,,Do not publish as ConceptMap until reviewed.
breast,SSF2,https://erichuang777777.github.io/TW-Breast-Cancer-FHIR-IG/CodeSystem/tcr-breast-ssf2,https://erichuang777777.github.io/TW-Breast-Cancer-FHIR-IG/ValueSet/tcr-breast-ssf2-vs,I56,中染，PR 反應比例 56%,,,,,not-started,,,,Do not publish as ConceptMap until reviewed.
breast,SSF2,https://erichuang777777.github.io/TW-Breast-Cancer-FHIR-IG/CodeSystem/tcr-breast-ssf2,https://erichuang777777.github.io/TW-Breast-Cancer-FHIR-IG/ValueSet/tcr-breast-ssf2-vs,I57,中染，PR 反應比例 57%,,,,,not-started,,,,Do not publish as ConceptMap until reviewed.
breast,SSF2,https://erichuang777777.github.io/TW-Breast-Cancer-FHIR-IG/CodeSystem/tcr-breast-ssf2,https://erichuang777777.github.io/TW-Breast-Cancer-FHIR-IG/ValueSet/tcr-breast-ssf2-vs,I58,中染，PR 反應比例 58%,,,,,not-started,,,,Do not publish as ConceptMap until reviewed.
breast,SSF2,https://erichuang777777.github.io/TW-Breast-Cancer-FHIR-IG/CodeSystem/tcr-breast-ssf2,https://erichuang777777.github.io/TW-Breast-Cancer-FHIR-IG/ValueSet/tcr-breast-ssf2-vs,I59,中染，PR 反應比例 59%,,,,,not-started,,,,Do not publish as ConceptMap until reviewed.
breast,SSF2,https://erichuang777777.github.io/TW-Breast-Cancer-FHIR-IG/CodeSystem/tcr-breast-ssf2,https://erichuang777777.github.io/TW-Breast-Cancer-FHIR-IG/ValueSet/tcr-breast-ssf2-vs,I60,中染，PR 反應比例 60%,,,,,not-started,,,,Do not publish as ConceptMap until reviewed.
breast,SSF2,https://erichuang777777.github.io/TW-Breast-Cancer-FHIR-IG/CodeSystem/tcr-breast-ssf2,https://erichuang777777.github.io/TW-Breast-Cancer-FHIR-IG/ValueSet/tcr-breast-ssf2-vs,I61,中染，PR 反應比例 61%,,,,,not-started,,,,Do not publish as ConceptMap until reviewed.
breast,SSF2,https://erichuang777777.github.io/TW-Breast-Cancer-FHIR-IG/CodeSystem/tcr-breast-ssf2,https://erichuang777777.github.io/TW-Breast-Cancer-FHIR-IG/ValueSet/tcr-breast-ssf2-vs,I62,中染，PR 反應比例 62%,,,,,not-started,,,,Do not publish as ConceptMap until reviewed.
breast,SSF2,https://erichuang777777.github.io/TW-Breast-Cancer-FHIR-IG/CodeSystem/tcr-breast-ssf2,https://erichuang777777.github.io/TW-Breast-Cancer-FHIR-IG/ValueSet/tcr-breast-ssf2-vs,I63,中染，PR 反應比例 63%,,,,,not-started,,,,Do not publish as ConceptMap until reviewed.
breast,SSF2,https://erichuang777777.github.io/TW-Breast-Cancer-FHIR-IG/CodeSystem/tcr-breast-ssf2,https://erichuang777777.github.io/TW-Breast-Cancer-FHIR-IG/ValueSet/tcr-breast-ssf2-vs,I64,中染，PR 反應比例 64%,,,,,not-started,,,,Do not publish as ConceptMap until reviewed.
breast,SSF2,https://erichuang777777.github.io/TW-Breast-Cancer-FHIR-IG/CodeSystem/tcr-breast-ssf2,https://erichuang777777.github.io/TW-Breast-Cancer-FHIR-IG/ValueSet/tcr-breast-ssf2-vs,I65,中染，PR 反應比例 65%,,,,,not-started,,,,Do not publish as ConceptMap until reviewed.
breast,SSF2,https://erichuang777777.github.io/TW-Breast-Cancer-FHIR-IG/CodeSystem/tcr-breast-ssf2,https://erichuang777777.github.io/TW-Breast-Cancer-FHIR-IG/ValueSet/tcr-breast-ssf2-vs,I66,中染，PR 反應比例 66%,,,,,not-started,,,,Do not publish as ConceptMap until reviewed.
breast,SSF2,https://erichuang777777.github.io/TW-Breast-Cancer-FHIR-IG/CodeSystem/tcr-breast-ssf2,https://erichuang777777.github.io/TW-Breast-Cancer-FHIR-IG/ValueSet/tcr-breast-ssf2-vs,I67,中染，PR 反應比例 67%,,,,,not-started,,,,Do not publish as ConceptMap until reviewed.
breast,SSF2,https://erichuang777777.github.io/TW-Breast-Cancer-FHIR-IG/CodeSystem/tcr-breast-ssf2,https://erichuang777777.github.io/TW-Breast-Cancer-FHIR-IG/ValueSet/tcr-breast-ssf2-vs,I68,中染，PR 反應比例 68%,,,,,not-started,,,,Do not publish as ConceptMap until reviewed.
breast,SSF2,https://erichuang777777.github.io/TW-Breast-Cancer-FHIR-IG/CodeSystem/tcr-breast-ssf2,https://erichuang777777.github.io/TW-Breast-Cancer-FHIR-IG/ValueSet/tcr-breast-ssf2-vs,I69,中染，PR 反應比例 69%,,,,,not-started,,,,Do not publish as ConceptMap until reviewed.
breast,SSF2,https://erichuang777777.github.io/TW-Breast-Cancer-FHIR-IG/CodeSystem/tcr-breast-ssf2,https://erichuang777777.github.io/TW-Breast-Cancer-FHIR-IG/ValueSet/tcr-breast-ssf2-vs,I70,中染，PR 反應比例 70%,,,,,not-started,,,,Do not publish as ConceptMap until reviewed.
breast,SSF2,https://erichuang777777.github.io/TW-Breast-Cancer-FHIR-IG/CodeSystem/tcr-breast-ssf2,https://erichuang777777.github.io/TW-Breast-Cancer-FHIR-IG/ValueSet/tcr-breast-ssf2-vs,I71,中染，PR 反應比例 71%,,,,,not-started,,,,Do not publish as ConceptMap until reviewed.
breast,SSF2,https://erichuang777777.github.io/TW-Breast-Cancer-FHIR-IG/CodeSystem/tcr-breast-ssf2,https://erichuang777777.github.io/TW-Breast-Cancer-FHIR-IG/ValueSet/tcr-breast-ssf2-vs,I72,中染，PR 反應比例 72%,,,,,not-started,,,,Do not publish as ConceptMap until reviewed.
breast,SSF2,https://erichuang777777.github.io/TW-Breast-Cancer-FHIR-IG/CodeSystem/tcr-breast-ssf2,https://erichuang777777.github.io/TW-Breast-Cancer-FHIR-IG/ValueSet/tcr-breast-ssf2-vs,I73,中染，PR 反應比例 73%,,,,,not-started,,,,Do not publish as ConceptMap until reviewed.
breast,SSF2,https://erichuang777777.github.io/TW-Breast-Cancer-FHIR-IG/CodeSystem/tcr-breast-ssf2,https://erichuang777777.github.io/TW-Breast-Cancer-FHIR-IG/ValueSet/tcr-breast-ssf2-vs,I74,中染，PR 反應比例 74%,,,,,not-started,,,,Do not publish as ConceptMap until reviewed.
breast,SSF2,https://erichuang777777.github.io/TW-Breast-Cancer-FHIR-IG/CodeSystem/tcr-breast-ssf2,https://erichuang777777.github.io/TW-Breast-Cancer-FHIR-IG/ValueSet/tcr-breast-ssf2-vs,I75,中染，PR 反應比例 75%,,,,,not-started,,,,Do not publish as ConceptMap until reviewed.
breast,SSF2,https://erichuang777777.github.io/TW-Breast-Cancer-FHIR-IG/CodeSystem/tcr-breast-ssf2,https://erichuang777777.github.io/TW-Breast-Cancer-FHIR-IG/ValueSet/tcr-breast-ssf2-vs,I76,中染，PR 反應比例 76%,,,,,not-started,,,,Do not publish as ConceptMap until reviewed.
breast,SSF2,https://erichuang777777.github.io/TW-Breast-Cancer-FHIR-IG/CodeSystem/tcr-breast-ssf2,https://erichuang777777.github.io/TW-Breast-Cancer-FHIR-IG/ValueSet/tcr-breast-ssf2-vs,I77,中染，PR 反應比例 77%,,,,,not-started,,,,Do not publish as ConceptMap until reviewed.
breast,SSF2,https://erichuang777777.github.io/TW-Breast-Cancer-FHIR-IG/CodeSystem/tcr-breast-ssf2,https://erichuang777777.github.io/TW-Breast-Cancer-FHIR-IG/ValueSet/tcr-breast-ssf2-vs,I78,中染，PR 反應比例 78%,,,,,not-started,,,,Do not publish as ConceptMap until reviewed.
breast,SSF2,https://erichuang777777.github.io/TW-Breast-Cancer-FHIR-IG/CodeSystem/tcr-breast-ssf2,https://erichuang777777.github.io/TW-Breast-Cancer-FHIR-IG/ValueSet/tcr-breast-ssf2-vs,I79,中染，PR 反應比例 79%,,,,,not-started,,,,Do not publish as ConceptMap until reviewed.
breast,SSF2,https://erichuang777777.github.io/TW-Breast-Cancer-FHIR-IG/CodeSystem/tcr-breast-ssf2,https://erichuang777777.github.io/TW-Breast-Cancer-FHIR-IG/ValueSet/tcr-breast-ssf2-vs,I80,中染，PR 反應比例 80%,,,,,not-started,,,,Do not publish as ConceptMap until reviewed.
breast,SSF2,https://erichuang777777.github.io/TW-Breast-Cancer-FHIR-IG/CodeSystem/tcr-breast-ssf2,https://erichuang777777.github.io/TW-Breast-Cancer-FHIR-IG/ValueSet/tcr-breast-ssf2-vs,I81,中染，PR 反應比例 81%,,,,,not-started,,,,Do not publish as ConceptMap until reviewed.
breast,SSF2,https://erichuang777777.github.io/TW-Breast-Cancer-FHIR-IG/CodeSystem/tcr-breast-ssf2,https://erichuang777777.github.io/TW-Breast-Cancer-FHIR-IG/ValueSet/tcr-breast-ssf2-vs,I82,中染，PR 反應比例 82%,,,,,not-started,,,,Do not publish as ConceptMap until reviewed.
breast,SSF2,https://erichuang777777.github.io/TW-Breast-Cancer-FHIR-IG/CodeSystem/tcr-breast-ssf2,https://erichuang777777.github.io/TW-Breast-Cancer-FHIR-IG/ValueSet/tcr-breast-ssf2-vs,I83,中染，PR 反應比例 83%,,,,,not-started,,,,Do not publish as ConceptMap until reviewed.
breast,SSF2,https://erichuang777777.github.io/TW-Breast-Cancer-FHIR-IG/CodeSystem/tcr-breast-ssf2,https://erichuang777777.github.io/TW-Breast-Cancer-FHIR-IG/ValueSet/tcr-breast-ssf2-vs,I84,中染，PR 反應比例 84%,,,,,not-started,,,,Do not publish as ConceptMap until reviewed.
breast,SSF2,https://erichuang777777.github.io/TW-Breast-Cancer-FHIR-IG/CodeSystem/tcr-breast-ssf2,https://erichuang777777.github.io/TW-Breast-Cancer-FHIR-IG/ValueSet/tcr-breast-ssf2-vs,I85,中染，PR 反應比例 85%,,,,,not-started,,,,Do not publish as ConceptMap until reviewed.
breast,SSF2,https://erichuang777777.github.io/TW-Breast-Cancer-FHIR-IG/CodeSystem/tcr-breast-ssf2,https://erichuang777777.github.io/TW-Breast-Cancer-FHIR-IG/ValueSet/tcr-breast-ssf2-vs,I86,中染，PR 反應比例 86%,,,,,not-started,,,,Do not publish as ConceptMap until reviewed.
breast,SSF2,https://erichuang777777.github.io/TW-Breast-Cancer-FHIR-IG/CodeSystem/tcr-breast-ssf2,https://erichuang777777.github.io/TW-Breast-Cancer-FHIR-IG/ValueSet/tcr-breast-ssf2-vs,I87,中染，PR 反應比例 87%,,,,,not-started,,,,Do not publish as ConceptMap until reviewed.
breast,SSF2,https://erichuang777777.github.io/TW-Breast-Cancer-FHIR-IG/CodeSystem/tcr-breast-ssf2,https://erichuang777777.github.io/TW-Breast-Cancer-FHIR-IG/ValueSet/tcr-breast-ssf2-vs,I88,中染，PR 反應比例 88%,,,,,not-started,,,,Do not publish as ConceptMap until reviewed.
breast,SSF2,https://erichuang777777.github.io/TW-Breast-Cancer-FHIR-IG/CodeSystem/tcr-breast-ssf2,https://erichuang777777.github.io/TW-Breast-Cancer-FHIR-IG/ValueSet/tcr-breast-ssf2-vs,I89,中染，PR 反應比例 89%,,,,,not-started,,,,Do not publish as ConceptMap until reviewed.
breast,SSF2,https://erichuang777777.github.io/TW-Breast-Cancer-FHIR-IG/CodeSystem/tcr-breast-ssf2,https://erichuang777777.github.io/TW-Breast-Cancer-FHIR-IG/ValueSet/tcr-breast-ssf2-vs,I90,中染，PR 反應比例 90%,,,,,not-started,,,,Do not publish as ConceptMap until reviewed.
breast,SSF2,https://erichuang777777.github.io/TW-Breast-Cancer-FHIR-IG/CodeSystem/tcr-breast-ssf2,https://erichuang777777.github.io/TW-Breast-Cancer-FHIR-IG/ValueSet/tcr-breast-ssf2-vs,I91,中染，PR 反應比例 91%,,,,,not-started,,,,Do not publish as ConceptMap until reviewed.
breast,SSF2,https://erichuang777777.github.io/TW-Breast-Cancer-FHIR-IG/CodeSystem/tcr-breast-ssf2,https://erichuang777777.github.io/TW-Breast-Cancer-FHIR-IG/ValueSet/tcr-breast-ssf2-vs,I92,中染，PR 反應比例 92%,,,,,not-started,,,,Do not publish as ConceptMap until reviewed.
breast,SSF2,https://erichuang777777.github.io/TW-Breast-Cancer-FHIR-IG/CodeSystem/tcr-breast-ssf2,https://erichuang777777.github.io/TW-Breast-Cancer-FHIR-IG/ValueSet/tcr-breast-ssf2-vs,I93,中染，PR 反應比例 93%,,,,,not-started,,,,Do not publish as ConceptMap until reviewed.
breast,SSF2,https://erichuang777777.github.io/TW-Breast-Cancer-FHIR-IG/CodeSystem/tcr-breast-ssf2,https://erichuang777777.github.io/TW-Breast-Cancer-FHIR-IG/ValueSet/tcr-breast-ssf2-vs,I94,中染，PR 反應比例 94%,,,,,not-started,,,,Do not publish as ConceptMap until reviewed.
breast,SSF2,https://erichuang777777.github.io/TW-Breast-Cancer-FHIR-IG/CodeSystem/tcr-breast-ssf2,https://erichuang777777.github.io/TW-Breast-Cancer-FHIR-IG/ValueSet/tcr-breast-ssf2-vs,I95,中染，PR 反應比例 95%,,,,,not-started,,,,Do not publish as ConceptMap until reviewed.
breast,SSF2,https://erichuang777777.github.io/TW-Breast-Cancer-FHIR-IG/CodeSystem/tcr-breast-ssf2,https://erichuang777777.github.io/TW-Breast-Cancer-FHIR-IG/ValueSet/tcr-breast-ssf2-vs,I96,中染，PR 反應比例 96%,,,,,not-started,,,,Do not publish as ConceptMap until reviewed.
breast,SSF2,https://erichuang777777.github.io/TW-Breast-Cancer-FHIR-IG/CodeSystem/tcr-breast-ssf2,https://erichuang777777.github.io/TW-Breast-Cancer-FHIR-IG/ValueSet/tcr-breast-ssf2-vs,I97,中染，PR 反應比例 97%,,,,,not-started,,,,Do not publish as ConceptMap until reviewed.
breast,SSF2,https://erichuang777777.github.io/TW-Breast-Cancer-FHIR-IG/CodeSystem/tcr-breast-ssf2,https://erichuang777777.github.io/TW-Breast-Cancer-FHIR-IG/ValueSet/tcr-breast-ssf2-vs,I98,中染，PR 反應比例 98%,,,,,not-started,,,,Do not publish as ConceptMap until reviewed.
breast,SSF2,https://erichuang777777.github.io/TW-Breast-Cancer-FHIR-IG/CodeSystem/tcr-breast-ssf2,https://erichuang777777.github.io/TW-Breast-Cancer-FHIR-IG/ValueSet/tcr-breast-ssf2-vs,I99,中染，PR 反應比例 99%,,,,,not-started,,,,Do not publish as ConceptMap until reviewed.
breast,SSF2,https://erichuang777777.github.io/TW-Breast-Cancer-FHIR-IG/CodeSystem/tcr-breast-ssf2,https://erichuang777777.github.io/TW-Breast-Cancer-FHIR-IG/ValueSet/tcr-breast-ssf2-vs,S00,強染，PR 反應比例 100%,,,,,not-started,,,,Do not publish as ConceptMap until reviewed.
breast,SSF2,https://erichuang777777.github.io/TW-Breast-Cancer-FHIR-IG/CodeSystem/tcr-breast-ssf2,https://erichuang777777.github.io/TW-Breast-Cancer-FHIR-IG/ValueSet/tcr-breast-ssf2-vs,S01,強染，PR 反應比例 1%,,,,,not-started,,,,Do not publish as ConceptMap until reviewed.
breast,SSF2,https://erichuang777777.github.io/TW-Breast-Cancer-FHIR-IG/CodeSystem/tcr-breast-ssf2,https://erichuang777777.github.io/TW-Breast-Cancer-FHIR-IG/ValueSet/tcr-breast-ssf2-vs,S02,強染，PR 反應比例 2%,,,,,not-started,,,,Do not publish as ConceptMap until reviewed.
breast,SSF2,https://erichuang777777.github.io/TW-Breast-Cancer-FHIR-IG/CodeSystem/tcr-breast-ssf2,https://erichuang777777.github.io/TW-Breast-Cancer-FHIR-IG/ValueSet/tcr-breast-ssf2-vs,S03,強染，PR 反應比例 3%,,,,,not-started,,,,Do not publish as ConceptMap until reviewed.
breast,SSF2,https://erichuang777777.github.io/TW-Breast-Cancer-FHIR-IG/CodeSystem/tcr-breast-ssf2,https://erichuang777777.github.io/TW-Breast-Cancer-FHIR-IG/ValueSet/tcr-breast-ssf2-vs,S04,強染，PR 反應比例 4%,,,,,not-started,,,,Do not publish as ConceptMap until reviewed.
breast,SSF2,https://erichuang777777.github.io/TW-Breast-Cancer-FHIR-IG/CodeSystem/tcr-breast-ssf2,https://erichuang777777.github.io/TW-Breast-Cancer-FHIR-IG/ValueSet/tcr-breast-ssf2-vs,S05,強染，PR 反應比例 5%,,,,,not-started,,,,Do not publish as ConceptMap until reviewed.
breast,SSF2,https://erichuang777777.github.io/TW-Breast-Cancer-FHIR-IG/CodeSystem/tcr-breast-ssf2,https://erichuang777777.github.io/TW-Breast-Cancer-FHIR-IG/ValueSet/tcr-breast-ssf2-vs,S06,強染，PR 反應比例 6%,,,,,not-started,,,,Do not publish as ConceptMap until reviewed.
breast,SSF2,https://erichuang777777.github.io/TW-Breast-Cancer-FHIR-IG/CodeSystem/tcr-breast-ssf2,https://erichuang777777.github.io/TW-Breast-Cancer-FHIR-IG/ValueSet/tcr-breast-ssf2-vs,S07,強染，PR 反應比例 7%,,,,,not-started,,,,Do not publish as ConceptMap until reviewed.
breast,SSF2,https://erichuang777777.github.io/TW-Breast-Cancer-FHIR-IG/CodeSystem/tcr-breast-ssf2,https://erichuang777777.github.io/TW-Breast-Cancer-FHIR-IG/ValueSet/tcr-breast-ssf2-vs,S08,強染，PR 反應比例 8%,,,,,not-started,,,,Do not publish as ConceptMap until reviewed.
breast,SSF2,https://erichuang777777.github.io/TW-Breast-Cancer-FHIR-IG/CodeSystem/tcr-breast-ssf2,https://erichuang777777.github.io/TW-Breast-Cancer-FHIR-IG/ValueSet/tcr-breast-ssf2-vs,S09,強染，PR 反應比例 9%,,,,,not-started,,,,Do not publish as ConceptMap until reviewed.
breast,SSF2,https://erichuang777777.github.io/TW-Breast-Cancer-FHIR-IG/CodeSystem/tcr-breast-ssf2,https://erichuang777777.github.io/TW-Breast-Cancer-FHIR-IG/ValueSet/tcr-breast-ssf2-vs,S10,強染，PR 反應比例 10%,,,,,not-started,,,,Do not publish as ConceptMap until reviewed.
breast,SSF2,https://erichuang777777.github.io/TW-Breast-Cancer-FHIR-IG/CodeSystem/tcr-breast-ssf2,https://erichuang777777.github.io/TW-Breast-Cancer-FHIR-IG/ValueSet/tcr-breast-ssf2-vs,S11,強染，PR 反應比例 11%,,,,,not-started,,,,Do not publish as ConceptMap until reviewed.
breast,SSF2,https://erichuang777777.github.io/TW-Breast-Cancer-FHIR-IG/CodeSystem/tcr-breast-ssf2,https://erichuang777777.github.io/TW-Breast-Cancer-FHIR-IG/ValueSet/tcr-breast-ssf2-vs,S12,強染，PR 反應比例 12%,,,,,not-started,,,,Do not publish as ConceptMap until reviewed.
breast,SSF2,https://erichuang777777.github.io/TW-Breast-Cancer-FHIR-IG/CodeSystem/tcr-breast-ssf2,https://erichuang777777.github.io/TW-Breast-Cancer-FHIR-IG/ValueSet/tcr-breast-ssf2-vs,S13,強染，PR 反應比例 13%,,,,,not-started,,,,Do not publish as ConceptMap until reviewed.
breast,SSF2,https://erichuang777777.github.io/TW-Breast-Cancer-FHIR-IG/CodeSystem/tcr-breast-ssf2,https://erichuang777777.github.io/TW-Breast-Cancer-FHIR-IG/ValueSet/tcr-breast-ssf2-vs,S14,強染，PR 反應比例 14%,,,,,not-started,,,,Do not publish as ConceptMap until reviewed.
breast,SSF2,https://erichuang777777.github.io/TW-Breast-Cancer-FHIR-IG/CodeSystem/tcr-breast-ssf2,https://erichuang777777.github.io/TW-Breast-Cancer-FHIR-IG/ValueSet/tcr-breast-ssf2-vs,S15,強染，PR 反應比例 15%,,,,,not-started,,,,Do not publish as ConceptMap until reviewed.
breast,SSF2,https://erichuang777777.github.io/TW-Breast-Cancer-FHIR-IG/CodeSystem/tcr-breast-ssf2,https://erichuang777777.github.io/TW-Breast-Cancer-FHIR-IG/ValueSet/tcr-breast-ssf2-vs,S16,強染，PR 反應比例 16%,,,,,not-started,,,,Do not publish as ConceptMap until reviewed.
breast,SSF2,https://erichuang777777.github.io/TW-Breast-Cancer-FHIR-IG/CodeSystem/tcr-breast-ssf2,https://erichuang777777.github.io/TW-Breast-Cancer-FHIR-IG/ValueSet/tcr-breast-ssf2-vs,S17,強染，PR 反應比例 17%,,,,,not-started,,,,Do not publish as ConceptMap until reviewed.
breast,SSF2,https://erichuang777777.github.io/TW-Breast-Cancer-FHIR-IG/CodeSystem/tcr-breast-ssf2,https://erichuang777777.github.io/TW-Breast-Cancer-FHIR-IG/ValueSet/tcr-breast-ssf2-vs,S18,強染，PR 反應比例 18%,,,,,not-started,,,,Do not publish as ConceptMap until reviewed.
breast,SSF2,https://erichuang777777.github.io/TW-Breast-Cancer-FHIR-IG/CodeSystem/tcr-breast-ssf2,https://erichuang777777.github.io/TW-Breast-Cancer-FHIR-IG/ValueSet/tcr-breast-ssf2-vs,S19,強染，PR 反應比例 19%,,,,,not-started,,,,Do not publish as ConceptMap until reviewed.
breast,SSF2,https://erichuang777777.github.io/TW-Breast-Cancer-FHIR-IG/CodeSystem/tcr-breast-ssf2,https://erichuang777777.github.io/TW-Breast-Cancer-FHIR-IG/ValueSet/tcr-breast-ssf2-vs,S20,強染，PR 反應比例 20%,,,,,not-started,,,,Do not publish as ConceptMap until reviewed.
breast,SSF2,https://erichuang777777.github.io/TW-Breast-Cancer-FHIR-IG/CodeSystem/tcr-breast-ssf2,https://erichuang777777.github.io/TW-Breast-Cancer-FHIR-IG/ValueSet/tcr-breast-ssf2-vs,S21,強染，PR 反應比例 21%,,,,,not-started,,,,Do not publish as ConceptMap until reviewed.
breast,SSF2,https://erichuang777777.github.io/TW-Breast-Cancer-FHIR-IG/CodeSystem/tcr-breast-ssf2,https://erichuang777777.github.io/TW-Breast-Cancer-FHIR-IG/ValueSet/tcr-breast-ssf2-vs,S22,強染，PR 反應比例 22%,,,,,not-started,,,,Do not publish as ConceptMap until reviewed.
breast,SSF2,https://erichuang777777.github.io/TW-Breast-Cancer-FHIR-IG/CodeSystem/tcr-breast-ssf2,https://erichuang777777.github.io/TW-Breast-Cancer-FHIR-IG/ValueSet/tcr-breast-ssf2-vs,S23,強染，PR 反應比例 23%,,,,,not-started,,,,Do not publish as ConceptMap until reviewed.
breast,SSF2,https://erichuang777777.github.io/TW-Breast-Cancer-FHIR-IG/CodeSystem/tcr-breast-ssf2,https://erichuang777777.github.io/TW-Breast-Cancer-FHIR-IG/ValueSet/tcr-breast-ssf2-vs,S24,強染，PR 反應比例 24%,,,,,not-started,,,,Do not publish as ConceptMap until reviewed.
breast,SSF2,https://erichuang777777.github.io/TW-Breast-Cancer-FHIR-IG/CodeSystem/tcr-breast-ssf2,https://erichuang777777.github.io/TW-Breast-Cancer-FHIR-IG/ValueSet/tcr-breast-ssf2-vs,S25,強染，PR 反應比例 25%,,,,,not-started,,,,Do not publish as ConceptMap until reviewed.
breast,SSF2,https://erichuang777777.github.io/TW-Breast-Cancer-FHIR-IG/CodeSystem/tcr-breast-ssf2,https://erichuang777777.github.io/TW-Breast-Cancer-FHIR-IG/ValueSet/tcr-breast-ssf2-vs,S26,強染，PR 反應比例 26%,,,,,not-started,,,,Do not publish as ConceptMap until reviewed.
breast,SSF2,https://erichuang777777.github.io/TW-Breast-Cancer-FHIR-IG/CodeSystem/tcr-breast-ssf2,https://erichuang777777.github.io/TW-Breast-Cancer-FHIR-IG/ValueSet/tcr-breast-ssf2-vs,S27,強染，PR 反應比例 27%,,,,,not-started,,,,Do not publish as ConceptMap until reviewed.
breast,SSF2,https://erichuang777777.github.io/TW-Breast-Cancer-FHIR-IG/CodeSystem/tcr-breast-ssf2,https://erichuang777777.github.io/TW-Breast-Cancer-FHIR-IG/ValueSet/tcr-breast-ssf2-vs,S28,強染，PR 反應比例 28%,,,,,not-started,,,,Do not publish as ConceptMap until reviewed.
breast,SSF2,https://erichuang777777.github.io/TW-Breast-Cancer-FHIR-IG/CodeSystem/tcr-breast-ssf2,https://erichuang777777.github.io/TW-Breast-Cancer-FHIR-IG/ValueSet/tcr-breast-ssf2-vs,S29,強染，PR 反應比例 29%,,,,,not-started,,,,Do not publish as ConceptMap until reviewed.
breast,SSF2,https://erichuang777777.github.io/TW-Breast-Cancer-FHIR-IG/CodeSystem/tcr-breast-ssf2,https://erichuang777777.github.io/TW-Breast-Cancer-FHIR-IG/ValueSet/tcr-breast-ssf2-vs,S30,強染，PR 反應比例 30%,,,,,not-started,,,,Do not publish as ConceptMap until reviewed.
breast,SSF2,https://erichuang777777.github.io/TW-Breast-Cancer-FHIR-IG/CodeSystem/tcr-breast-ssf2,https://erichuang777777.github.io/TW-Breast-Cancer-FHIR-IG/ValueSet/tcr-breast-ssf2-vs,S31,強染，PR 反應比例 31%,,,,,not-started,,,,Do not publish as ConceptMap until reviewed.
breast,SSF2,https://erichuang777777.github.io/TW-Breast-Cancer-FHIR-IG/CodeSystem/tcr-breast-ssf2,https://erichuang777777.github.io/TW-Breast-Cancer-FHIR-IG/ValueSet/tcr-breast-ssf2-vs,S32,強染，PR 反應比例 32%,,,,,not-started,,,,Do not publish as ConceptMap until reviewed.
breast,SSF2,https://erichuang777777.github.io/TW-Breast-Cancer-FHIR-IG/CodeSystem/tcr-breast-ssf2,https://erichuang777777.github.io/TW-Breast-Cancer-FHIR-IG/ValueSet/tcr-breast-ssf2-vs,S33,強染，PR 反應比例 33%,,,,,not-started,,,,Do not publish as ConceptMap until reviewed.
breast,SSF2,https://erichuang777777.github.io/TW-Breast-Cancer-FHIR-IG/CodeSystem/tcr-breast-ssf2,https://erichuang777777.github.io/TW-Breast-Cancer-FHIR-IG/ValueSet/tcr-breast-ssf2-vs,S34,強染，PR 反應比例 34%,,,,,not-started,,,,Do not publish as ConceptMap until reviewed.
breast,SSF2,https://erichuang777777.github.io/TW-Breast-Cancer-FHIR-IG/CodeSystem/tcr-breast-ssf2,https://erichuang777777.github.io/TW-Breast-Cancer-FHIR-IG/ValueSet/tcr-breast-ssf2-vs,S35,強染，PR 反應比例 35%,,,,,not-started,,,,Do not publish as ConceptMap until reviewed.
breast,SSF2,https://erichuang777777.github.io/TW-Breast-Cancer-FHIR-IG/CodeSystem/tcr-breast-ssf2,https://erichuang777777.github.io/TW-Breast-Cancer-FHIR-IG/ValueSet/tcr-breast-ssf2-vs,S36,強染，PR 反應比例 36%,,,,,not-started,,,,Do not publish as ConceptMap until reviewed.
breast,SSF2,https://erichuang777777.github.io/TW-Breast-Cancer-FHIR-IG/CodeSystem/tcr-breast-ssf2,https://erichuang777777.github.io/TW-Breast-Cancer-FHIR-IG/ValueSet/tcr-breast-ssf2-vs,S37,強染，PR 反應比例 37%,,,,,not-started,,,,Do not publish as ConceptMap until reviewed.
breast,SSF2,https://erichuang777777.github.io/TW-Breast-Cancer-FHIR-IG/CodeSystem/tcr-breast-ssf2,https://erichuang777777.github.io/TW-Breast-Cancer-FHIR-IG/ValueSet/tcr-breast-ssf2-vs,S38,強染，PR 反應比例 38%,,,,,not-started,,,,Do not publish as ConceptMap until reviewed.
breast,SSF2,https://erichuang777777.github.io/TW-Breast-Cancer-FHIR-IG/CodeSystem/tcr-breast-ssf2,https://erichuang777777.github.io/TW-Breast-Cancer-FHIR-IG/ValueSet/tcr-breast-ssf2-vs,S39,強染，PR 反應比例 39%,,,,,not-started,,,,Do not publish as ConceptMap until reviewed.
breast,SSF2,https://erichuang777777.github.io/TW-Breast-Cancer-FHIR-IG/CodeSystem/tcr-breast-ssf2,https://erichuang777777.github.io/TW-Breast-Cancer-FHIR-IG/ValueSet/tcr-breast-ssf2-vs,S40,強染，PR 反應比例 40%,,,,,not-started,,,,Do not publish as ConceptMap until reviewed.
breast,SSF2,https://erichuang777777.github.io/TW-Breast-Cancer-FHIR-IG/CodeSystem/tcr-breast-ssf2,https://erichuang777777.github.io/TW-Breast-Cancer-FHIR-IG/ValueSet/tcr-breast-ssf2-vs,S41,強染，PR 反應比例 41%,,,,,not-started,,,,Do not publish as ConceptMap until reviewed.
breast,SSF2,https://erichuang777777.github.io/TW-Breast-Cancer-FHIR-IG/CodeSystem/tcr-breast-ssf2,https://erichuang777777.github.io/TW-Breast-Cancer-FHIR-IG/ValueSet/tcr-breast-ssf2-vs,S42,強染，PR 反應比例 42%,,,,,not-started,,,,Do not publish as ConceptMap until reviewed.
breast,SSF2,https://erichuang777777.github.io/TW-Breast-Cancer-FHIR-IG/CodeSystem/tcr-breast-ssf2,https://erichuang777777.github.io/TW-Breast-Cancer-FHIR-IG/ValueSet/tcr-breast-ssf2-vs,S43,強染，PR 反應比例 43%,,,,,not-started,,,,Do not publish as ConceptMap until reviewed.
breast,SSF2,https://erichuang777777.github.io/TW-Breast-Cancer-FHIR-IG/CodeSystem/tcr-breast-ssf2,https://erichuang777777.github.io/TW-Breast-Cancer-FHIR-IG/ValueSet/tcr-breast-ssf2-vs,S44,強染，PR 反應比例 44%,,,,,not-started,,,,Do not publish as ConceptMap until reviewed.
breast,SSF2,https://erichuang777777.github.io/TW-Breast-Cancer-FHIR-IG/CodeSystem/tcr-breast-ssf2,https://erichuang777777.github.io/TW-Breast-Cancer-FHIR-IG/ValueSet/tcr-breast-ssf2-vs,S45,強染，PR 反應比例 45%,,,,,not-started,,,,Do not publish as ConceptMap until reviewed.
breast,SSF2,https://erichuang777777.github.io/TW-Breast-Cancer-FHIR-IG/CodeSystem/tcr-breast-ssf2,https://erichuang777777.github.io/TW-Breast-Cancer-FHIR-IG/ValueSet/tcr-breast-ssf2-vs,S46,強染，PR 反應比例 46%,,,,,not-started,,,,Do not publish as ConceptMap until reviewed.
breast,SSF2,https://erichuang777777.github.io/TW-Breast-Cancer-FHIR-IG/CodeSystem/tcr-breast-ssf2,https://erichuang777777.github.io/TW-Breast-Cancer-FHIR-IG/ValueSet/tcr-breast-ssf2-vs,S47,強染，PR 反應比例 47%,,,,,not-started,,,,Do not publish as ConceptMap until reviewed.
breast,SSF2,https://erichuang777777.github.io/TW-Breast-Cancer-FHIR-IG/CodeSystem/tcr-breast-ssf2,https://erichuang777777.github.io/TW-Breast-Cancer-FHIR-IG/ValueSet/tcr-breast-ssf2-vs,S48,強染，PR 反應比例 48%,,,,,not-started,,,,Do not publish as ConceptMap until reviewed.
breast,SSF2,https://erichuang777777.github.io/TW-Breast-Cancer-FHIR-IG/CodeSystem/tcr-breast-ssf2,https://erichuang777777.github.io/TW-Breast-Cancer-FHIR-IG/ValueSet/tcr-breast-ssf2-vs,S49,強染，PR 反應比例 49%,,,,,not-started,,,,Do not publish as ConceptMap until reviewed.
breast,SSF2,https://erichuang777777.github.io/TW-Breast-Cancer-FHIR-IG/CodeSystem/tcr-breast-ssf2,https://erichuang777777.github.io/TW-Breast-Cancer-FHIR-IG/ValueSet/tcr-breast-ssf2-vs,S50,強染，PR 反應比例 50%,,,,,not-started,,,,Do not publish as ConceptMap until reviewed.
breast,SSF2,https://erichuang777777.github.io/TW-Breast-Cancer-FHIR-IG/CodeSystem/tcr-breast-ssf2,https://erichuang777777.github.io/TW-Breast-Cancer-FHIR-IG/ValueSet/tcr-breast-ssf2-vs,S51,強染，PR 反應比例 51%,,,,,not-started,,,,Do not publish as ConceptMap until reviewed.
breast,SSF2,https://erichuang777777.github.io/TW-Breast-Cancer-FHIR-IG/CodeSystem/tcr-breast-ssf2,https://erichuang777777.github.io/TW-Breast-Cancer-FHIR-IG/ValueSet/tcr-breast-ssf2-vs,S52,強染，PR 反應比例 52%,,,,,not-started,,,,Do not publish as ConceptMap until reviewed.
breast,SSF2,https://erichuang777777.github.io/TW-Breast-Cancer-FHIR-IG/CodeSystem/tcr-breast-ssf2,https://erichuang777777.github.io/TW-Breast-Cancer-FHIR-IG/ValueSet/tcr-breast-ssf2-vs,S53,強染，PR 反應比例 53%,,,,,not-started,,,,Do not publish as ConceptMap until reviewed.
breast,SSF2,https://erichuang777777.github.io/TW-Breast-Cancer-FHIR-IG/CodeSystem/tcr-breast-ssf2,https://erichuang777777.github.io/TW-Breast-Cancer-FHIR-IG/ValueSet/tcr-breast-ssf2-vs,S54,強染，PR 反應比例 54%,,,,,not-started,,,,Do not publish as ConceptMap until reviewed.
breast,SSF2,https://erichuang777777.github.io/TW-Breast-Cancer-FHIR-IG/CodeSystem/tcr-breast-ssf2,https://erichuang777777.github.io/TW-Breast-Cancer-FHIR-IG/ValueSet/tcr-breast-ssf2-vs,S55,強染，PR 反應比例 55%,,,,,not-started,,,,Do not publish as ConceptMap until reviewed.
breast,SSF2,https://erichuang777777.github.io/TW-Breast-Cancer-FHIR-IG/CodeSystem/tcr-breast-ssf2,https://erichuang777777.github.io/TW-Breast-Cancer-FHIR-IG/ValueSet/tcr-breast-ssf2-vs,S56,強染，PR 反應比例 56%,,,,,not-started,,,,Do not publish as ConceptMap until reviewed.
breast,SSF2,https://erichuang777777.github.io/TW-Breast-Cancer-FHIR-IG/CodeSystem/tcr-breast-ssf2,https://erichuang777777.github.io/TW-Breast-Cancer-FHIR-IG/ValueSet/tcr-breast-ssf2-vs,S57,強染，PR 反應比例 57%,,,,,not-started,,,,Do not publish as ConceptMap until reviewed.
breast,SSF2,https://erichuang777777.github.io/TW-Breast-Cancer-FHIR-IG/CodeSystem/tcr-breast-ssf2,https://erichuang777777.github.io/TW-Breast-Cancer-FHIR-IG/ValueSet/tcr-breast-ssf2-vs,S58,強染，PR 反應比例 58%,,,,,not-started,,,,Do not publish as ConceptMap until reviewed.
breast,SSF2,https://erichuang777777.github.io/TW-Breast-Cancer-FHIR-IG/CodeSystem/tcr-breast-ssf2,https://erichuang777777.github.io/TW-Breast-Cancer-FHIR-IG/ValueSet/tcr-breast-ssf2-vs,S59,強染，PR 反應比例 59%,,,,,not-started,,,,Do not publish as ConceptMap until reviewed.
breast,SSF2,https://erichuang777777.github.io/TW-Breast-Cancer-FHIR-IG/CodeSystem/tcr-breast-ssf2,https://erichuang777777.github.io/TW-Breast-Cancer-FHIR-IG/ValueSet/tcr-breast-ssf2-vs,S60,強染，PR 反應比例 60%,,,,,not-started,,,,Do not publish as ConceptMap until reviewed.
breast,SSF2,https://erichuang777777.github.io/TW-Breast-Cancer-FHIR-IG/CodeSystem/tcr-breast-ssf2,https://erichuang777777.github.io/TW-Breast-Cancer-FHIR-IG/ValueSet/tcr-breast-ssf2-vs,S61,強染，PR 反應比例 61%,,,,,not-started,,,,Do not publish as ConceptMap until reviewed.
breast,SSF2,https://erichuang777777.github.io/TW-Breast-Cancer-FHIR-IG/CodeSystem/tcr-breast-ssf2,https://erichuang777777.github.io/TW-Breast-Cancer-FHIR-IG/ValueSet/tcr-breast-ssf2-vs,S62,強染，PR 反應比例 62%,,,,,not-started,,,,Do not publish as ConceptMap until reviewed.
breast,SSF2,https://erichuang777777.github.io/TW-Breast-Cancer-FHIR-IG/CodeSystem/tcr-breast-ssf2,https://erichuang777777.github.io/TW-Breast-Cancer-FHIR-IG/ValueSet/tcr-breast-ssf2-vs,S63,強染，PR 反應比例 63%,,,,,not-started,,,,Do not publish as ConceptMap until reviewed.
breast,SSF2,https://erichuang777777.github.io/TW-Breast-Cancer-FHIR-IG/CodeSystem/tcr-breast-ssf2,https://erichuang777777.github.io/TW-Breast-Cancer-FHIR-IG/ValueSet/tcr-breast-ssf2-vs,S64,強染，PR 反應比例 64%,,,,,not-started,,,,Do not publish as ConceptMap until reviewed.
breast,SSF2,https://erichuang777777.github.io/TW-Breast-Cancer-FHIR-IG/CodeSystem/tcr-breast-ssf2,https://erichuang777777.github.io/TW-Breast-Cancer-FHIR-IG/ValueSet/tcr-breast-ssf2-vs,S65,強染，PR 反應比例 65%,,,,,not-started,,,,Do not publish as ConceptMap until reviewed.
breast,SSF2,https://erichuang777777.github.io/TW-Breast-Cancer-FHIR-IG/CodeSystem/tcr-breast-ssf2,https://erichuang777777.github.io/TW-Breast-Cancer-FHIR-IG/ValueSet/tcr-breast-ssf2-vs,S66,強染，PR 反應比例 66%,,,,,not-started,,,,Do not publish as ConceptMap until reviewed.
breast,SSF2,https://erichuang777777.github.io/TW-Breast-Cancer-FHIR-IG/CodeSystem/tcr-breast-ssf2,https://erichuang777777.github.io/TW-Breast-Cancer-FHIR-IG/ValueSet/tcr-breast-ssf2-vs,S67,強染，PR 反應比例 67%,,,,,not-started,,,,Do not publish as ConceptMap until reviewed.
breast,SSF2,https://erichuang777777.github.io/TW-Breast-Cancer-FHIR-IG/CodeSystem/tcr-breast-ssf2,https://erichuang777777.github.io/TW-Breast-Cancer-FHIR-IG/ValueSet/tcr-breast-ssf2-vs,S68,強染，PR 反應比例 68%,,,,,not-started,,,,Do not publish as ConceptMap until reviewed.
breast,SSF2,https://erichuang777777.github.io/TW-Breast-Cancer-FHIR-IG/CodeSystem/tcr-breast-ssf2,https://erichuang777777.github.io/TW-Breast-Cancer-FHIR-IG/ValueSet/tcr-breast-ssf2-vs,S69,強染，PR 反應比例 69%,,,,,not-started,,,,Do not publish as ConceptMap until reviewed.
breast,SSF2,https://erichuang777777.github.io/TW-Breast-Cancer-FHIR-IG/CodeSystem/tcr-breast-ssf2,https://erichuang777777.github.io/TW-Breast-Cancer-FHIR-IG/ValueSet/tcr-breast-ssf2-vs,S70,強染，PR 反應比例 70%,,,,,not-started,,,,Do not publish as ConceptMap until reviewed.
breast,SSF2,https://erichuang777777.github.io/TW-Breast-Cancer-FHIR-IG/CodeSystem/tcr-breast-ssf2,https://erichuang777777.github.io/TW-Breast-Cancer-FHIR-IG/ValueSet/tcr-breast-ssf2-vs,S71,強染，PR 反應比例 71%,,,,,not-started,,,,Do not publish as ConceptMap until reviewed.
breast,SSF2,https://erichuang777777.github.io/TW-Breast-Cancer-FHIR-IG/CodeSystem/tcr-breast-ssf2,https://erichuang777777.github.io/TW-Breast-Cancer-FHIR-IG/ValueSet/tcr-breast-ssf2-vs,S72,強染，PR 反應比例 72%,,,,,not-started,,,,Do not publish as ConceptMap until reviewed.
breast,SSF2,https://erichuang777777.github.io/TW-Breast-Cancer-FHIR-IG/CodeSystem/tcr-breast-ssf2,https://erichuang777777.github.io/TW-Breast-Cancer-FHIR-IG/ValueSet/tcr-breast-ssf2-vs,S73,強染，PR 反應比例 73%,,,,,not-started,,,,Do not publish as ConceptMap until reviewed.
breast,SSF2,https://erichuang777777.github.io/TW-Breast-Cancer-FHIR-IG/CodeSystem/tcr-breast-ssf2,https://erichuang777777.github.io/TW-Breast-Cancer-FHIR-IG/ValueSet/tcr-breast-ssf2-vs,S74,強染，PR 反應比例 74%,,,,,not-started,,,,Do not publish as ConceptMap until reviewed.
breast,SSF2,https://erichuang777777.github.io/TW-Breast-Cancer-FHIR-IG/CodeSystem/tcr-breast-ssf2,https://erichuang777777.github.io/TW-Breast-Cancer-FHIR-IG/ValueSet/tcr-breast-ssf2-vs,S75,強染，PR 反應比例 75%,,,,,not-started,,,,Do not publish as ConceptMap until reviewed.
breast,SSF2,https://erichuang777777.github.io/TW-Breast-Cancer-FHIR-IG/CodeSystem/tcr-breast-ssf2,https://erichuang777777.github.io/TW-Breast-Cancer-FHIR-IG/ValueSet/tcr-breast-ssf2-vs,S76,強染，PR 反應比例 76%,,,,,not-started,,,,Do not publish as ConceptMap until reviewed.
breast,SSF2,https://erichuang777777.github.io/TW-Breast-Cancer-FHIR-IG/CodeSystem/tcr-breast-ssf2,https://erichuang777777.github.io/TW-Breast-Cancer-FHIR-IG/ValueSet/tcr-breast-ssf2-vs,S77,強染，PR 反應比例 77%,,,,,not-started,,,,Do not publish as ConceptMap until reviewed.
breast,SSF2,https://erichuang777777.github.io/TW-Breast-Cancer-FHIR-IG/CodeSystem/tcr-breast-ssf2,https://erichuang777777.github.io/TW-Breast-Cancer-FHIR-IG/ValueSet/tcr-breast-ssf2-vs,S78,強染，PR 反應比例 78%,,,,,not-started,,,,Do not publish as ConceptMap until reviewed.
breast,SSF2,https://erichuang777777.github.io/TW-Breast-Cancer-FHIR-IG/CodeSystem/tcr-breast-ssf2,https://erichuang777777.github.io/TW-Breast-Cancer-FHIR-IG/ValueSet/tcr-breast-ssf2-vs,S79,強染，PR 反應比例 79%,,,,,not-started,,,,Do not publish as ConceptMap until reviewed.
breast,SSF2,https://erichuang777777.github.io/TW-Breast-Cancer-FHIR-IG/CodeSystem/tcr-breast-ssf2,https://erichuang777777.github.io/TW-Breast-Cancer-FHIR-IG/ValueSet/tcr-breast-ssf2-vs,S80,強染，PR 反應比例 80%,,,,,not-started,,,,Do not publish as ConceptMap until reviewed.
breast,SSF2,https://erichuang777777.github.io/TW-Breast-Cancer-FHIR-IG/CodeSystem/tcr-breast-ssf2,https://erichuang777777.github.io/TW-Breast-Cancer-FHIR-IG/ValueSet/tcr-breast-ssf2-vs,S81,強染，PR 反應比例 81%,,,,,not-started,,,,Do not publish as ConceptMap until reviewed.
breast,SSF2,https://erichuang777777.github.io/TW-Breast-Cancer-FHIR-IG/CodeSystem/tcr-breast-ssf2,https://erichuang777777.github.io/TW-Breast-Cancer-FHIR-IG/ValueSet/tcr-breast-ssf2-vs,S82,強染，PR 反應比例 82%,,,,,not-started,,,,Do not publish as ConceptMap until reviewed.
breast,SSF2,https://erichuang777777.github.io/TW-Breast-Cancer-FHIR-IG/CodeSystem/tcr-breast-ssf2,https://erichuang777777.github.io/TW-Breast-Cancer-FHIR-IG/ValueSet/tcr-breast-ssf2-vs,S83,強染，PR 反應比例 83%,,,,,not-started,,,,Do not publish as ConceptMap until reviewed.
breast,SSF2,https://erichuang777777.github.io/TW-Breast-Cancer-FHIR-IG/CodeSystem/tcr-breast-ssf2,https://erichuang777777.github.io/TW-Breast-Cancer-FHIR-IG/ValueSet/tcr-breast-ssf2-vs,S84,強染，PR 反應比例 84%,,,,,not-started,,,,Do not publish as ConceptMap until reviewed.
breast,SSF2,https://erichuang777777.github.io/TW-Breast-Cancer-FHIR-IG/CodeSystem/tcr-breast-ssf2,https://erichuang777777.github.io/TW-Breast-Cancer-FHIR-IG/ValueSet/tcr-breast-ssf2-vs,S85,強染，PR 反應比例 85%,,,,,not-started,,,,Do not publish as ConceptMap until reviewed.
breast,SSF2,https://erichuang777777.github.io/TW-Breast-Cancer-FHIR-IG/CodeSystem/tcr-breast-ssf2,https://erichuang777777.github.io/TW-Breast-Cancer-FHIR-IG/ValueSet/tcr-breast-ssf2-vs,S86,強染，PR 反應比例 86%,,,,,not-started,,,,Do not publish as ConceptMap until reviewed.
breast,SSF2,https://erichuang777777.github.io/TW-Breast-Cancer-FHIR-IG/CodeSystem/tcr-breast-ssf2,https://erichuang777777.github.io/TW-Breast-Cancer-FHIR-IG/ValueSet/tcr-breast-ssf2-vs,S87,強染，PR 反應比例 87%,,,,,not-started,,,,Do not publish as ConceptMap until reviewed.
breast,SSF2,https://erichuang777777.github.io/TW-Breast-Cancer-FHIR-IG/CodeSystem/tcr-breast-ssf2,https://erichuang777777.github.io/TW-Breast-Cancer-FHIR-IG/ValueSet/tcr-breast-ssf2-vs,S88,強染，PR 反應比例 88%,,,,,not-started,,,,Do not publish as ConceptMap until reviewed.
breast,SSF2,https://erichuang777777.github.io/TW-Breast-Cancer-FHIR-IG/CodeSystem/tcr-breast-ssf2,https://erichuang777777.github.io/TW-Breast-Cancer-FHIR-IG/ValueSet/tcr-breast-ssf2-vs,S89,強染，PR 反應比例 89%,,,,,not-started,,,,Do not publish as ConceptMap until reviewed.
breast,SSF2,https://erichuang777777.github.io/TW-Breast-Cancer-FHIR-IG/CodeSystem/tcr-breast-ssf2,https://erichuang777777.github.io/TW-Breast-Cancer-FHIR-IG/ValueSet/tcr-breast-ssf2-vs,S90,強染，PR 反應比例 90%,,,,,not-started,,,,Do not publish as ConceptMap until reviewed.
breast,SSF2,https://erichuang777777.github.io/TW-Breast-Cancer-FHIR-IG/CodeSystem/tcr-breast-ssf2,https://erichuang777777.github.io/TW-Breast-Cancer-FHIR-IG/ValueSet/tcr-breast-ssf2-vs,S91,強染，PR 反應比例 91%,,,,,not-started,,,,Do not publish as ConceptMap until reviewed.
breast,SSF2,https://erichuang777777.github.io/TW-Breast-Cancer-FHIR-IG/CodeSystem/tcr-breast-ssf2,https://erichuang777777.github.io/TW-Breast-Cancer-FHIR-IG/ValueSet/tcr-breast-ssf2-vs,S92,強染，PR 反應比例 92%,,,,,not-started,,,,Do not publish as ConceptMap until reviewed.
breast,SSF2,https://erichuang777777.github.io/TW-Breast-Cancer-FHIR-IG/CodeSystem/tcr-breast-ssf2,https://erichuang777777.github.io/TW-Breast-Cancer-FHIR-IG/ValueSet/tcr-breast-ssf2-vs,S93,強染，PR 反應比例 93%,,,,,not-started,,,,Do not publish as ConceptMap until reviewed.
breast,SSF2,https://erichuang777777.github.io/TW-Breast-Cancer-FHIR-IG/CodeSystem/tcr-breast-ssf2,https://erichuang777777.github.io/TW-Breast-Cancer-FHIR-IG/ValueSet/tcr-breast-ssf2-vs,S94,強染，PR 反應比例 94%,,,,,not-started,,,,Do not publish as ConceptMap until reviewed.
breast,SSF2,https://erichuang777777.github.io/TW-Breast-Cancer-FHIR-IG/CodeSystem/tcr-breast-ssf2,https://erichuang777777.github.io/TW-Breast-Cancer-FHIR-IG/ValueSet/tcr-breast-ssf2-vs,S95,強染，PR 反應比例 95%,,,,,not-started,,,,Do not publish as ConceptMap until reviewed.
breast,SSF2,https://erichuang777777.github.io/TW-Breast-Cancer-FHIR-IG/CodeSystem/tcr-breast-ssf2,https://erichuang777777.github.io/TW-Breast-Cancer-FHIR-IG/ValueSet/tcr-breast-ssf2-vs,S96,強染，PR 反應比例 96%,,,,,not-started,,,,Do not publish as ConceptMap until reviewed.
breast,SSF2,https://erichuang777777.github.io/TW-Breast-Cancer-FHIR-IG/CodeSystem/tcr-breast-ssf2,https://erichuang777777.github.io/TW-Breast-Cancer-FHIR-IG/ValueSet/tcr-breast-ssf2-vs,S97,強染，PR 反應比例 97%,,,,,not-started,,,,Do not publish as ConceptMap until reviewed.
breast,SSF2,https://erichuang777777.github.io/TW-Breast-Cancer-FHIR-IG/CodeSystem/tcr-breast-ssf2,https://erichuang777777.github.io/TW-Breast-Cancer-FHIR-IG/ValueSet/tcr-breast-ssf2-vs,S98,強染，PR 反應比例 98%,,,,,not-started,,,,Do not publish as ConceptMap until reviewed.
breast,SSF2,https://erichuang777777.github.io/TW-Breast-Cancer-FHIR-IG/CodeSystem/tcr-breast-ssf2,https://erichuang777777.github.io/TW-Breast-Cancer-FHIR-IG/ValueSet/tcr-breast-ssf2-vs,S99,強染，PR 反應比例 99%,,,,,not-started,,,,Do not publish as ConceptMap until reviewed.
breast,SSF2,https://erichuang777777.github.io/TW-Breast-Cancer-FHIR-IG/CodeSystem/tcr-breast-ssf2,https://erichuang777777.github.io/TW-Breast-Cancer-FHIR-IG/ValueSet/tcr-breast-ssf2-vs,W00,弱染，PR 反應比例 100%,,,,,not-started,,,,Do not publish as ConceptMap until reviewed.
breast,SSF2,https://erichuang777777.github.io/TW-Breast-Cancer-FHIR-IG/CodeSystem/tcr-breast-ssf2,https://erichuang777777.github.io/TW-Breast-Cancer-FHIR-IG/ValueSet/tcr-breast-ssf2-vs,W01,弱染，PR 反應比例 1%,,,,,not-started,,,,Do not publish as ConceptMap until reviewed.
breast,SSF2,https://erichuang777777.github.io/TW-Breast-Cancer-FHIR-IG/CodeSystem/tcr-breast-ssf2,https://erichuang777777.github.io/TW-Breast-Cancer-FHIR-IG/ValueSet/tcr-breast-ssf2-vs,W02,弱染，PR 反應比例 2%,,,,,not-started,,,,Do not publish as ConceptMap until reviewed.
breast,SSF2,https://erichuang777777.github.io/TW-Breast-Cancer-FHIR-IG/CodeSystem/tcr-breast-ssf2,https://erichuang777777.github.io/TW-Breast-Cancer-FHIR-IG/ValueSet/tcr-breast-ssf2-vs,W03,弱染，PR 反應比例 3%,,,,,not-started,,,,Do not publish as ConceptMap until reviewed.
breast,SSF2,https://erichuang777777.github.io/TW-Breast-Cancer-FHIR-IG/CodeSystem/tcr-breast-ssf2,https://erichuang777777.github.io/TW-Breast-Cancer-FHIR-IG/ValueSet/tcr-breast-ssf2-vs,W04,弱染，PR 反應比例 4%,,,,,not-started,,,,Do not publish as ConceptMap until reviewed.
breast,SSF2,https://erichuang777777.github.io/TW-Breast-Cancer-FHIR-IG/CodeSystem/tcr-breast-ssf2,https://erichuang777777.github.io/TW-Breast-Cancer-FHIR-IG/ValueSet/tcr-breast-ssf2-vs,W05,弱染，PR 反應比例 5%,,,,,not-started,,,,Do not publish as ConceptMap until reviewed.
breast,SSF2,https://erichuang777777.github.io/TW-Breast-Cancer-FHIR-IG/CodeSystem/tcr-breast-ssf2,https://erichuang777777.github.io/TW-Breast-Cancer-FHIR-IG/ValueSet/tcr-breast-ssf2-vs,W06,弱染，PR 反應比例 6%,,,,,not-started,,,,Do not publish as ConceptMap until reviewed.
breast,SSF2,https://erichuang777777.github.io/TW-Breast-Cancer-FHIR-IG/CodeSystem/tcr-breast-ssf2,https://erichuang777777.github.io/TW-Breast-Cancer-FHIR-IG/ValueSet/tcr-breast-ssf2-vs,W07,弱染，PR 反應比例 7%,,,,,not-started,,,,Do not publish as ConceptMap until reviewed.
breast,SSF2,https://erichuang777777.github.io/TW-Breast-Cancer-FHIR-IG/CodeSystem/tcr-breast-ssf2,https://erichuang777777.github.io/TW-Breast-Cancer-FHIR-IG/ValueSet/tcr-breast-ssf2-vs,W08,弱染，PR 反應比例 8%,,,,,not-started,,,,Do not publish as ConceptMap until reviewed.
breast,SSF2,https://erichuang777777.github.io/TW-Breast-Cancer-FHIR-IG/CodeSystem/tcr-breast-ssf2,https://erichuang777777.github.io/TW-Breast-Cancer-FHIR-IG/ValueSet/tcr-breast-ssf2-vs,W09,弱染，PR 反應比例 9%,,,,,not-started,,,,Do not publish as ConceptMap until reviewed.
breast,SSF2,https://erichuang777777.github.io/TW-Breast-Cancer-FHIR-IG/CodeSystem/tcr-breast-ssf2,https://erichuang777777.github.io/TW-Breast-Cancer-FHIR-IG/ValueSet/tcr-breast-ssf2-vs,W10,弱染，PR 反應比例 10%,,,,,not-started,,,,Do not publish as ConceptMap until reviewed.
breast,SSF2,https://erichuang777777.github.io/TW-Breast-Cancer-FHIR-IG/CodeSystem/tcr-breast-ssf2,https://erichuang777777.github.io/TW-Breast-Cancer-FHIR-IG/ValueSet/tcr-breast-ssf2-vs,W11,弱染，PR 反應比例 11%,,,,,not-started,,,,Do not publish as ConceptMap until reviewed.
breast,SSF2,https://erichuang777777.github.io/TW-Breast-Cancer-FHIR-IG/CodeSystem/tcr-breast-ssf2,https://erichuang777777.github.io/TW-Breast-Cancer-FHIR-IG/ValueSet/tcr-breast-ssf2-vs,W12,弱染，PR 反應比例 12%,,,,,not-started,,,,Do not publish as ConceptMap until reviewed.
breast,SSF2,https://erichuang777777.github.io/TW-Breast-Cancer-FHIR-IG/CodeSystem/tcr-breast-ssf2,https://erichuang777777.github.io/TW-Breast-Cancer-FHIR-IG/ValueSet/tcr-breast-ssf2-vs,W13,弱染，PR 反應比例 13%,,,,,not-started,,,,Do not publish as ConceptMap until reviewed.
breast,SSF2,https://erichuang777777.github.io/TW-Breast-Cancer-FHIR-IG/CodeSystem/tcr-breast-ssf2,https://erichuang777777.github.io/TW-Breast-Cancer-FHIR-IG/ValueSet/tcr-breast-ssf2-vs,W14,弱染，PR 反應比例 14%,,,,,not-started,,,,Do not publish as ConceptMap until reviewed.
breast,SSF2,https://erichuang777777.github.io/TW-Breast-Cancer-FHIR-IG/CodeSystem/tcr-breast-ssf2,https://erichuang777777.github.io/TW-Breast-Cancer-FHIR-IG/ValueSet/tcr-breast-ssf2-vs,W15,弱染，PR 反應比例 15%,,,,,not-started,,,,Do not publish as ConceptMap until reviewed.
breast,SSF2,https://erichuang777777.github.io/TW-Breast-Cancer-FHIR-IG/CodeSystem/tcr-breast-ssf2,https://erichuang777777.github.io/TW-Breast-Cancer-FHIR-IG/ValueSet/tcr-breast-ssf2-vs,W16,弱染，PR 反應比例 16%,,,,,not-started,,,,Do not publish as ConceptMap until reviewed.
breast,SSF2,https://erichuang777777.github.io/TW-Breast-Cancer-FHIR-IG/CodeSystem/tcr-breast-ssf2,https://erichuang777777.github.io/TW-Breast-Cancer-FHIR-IG/ValueSet/tcr-breast-ssf2-vs,W17,弱染，PR 反應比例 17%,,,,,not-started,,,,Do not publish as ConceptMap until reviewed.
breast,SSF2,https://erichuang777777.github.io/TW-Breast-Cancer-FHIR-IG/CodeSystem/tcr-breast-ssf2,https://erichuang777777.github.io/TW-Breast-Cancer-FHIR-IG/ValueSet/tcr-breast-ssf2-vs,W18,弱染，PR 反應比例 18%,,,,,not-started,,,,Do not publish as ConceptMap until reviewed.
breast,SSF2,https://erichuang777777.github.io/TW-Breast-Cancer-FHIR-IG/CodeSystem/tcr-breast-ssf2,https://erichuang777777.github.io/TW-Breast-Cancer-FHIR-IG/ValueSet/tcr-breast-ssf2-vs,W19,弱染，PR 反應比例 19%,,,,,not-started,,,,Do not publish as ConceptMap until reviewed.
breast,SSF2,https://erichuang777777.github.io/TW-Breast-Cancer-FHIR-IG/CodeSystem/tcr-breast-ssf2,https://erichuang777777.github.io/TW-Breast-Cancer-FHIR-IG/ValueSet/tcr-breast-ssf2-vs,W20,弱染，PR 反應比例 20%,,,,,not-started,,,,Do not publish as ConceptMap until reviewed.
breast,SSF2,https://erichuang777777.github.io/TW-Breast-Cancer-FHIR-IG/CodeSystem/tcr-breast-ssf2,https://erichuang777777.github.io/TW-Breast-Cancer-FHIR-IG/ValueSet/tcr-breast-ssf2-vs,W21,弱染，PR 反應比例 21%,,,,,not-started,,,,Do not publish as ConceptMap until reviewed.
breast,SSF2,https://erichuang777777.github.io/TW-Breast-Cancer-FHIR-IG/CodeSystem/tcr-breast-ssf2,https://erichuang777777.github.io/TW-Breast-Cancer-FHIR-IG/ValueSet/tcr-breast-ssf2-vs,W22,弱染，PR 反應比例 22%,,,,,not-started,,,,Do not publish as ConceptMap until reviewed.
breast,SSF2,https://erichuang777777.github.io/TW-Breast-Cancer-FHIR-IG/CodeSystem/tcr-breast-ssf2,https://erichuang777777.github.io/TW-Breast-Cancer-FHIR-IG/ValueSet/tcr-breast-ssf2-vs,W23,弱染，PR 反應比例 23%,,,,,not-started,,,,Do not publish as ConceptMap until reviewed.
breast,SSF2,https://erichuang777777.github.io/TW-Breast-Cancer-FHIR-IG/CodeSystem/tcr-breast-ssf2,https://erichuang777777.github.io/TW-Breast-Cancer-FHIR-IG/ValueSet/tcr-breast-ssf2-vs,W24,弱染，PR 反應比例 24%,,,,,not-started,,,,Do not publish as ConceptMap until reviewed.
breast,SSF2,https://erichuang777777.github.io/TW-Breast-Cancer-FHIR-IG/CodeSystem/tcr-breast-ssf2,https://erichuang777777.github.io/TW-Breast-Cancer-FHIR-IG/ValueSet/tcr-breast-ssf2-vs,W25,弱染，PR 反應比例 25%,,,,,not-started,,,,Do not publish as ConceptMap until reviewed.
breast,SSF2,https://erichuang777777.github.io/TW-Breast-Cancer-FHIR-IG/CodeSystem/tcr-breast-ssf2,https://erichuang777777.github.io/TW-Breast-Cancer-FHIR-IG/ValueSet/tcr-breast-ssf2-vs,W26,弱染，PR 反應比例 26%,,,,,not-started,,,,Do not publish as ConceptMap until reviewed.
breast,SSF2,https://erichuang777777.github.io/TW-Breast-Cancer-FHIR-IG/CodeSystem/tcr-breast-ssf2,https://erichuang777777.github.io/TW-Breast-Cancer-FHIR-IG/ValueSet/tcr-breast-ssf2-vs,W27,弱染，PR 反應比例 27%,,,,,not-started,,,,Do not publish as ConceptMap until reviewed.
breast,SSF2,https://erichuang777777.github.io/TW-Breast-Cancer-FHIR-IG/CodeSystem/tcr-breast-ssf2,https://erichuang777777.github.io/TW-Breast-Cancer-FHIR-IG/ValueSet/tcr-breast-ssf2-vs,W28,弱染，PR 反應比例 28%,,,,,not-started,,,,Do not publish as ConceptMap until reviewed.
breast,SSF2,https://erichuang777777.github.io/TW-Breast-Cancer-FHIR-IG/CodeSystem/tcr-breast-ssf2,https://erichuang777777.github.io/TW-Breast-Cancer-FHIR-IG/ValueSet/tcr-breast-ssf2-vs,W29,弱染，PR 反應比例 29%,,,,,not-started,,,,Do not publish as ConceptMap until reviewed.
breast,SSF2,https://erichuang777777.github.io/TW-Breast-Cancer-FHIR-IG/CodeSystem/tcr-breast-ssf2,https://erichuang777777.github.io/TW-Breast-Cancer-FHIR-IG/ValueSet/tcr-breast-ssf2-vs,W30,弱染，PR 反應比例 30%,,,,,not-started,,,,Do not publish as ConceptMap until reviewed.
breast,SSF2,https://erichuang777777.github.io/TW-Breast-Cancer-FHIR-IG/CodeSystem/tcr-breast-ssf2,https://erichuang777777.github.io/TW-Breast-Cancer-FHIR-IG/ValueSet/tcr-breast-ssf2-vs,W31,弱染，PR 反應比例 31%,,,,,not-started,,,,Do not publish as ConceptMap until reviewed.
breast,SSF2,https://erichuang777777.github.io/TW-Breast-Cancer-FHIR-IG/CodeSystem/tcr-breast-ssf2,https://erichuang777777.github.io/TW-Breast-Cancer-FHIR-IG/ValueSet/tcr-breast-ssf2-vs,W32,弱染，PR 反應比例 32%,,,,,not-started,,,,Do not publish as ConceptMap until reviewed.
breast,SSF2,https://erichuang777777.github.io/TW-Breast-Cancer-FHIR-IG/CodeSystem/tcr-breast-ssf2,https://erichuang777777.github.io/TW-Breast-Cancer-FHIR-IG/ValueSet/tcr-breast-ssf2-vs,W33,弱染，PR 反應比例 33%,,,,,not-started,,,,Do not publish as ConceptMap until reviewed.
breast,SSF2,https://erichuang777777.github.io/TW-Breast-Cancer-FHIR-IG/CodeSystem/tcr-breast-ssf2,https://erichuang777777.github.io/TW-Breast-Cancer-FHIR-IG/ValueSet/tcr-breast-ssf2-vs,W34,弱染，PR 反應比例 34%,,,,,not-started,,,,Do not publish as ConceptMap until reviewed.
breast,SSF2,https://erichuang777777.github.io/TW-Breast-Cancer-FHIR-IG/CodeSystem/tcr-breast-ssf2,https://erichuang777777.github.io/TW-Breast-Cancer-FHIR-IG/ValueSet/tcr-breast-ssf2-vs,W35,弱染，PR 反應比例 35%,,,,,not-started,,,,Do not publish as ConceptMap until reviewed.
breast,SSF2,https://erichuang777777.github.io/TW-Breast-Cancer-FHIR-IG/CodeSystem/tcr-breast-ssf2,https://erichuang777777.github.io/TW-Breast-Cancer-FHIR-IG/ValueSet/tcr-breast-ssf2-vs,W36,弱染，PR 反應比例 36%,,,,,not-started,,,,Do not publish as ConceptMap until reviewed.
breast,SSF2,https://erichuang777777.github.io/TW-Breast-Cancer-FHIR-IG/CodeSystem/tcr-breast-ssf2,https://erichuang777777.github.io/TW-Breast-Cancer-FHIR-IG/ValueSet/tcr-breast-ssf2-vs,W37,弱染，PR 反應比例 37%,,,,,not-started,,,,Do not publish as ConceptMap until reviewed.
breast,SSF2,https://erichuang777777.github.io/TW-Breast-Cancer-FHIR-IG/CodeSystem/tcr-breast-ssf2,https://erichuang777777.github.io/TW-Breast-Cancer-FHIR-IG/ValueSet/tcr-breast-ssf2-vs,W38,弱染，PR 反應比例 38%,,,,,not-started,,,,Do not publish as ConceptMap until reviewed.
breast,SSF2,https://erichuang777777.github.io/TW-Breast-Cancer-FHIR-IG/CodeSystem/tcr-breast-ssf2,https://erichuang777777.github.io/TW-Breast-Cancer-FHIR-IG/ValueSet/tcr-breast-ssf2-vs,W39,弱染，PR 反應比例 39%,,,,,not-started,,,,Do not publish as ConceptMap until reviewed.
breast,SSF2,https://erichuang777777.github.io/TW-Breast-Cancer-FHIR-IG/CodeSystem/tcr-breast-ssf2,https://erichuang777777.github.io/TW-Breast-Cancer-FHIR-IG/ValueSet/tcr-breast-ssf2-vs,W40,弱染，PR 反應比例 40%,,,,,not-started,,,,Do not publish as ConceptMap until reviewed.
breast,SSF2,https://erichuang777777.github.io/TW-Breast-Cancer-FHIR-IG/CodeSystem/tcr-breast-ssf2,https://erichuang777777.github.io/TW-Breast-Cancer-FHIR-IG/ValueSet/tcr-breast-ssf2-vs,W41,弱染，PR 反應比例 41%,,,,,not-started,,,,Do not publish as ConceptMap until reviewed.
breast,SSF2,https://erichuang777777.github.io/TW-Breast-Cancer-FHIR-IG/CodeSystem/tcr-breast-ssf2,https://erichuang777777.github.io/TW-Breast-Cancer-FHIR-IG/ValueSet/tcr-breast-ssf2-vs,W42,弱染，PR 反應比例 42%,,,,,not-started,,,,Do not publish as ConceptMap until reviewed.
breast,SSF2,https://erichuang777777.github.io/TW-Breast-Cancer-FHIR-IG/CodeSystem/tcr-breast-ssf2,https://erichuang777777.github.io/TW-Breast-Cancer-FHIR-IG/ValueSet/tcr-breast-ssf2-vs,W43,弱染，PR 反應比例 43%,,,,,not-started,,,,Do not publish as ConceptMap until reviewed.
breast,SSF2,https://erichuang777777.github.io/TW-Breast-Cancer-FHIR-IG/CodeSystem/tcr-breast-ssf2,https://erichuang777777.github.io/TW-Breast-Cancer-FHIR-IG/ValueSet/tcr-breast-ssf2-vs,W44,弱染，PR 反應比例 44%,,,,,not-started,,,,Do not publish as ConceptMap until reviewed.
breast,SSF2,https://erichuang777777.github.io/TW-Breast-Cancer-FHIR-IG/CodeSystem/tcr-breast-ssf2,https://erichuang777777.github.io/TW-Breast-Cancer-FHIR-IG/ValueSet/tcr-breast-ssf2-vs,W45,弱染，PR 反應比例 45%,,,,,not-started,,,,Do not publish as ConceptMap until reviewed.
breast,SSF2,https://erichuang777777.github.io/TW-Breast-Cancer-FHIR-IG/CodeSystem/tcr-breast-ssf2,https://erichuang777777.github.io/TW-Breast-Cancer-FHIR-IG/ValueSet/tcr-breast-ssf2-vs,W46,弱染，PR 反應比例 46%,,,,,not-started,,,,Do not publish as ConceptMap until reviewed.
breast,SSF2,https://erichuang777777.github.io/TW-Breast-Cancer-FHIR-IG/CodeSystem/tcr-breast-ssf2,https://erichuang777777.github.io/TW-Breast-Cancer-FHIR-IG/ValueSet/tcr-breast-ssf2-vs,W47,弱染，PR 反應比例 47%,,,,,not-started,,,,Do not publish as ConceptMap until reviewed.
breast,SSF2,https://erichuang777777.github.io/TW-Breast-Cancer-FHIR-IG/CodeSystem/tcr-breast-ssf2,https://erichuang777777.github.io/TW-Breast-Cancer-FHIR-IG/ValueSet/tcr-breast-ssf2-vs,W48,弱染，PR 反應比例 48%,,,,,not-started,,,,Do not publish as ConceptMap until reviewed.
breast,SSF2,https://erichuang777777.github.io/TW-Breast-Cancer-FHIR-IG/CodeSystem/tcr-breast-ssf2,https://erichuang777777.github.io/TW-Breast-Cancer-FHIR-IG/ValueSet/tcr-breast-ssf2-vs,W49,弱染，PR 反應比例 49%,,,,,not-started,,,,Do not publish as ConceptMap until reviewed.
breast,SSF2,https://erichuang777777.github.io/TW-Breast-Cancer-FHIR-IG/CodeSystem/tcr-breast-ssf2,https://erichuang777777.github.io/TW-Breast-Cancer-FHIR-IG/ValueSet/tcr-breast-ssf2-vs,W50,弱染，PR 反應比例 50%,,,,,not-started,,,,Do not publish as ConceptMap until reviewed.
breast,SSF2,https://erichuang777777.github.io/TW-Breast-Cancer-FHIR-IG/CodeSystem/tcr-breast-ssf2,https://erichuang777777.github.io/TW-Breast-Cancer-FHIR-IG/ValueSet/tcr-breast-ssf2-vs,W51,弱染，PR 反應比例 51%,,,,,not-started,,,,Do not publish as ConceptMap until reviewed.
breast,SSF2,https://erichuang777777.github.io/TW-Breast-Cancer-FHIR-IG/CodeSystem/tcr-breast-ssf2,https://erichuang777777.github.io/TW-Breast-Cancer-FHIR-IG/ValueSet/tcr-breast-ssf2-vs,W52,弱染，PR 反應比例 52%,,,,,not-started,,,,Do not publish as ConceptMap until reviewed.
breast,SSF2,https://erichuang777777.github.io/TW-Breast-Cancer-FHIR-IG/CodeSystem/tcr-breast-ssf2,https://erichuang777777.github.io/TW-Breast-Cancer-FHIR-IG/ValueSet/tcr-breast-ssf2-vs,W53,弱染，PR 反應比例 53%,,,,,not-started,,,,Do not publish as ConceptMap until reviewed.
breast,SSF2,https://erichuang777777.github.io/TW-Breast-Cancer-FHIR-IG/CodeSystem/tcr-breast-ssf2,https://erichuang777777.github.io/TW-Breast-Cancer-FHIR-IG/ValueSet/tcr-breast-ssf2-vs,W54,弱染，PR 反應比例 54%,,,,,not-started,,,,Do not publish as ConceptMap until reviewed.
breast,SSF2,https://erichuang777777.github.io/TW-Breast-Cancer-FHIR-IG/CodeSystem/tcr-breast-ssf2,https://erichuang777777.github.io/TW-Breast-Cancer-FHIR-IG/ValueSet/tcr-breast-ssf2-vs,W55,弱染，PR 反應比例 55%,,,,,not-started,,,,Do not publish as ConceptMap until reviewed.
breast,SSF2,https://erichuang777777.github.io/TW-Breast-Cancer-FHIR-IG/CodeSystem/tcr-breast-ssf2,https://erichuang777777.github.io/TW-Breast-Cancer-FHIR-IG/ValueSet/tcr-breast-ssf2-vs,W56,弱染，PR 反應比例 56%,,,,,not-started,,,,Do not publish as ConceptMap until reviewed.
breast,SSF2,https://erichuang777777.github.io/TW-Breast-Cancer-FHIR-IG/CodeSystem/tcr-breast-ssf2,https://erichuang777777.github.io/TW-Breast-Cancer-FHIR-IG/ValueSet/tcr-breast-ssf2-vs,W57,弱染，PR 反應比例 57%,,,,,not-started,,,,Do not publish as ConceptMap until reviewed.
breast,SSF2,https://erichuang777777.github.io/TW-Breast-Cancer-FHIR-IG/CodeSystem/tcr-breast-ssf2,https://erichuang777777.github.io/TW-Breast-Cancer-FHIR-IG/ValueSet/tcr-breast-ssf2-vs,W58,弱染，PR 反應比例 58%,,,,,not-started,,,,Do not publish as ConceptMap until reviewed.
breast,SSF2,https://erichuang777777.github.io/TW-Breast-Cancer-FHIR-IG/CodeSystem/tcr-breast-ssf2,https://erichuang777777.github.io/TW-Breast-Cancer-FHIR-IG/ValueSet/tcr-breast-ssf2-vs,W59,弱染，PR 反應比例 59%,,,,,not-started,,,,Do not publish as ConceptMap until reviewed.
breast,SSF2,https://erichuang777777.github.io/TW-Breast-Cancer-FHIR-IG/CodeSystem/tcr-breast-ssf2,https://erichuang777777.github.io/TW-Breast-Cancer-FHIR-IG/ValueSet/tcr-breast-ssf2-vs,W60,弱染，PR 反應比例 60%,,,,,not-started,,,,Do not publish as ConceptMap until reviewed.
breast,SSF2,https://erichuang777777.github.io/TW-Breast-Cancer-FHIR-IG/CodeSystem/tcr-breast-ssf2,https://erichuang777777.github.io/TW-Breast-Cancer-FHIR-IG/ValueSet/tcr-breast-ssf2-vs,W61,弱染，PR 反應比例 61%,,,,,not-started,,,,Do not publish as ConceptMap until reviewed.
breast,SSF2,https://erichuang777777.github.io/TW-Breast-Cancer-FHIR-IG/CodeSystem/tcr-breast-ssf2,https://erichuang777777.github.io/TW-Breast-Cancer-FHIR-IG/ValueSet/tcr-breast-ssf2-vs,W62,弱染，PR 反應比例 62%,,,,,not-started,,,,Do not publish as ConceptMap until reviewed.
breast,SSF2,https://erichuang777777.github.io/TW-Breast-Cancer-FHIR-IG/CodeSystem/tcr-breast-ssf2,https://erichuang777777.github.io/TW-Breast-Cancer-FHIR-IG/ValueSet/tcr-breast-ssf2-vs,W63,弱染，PR 反應比例 63%,,,,,not-started,,,,Do not publish as ConceptMap until reviewed.
breast,SSF2,https://erichuang777777.github.io/TW-Breast-Cancer-FHIR-IG/CodeSystem/tcr-breast-ssf2,https://erichuang777777.github.io/TW-Breast-Cancer-FHIR-IG/ValueSet/tcr-breast-ssf2-vs,W64,弱染，PR 反應比例 64%,,,,,not-started,,,,Do not publish as ConceptMap until reviewed.
breast,SSF2,https://erichuang777777.github.io/TW-Breast-Cancer-FHIR-IG/CodeSystem/tcr-breast-ssf2,https://erichuang777777.github.io/TW-Breast-Cancer-FHIR-IG/ValueSet/tcr-breast-ssf2-vs,W65,弱染，PR 反應比例 65%,,,,,not-started,,,,Do not publish as ConceptMap until reviewed.
breast,SSF2,https://erichuang777777.github.io/TW-Breast-Cancer-FHIR-IG/CodeSystem/tcr-breast-ssf2,https://erichuang777777.github.io/TW-Breast-Cancer-FHIR-IG/ValueSet/tcr-breast-ssf2-vs,W66,弱染，PR 反應比例 66%,,,,,not-started,,,,Do not publish as ConceptMap until reviewed.
breast,SSF2,https://erichuang777777.github.io/TW-Breast-Cancer-FHIR-IG/CodeSystem/tcr-breast-ssf2,https://erichuang777777.github.io/TW-Breast-Cancer-FHIR-IG/ValueSet/tcr-breast-ssf2-vs,W67,弱染，PR 反應比例 67%,,,,,not-started,,,,Do not publish as ConceptMap until reviewed.
breast,SSF2,https://erichuang777777.github.io/TW-Breast-Cancer-FHIR-IG/CodeSystem/tcr-breast-ssf2,https://erichuang777777.github.io/TW-Breast-Cancer-FHIR-IG/ValueSet/tcr-breast-ssf2-vs,W68,弱染，PR 反應比例 68%,,,,,not-started,,,,Do not publish as ConceptMap until reviewed.
breast,SSF2,https://erichuang777777.github.io/TW-Breast-Cancer-FHIR-IG/CodeSystem/tcr-breast-ssf2,https://erichuang777777.github.io/TW-Breast-Cancer-FHIR-IG/ValueSet/tcr-breast-ssf2-vs,W69,弱染，PR 反應比例 69%,,,,,not-started,,,,Do not publish as ConceptMap until reviewed.
breast,SSF2,https://erichuang777777.github.io/TW-Breast-Cancer-FHIR-IG/CodeSystem/tcr-breast-ssf2,https://erichuang777777.github.io/TW-Breast-Cancer-FHIR-IG/ValueSet/tcr-breast-ssf2-vs,W70,弱染，PR 反應比例 70%,,,,,not-started,,,,Do not publish as ConceptMap until reviewed.
breast,SSF2,https://erichuang777777.github.io/TW-Breast-Cancer-FHIR-IG/CodeSystem/tcr-breast-ssf2,https://erichuang777777.github.io/TW-Breast-Cancer-FHIR-IG/ValueSet/tcr-breast-ssf2-vs,W71,弱染，PR 反應比例 71%,,,,,not-started,,,,Do not publish as ConceptMap until reviewed.
breast,SSF2,https://erichuang777777.github.io/TW-Breast-Cancer-FHIR-IG/CodeSystem/tcr-breast-ssf2,https://erichuang777777.github.io/TW-Breast-Cancer-FHIR-IG/ValueSet/tcr-breast-ssf2-vs,W72,弱染，PR 反應比例 72%,,,,,not-started,,,,Do not publish as ConceptMap until reviewed.
breast,SSF2,https://erichuang777777.github.io/TW-Breast-Cancer-FHIR-IG/CodeSystem/tcr-breast-ssf2,https://erichuang777777.github.io/TW-Breast-Cancer-FHIR-IG/ValueSet/tcr-breast-ssf2-vs,W73,弱染，PR 反應比例 73%,,,,,not-started,,,,Do not publish as ConceptMap until reviewed.
breast,SSF2,https://erichuang777777.github.io/TW-Breast-Cancer-FHIR-IG/CodeSystem/tcr-breast-ssf2,https://erichuang777777.github.io/TW-Breast-Cancer-FHIR-IG/ValueSet/tcr-breast-ssf2-vs,W74,弱染，PR 反應比例 74%,,,,,not-started,,,,Do not publish as ConceptMap until reviewed.
breast,SSF2,https://erichuang777777.github.io/TW-Breast-Cancer-FHIR-IG/CodeSystem/tcr-breast-ssf2,https://erichuang777777.github.io/TW-Breast-Cancer-FHIR-IG/ValueSet/tcr-breast-ssf2-vs,W75,弱染，PR 反應比例 75%,,,,,not-started,,,,Do not publish as ConceptMap until reviewed.
breast,SSF2,https://erichuang777777.github.io/TW-Breast-Cancer-FHIR-IG/CodeSystem/tcr-breast-ssf2,https://erichuang777777.github.io/TW-Breast-Cancer-FHIR-IG/ValueSet/tcr-breast-ssf2-vs,W76,弱染，PR 反應比例 76%,,,,,not-started,,,,Do not publish as ConceptMap until reviewed.
breast,SSF2,https://erichuang777777.github.io/TW-Breast-Cancer-FHIR-IG/CodeSystem/tcr-breast-ssf2,https://erichuang777777.github.io/TW-Breast-Cancer-FHIR-IG/ValueSet/tcr-breast-ssf2-vs,W77,弱染，PR 反應比例 77%,,,,,not-started,,,,Do not publish as ConceptMap until reviewed.
breast,SSF2,https://erichuang777777.github.io/TW-Breast-Cancer-FHIR-IG/CodeSystem/tcr-breast-ssf2,https://erichuang777777.github.io/TW-Breast-Cancer-FHIR-IG/ValueSet/tcr-breast-ssf2-vs,W78,弱染，PR 反應比例 78%,,,,,not-started,,,,Do not publish as ConceptMap until reviewed.
breast,SSF2,https://erichuang777777.github.io/TW-Breast-Cancer-FHIR-IG/CodeSystem/tcr-breast-ssf2,https://erichuang777777.github.io/TW-Breast-Cancer-FHIR-IG/ValueSet/tcr-breast-ssf2-vs,W79,弱染，PR 反應比例 79%,,,,,not-started,,,,Do not publish as ConceptMap until reviewed.
breast,SSF2,https://erichuang777777.github.io/TW-Breast-Cancer-FHIR-IG/CodeSystem/tcr-breast-ssf2,https://erichuang777777.github.io/TW-Breast-Cancer-FHIR-IG/ValueSet/tcr-breast-ssf2-vs,W80,弱染，PR 反應比例 80%,,,,,not-started,,,,Do not publish as ConceptMap until reviewed.
breast,SSF2,https://erichuang777777.github.io/TW-Breast-Cancer-FHIR-IG/CodeSystem/tcr-breast-ssf2,https://erichuang777777.github.io/TW-Breast-Cancer-FHIR-IG/ValueSet/tcr-breast-ssf2-vs,W81,弱染，PR 反應比例 81%,,,,,not-started,,,,Do not publish as ConceptMap until reviewed.
breast,SSF2,https://erichuang777777.github.io/TW-Breast-Cancer-FHIR-IG/CodeSystem/tcr-breast-ssf2,https://erichuang777777.github.io/TW-Breast-Cancer-FHIR-IG/ValueSet/tcr-breast-ssf2-vs,W82,弱染，PR 反應比例 82%,,,,,not-started,,,,Do not publish as ConceptMap until reviewed.
breast,SSF2,https://erichuang777777.github.io/TW-Breast-Cancer-FHIR-IG/CodeSystem/tcr-breast-ssf2,https://erichuang777777.github.io/TW-Breast-Cancer-FHIR-IG/ValueSet/tcr-breast-ssf2-vs,W83,弱染，PR 反應比例 83%,,,,,not-started,,,,Do not publish as ConceptMap until reviewed.
breast,SSF2,https://erichuang777777.github.io/TW-Breast-Cancer-FHIR-IG/CodeSystem/tcr-breast-ssf2,https://erichuang777777.github.io/TW-Breast-Cancer-FHIR-IG/ValueSet/tcr-breast-ssf2-vs,W84,弱染，PR 反應比例 84%,,,,,not-started,,,,Do not publish as ConceptMap until reviewed.
breast,SSF2,https://erichuang777777.github.io/TW-Breast-Cancer-FHIR-IG/CodeSystem/tcr-breast-ssf2,https://erichuang777777.github.io/TW-Breast-Cancer-FHIR-IG/ValueSet/tcr-breast-ssf2-vs,W85,弱染，PR 反應比例 85%,,,,,not-started,,,,Do not publish as ConceptMap until reviewed.
breast,SSF2,https://erichuang777777.github.io/TW-Breast-Cancer-FHIR-IG/CodeSystem/tcr-breast-ssf2,https://erichuang777777.github.io/TW-Breast-Cancer-FHIR-IG/ValueSet/tcr-breast-ssf2-vs,W86,弱染，PR 反應比例 86%,,,,,not-started,,,,Do not publish as ConceptMap until reviewed.
breast,SSF2,https://erichuang777777.github.io/TW-Breast-Cancer-FHIR-IG/CodeSystem/tcr-breast-ssf2,https://erichuang777777.github.io/TW-Breast-Cancer-FHIR-IG/ValueSet/tcr-breast-ssf2-vs,W87,弱染，PR 反應比例 87%,,,,,not-started,,,,Do not publish as ConceptMap until reviewed.
breast,SSF2,https://erichuang777777.github.io/TW-Breast-Cancer-FHIR-IG/CodeSystem/tcr-breast-ssf2,https://erichuang777777.github.io/TW-Breast-Cancer-FHIR-IG/ValueSet/tcr-breast-ssf2-vs,W88,弱染，PR 反應比例 88%,,,,,not-started,,,,Do not publish as ConceptMap until reviewed.
breast,SSF2,https://erichuang777777.github.io/TW-Breast-Cancer-FHIR-IG/CodeSystem/tcr-breast-ssf2,https://erichuang777777.github.io/TW-Breast-Cancer-FHIR-IG/ValueSet/tcr-breast-ssf2-vs,W89,弱染，PR 反應比例 89%,,,,,not-started,,,,Do not publish as ConceptMap until reviewed.
breast,SSF2,https://erichuang777777.github.io/TW-Breast-Cancer-FHIR-IG/CodeSystem/tcr-breast-ssf2,https://erichuang777777.github.io/TW-Breast-Cancer-FHIR-IG/ValueSet/tcr-breast-ssf2-vs,W90,弱染，PR 反應比例 90%,,,,,not-started,,,,Do not publish as ConceptMap until reviewed.
breast,SSF2,https://erichuang777777.github.io/TW-Breast-Cancer-FHIR-IG/CodeSystem/tcr-breast-ssf2,https://erichuang777777.github.io/TW-Breast-Cancer-FHIR-IG/ValueSet/tcr-breast-ssf2-vs,W91,弱染，PR 反應比例 91%,,,,,not-started,,,,Do not publish as ConceptMap until reviewed.
breast,SSF2,https://erichuang777777.github.io/TW-Breast-Cancer-FHIR-IG/CodeSystem/tcr-breast-ssf2,https://erichuang777777.github.io/TW-Breast-Cancer-FHIR-IG/ValueSet/tcr-breast-ssf2-vs,W92,弱染，PR 反應比例 92%,,,,,not-started,,,,Do not publish as ConceptMap until reviewed.
breast,SSF2,https://erichuang777777.github.io/TW-Breast-Cancer-FHIR-IG/CodeSystem/tcr-breast-ssf2,https://erichuang777777.github.io/TW-Breast-Cancer-FHIR-IG/ValueSet/tcr-breast-ssf2-vs,W93,弱染，PR 反應比例 93%,,,,,not-started,,,,Do not publish as ConceptMap until reviewed.
breast,SSF2,https://erichuang777777.github.io/TW-Breast-Cancer-FHIR-IG/CodeSystem/tcr-breast-ssf2,https://erichuang777777.github.io/TW-Breast-Cancer-FHIR-IG/ValueSet/tcr-breast-ssf2-vs,W94,弱染，PR 反應比例 94%,,,,,not-started,,,,Do not publish as ConceptMap until reviewed.
breast,SSF2,https://erichuang777777.github.io/TW-Breast-Cancer-FHIR-IG/CodeSystem/tcr-breast-ssf2,https://erichuang777777.github.io/TW-Breast-Cancer-FHIR-IG/ValueSet/tcr-breast-ssf2-vs,W95,弱染，PR 反應比例 95%,,,,,not-started,,,,Do not publish as ConceptMap until reviewed.
breast,SSF2,https://erichuang777777.github.io/TW-Breast-Cancer-FHIR-IG/CodeSystem/tcr-breast-ssf2,https://erichuang777777.github.io/TW-Breast-Cancer-FHIR-IG/ValueSet/tcr-breast-ssf2-vs,W96,弱染，PR 反應比例 96%,,,,,not-started,,,,Do not publish as ConceptMap until reviewed.
breast,SSF2,https://erichuang777777.github.io/TW-Breast-Cancer-FHIR-IG/CodeSystem/tcr-breast-ssf2,https://erichuang777777.github.io/TW-Breast-Cancer-FHIR-IG/ValueSet/tcr-breast-ssf2-vs,W97,弱染，PR 反應比例 97%,,,,,not-started,,,,Do not publish as ConceptMap until reviewed.
breast,SSF2,https://erichuang777777.github.io/TW-Breast-Cancer-FHIR-IG/CodeSystem/tcr-breast-ssf2,https://erichuang777777.github.io/TW-Breast-Cancer-FHIR-IG/ValueSet/tcr-breast-ssf2-vs,W98,弱染，PR 反應比例 98%,,,,,not-started,,,,Do not publish as ConceptMap until reviewed.
breast,SSF2,https://erichuang777777.github.io/TW-Breast-Cancer-FHIR-IG/CodeSystem/tcr-breast-ssf2,https://erichuang777777.github.io/TW-Breast-Cancer-FHIR-IG/ValueSet/tcr-breast-ssf2-vs,W99,弱染，PR 反應比例 99%,,,,,not-started,,,,Do not publish as ConceptMap until reviewed.
breast,SSF3,https://erichuang777777.github.io/TW-Breast-Cancer-FHIR-IG/CodeSystem/tcr-breast-ssf3,https://erichuang777777.github.io/TW-Breast-Cancer-FHIR-IG/ValueSet/tcr-breast-ssf3-vs,010,Clinical complete response (cCR)，臨床完全緩解,,,,,not-started,,,,Do not publish as ConceptMap until reviewed.
breast,SSF3,https://erichuang777777.github.io/TW-Breast-Cancer-FHIR-IG/CodeSystem/tcr-breast-ssf3,https://erichuang777777.github.io/TW-Breast-Cancer-FHIR-IG/ValueSet/tcr-breast-ssf3-vs,011,病理資訊顯示 Pathological complete response (pCR)：乳房組織與淋巴結皆無殘餘侵襲性癌（N0(i+) 不視為 pCR）,,,,,not-started,,,,Do not publish as ConceptMap until reviewed.
breast,SSF3,https://erichuang777777.github.io/TW-Breast-Cancer-FHIR-IG/CodeSystem/tcr-breast-ssf3,https://erichuang777777.github.io/TW-Breast-Cancer-FHIR-IG/ValueSet/tcr-breast-ssf3-vs,020,Partial response (PR)；Moderate response，部分緩解,,,,,not-started,,,,Do not publish as ConceptMap until reviewed.
breast,SSF3,https://erichuang777777.github.io/TW-Breast-Cancer-FHIR-IG/CodeSystem/tcr-breast-ssf3,https://erichuang777777.github.io/TW-Breast-Cancer-FHIR-IG/ValueSet/tcr-breast-ssf3-vs,030,Stable disease (SD)；Minimal response，疾病穩定,,,,,not-started,,,,Do not publish as ConceptMap until reviewed.
breast,SSF3,https://erichuang777777.github.io/TW-Breast-Cancer-FHIR-IG/CodeSystem/tcr-breast-ssf3,https://erichuang777777.github.io/TW-Breast-Cancer-FHIR-IG/ValueSet/tcr-breast-ssf3-vs,040,Progressive disease (PD)；Poor response；No response，疾病進展,,,,,not-started,,,,Do not publish as ConceptMap until reviewed.
breast,SSF3,https://erichuang777777.github.io/TW-Breast-Cancer-FHIR-IG/CodeSystem/tcr-breast-ssf3,https://erichuang777777.github.io/TW-Breast-Cancer-FHIR-IG/ValueSet/tcr-breast-ssf3-vs,988,不適用：沒有執行前導性療法，或未執行手術,,,,,not-started,,,,Do not publish as ConceptMap until reviewed.
breast,SSF3,https://erichuang777777.github.io/TW-Breast-Cancer-FHIR-IG/CodeSystem/tcr-breast-ssf3,https://erichuang777777.github.io/TW-Breast-Cancer-FHIR-IG/ValueSet/tcr-breast-ssf3-vs,990,治療後有縮小反應，但反應程度未進一步說明,,,,,not-started,,,,Do not publish as ConceptMap until reviewed.
breast,SSF3,https://erichuang777777.github.io/TW-Breast-Cancer-FHIR-IG/CodeSystem/tcr-breast-ssf3,https://erichuang777777.github.io/TW-Breast-Cancer-FHIR-IG/ValueSet/tcr-breast-ssf3-vs,999,有進行前導性治療但療效不明／病歷未記載或不詳,,,,,not-started,,,,Do not publish as ConceptMap until reviewed.
breast,SSF4,https://erichuang777777.github.io/TW-Breast-Cancer-FHIR-IG/CodeSystem/tcr-breast-ssf4,https://erichuang777777.github.io/TW-Breast-Cancer-FHIR-IG/ValueSet/tcr-breast-ssf4-vs,000,沒有進行哨兵淋巴結手術,,,,,not-started,,,,Do not publish as ConceptMap until reviewed.
breast,SSF4,https://erichuang777777.github.io/TW-Breast-Cancer-FHIR-IG/CodeSystem/tcr-breast-ssf4,https://erichuang777777.github.io/TW-Breast-Cancer-FHIR-IG/ValueSet/tcr-breast-ssf4-vs,001,依實際檢查之哨兵淋巴結數目：1 顆,,,,,not-started,,,,Do not publish as ConceptMap until reviewed.
breast,SSF4,https://erichuang777777.github.io/TW-Breast-Cancer-FHIR-IG/CodeSystem/tcr-breast-ssf4,https://erichuang777777.github.io/TW-Breast-Cancer-FHIR-IG/ValueSet/tcr-breast-ssf4-vs,002,依實際檢查之哨兵淋巴結數目：2 顆,,,,,not-started,,,,Do not publish as ConceptMap until reviewed.
breast,SSF4,https://erichuang777777.github.io/TW-Breast-Cancer-FHIR-IG/CodeSystem/tcr-breast-ssf4,https://erichuang777777.github.io/TW-Breast-Cancer-FHIR-IG/ValueSet/tcr-breast-ssf4-vs,003,依實際檢查之哨兵淋巴結數目：3 顆,,,,,not-started,,,,Do not publish as ConceptMap until reviewed.
breast,SSF4,https://erichuang777777.github.io/TW-Breast-Cancer-FHIR-IG/CodeSystem/tcr-breast-ssf4,https://erichuang777777.github.io/TW-Breast-Cancer-FHIR-IG/ValueSet/tcr-breast-ssf4-vs,004,依實際檢查之哨兵淋巴結數目：4 顆,,,,,not-started,,,,Do not publish as ConceptMap until reviewed.
breast,SSF4,https://erichuang777777.github.io/TW-Breast-Cancer-FHIR-IG/CodeSystem/tcr-breast-ssf4,https://erichuang777777.github.io/TW-Breast-Cancer-FHIR-IG/ValueSet/tcr-breast-ssf4-vs,005,依實際檢查之哨兵淋巴結數目：5 顆,,,,,not-started,,,,Do not publish as ConceptMap until reviewed.
breast,SSF4,https://erichuang777777.github.io/TW-Breast-Cancer-FHIR-IG/CodeSystem/tcr-breast-ssf4,https://erichuang777777.github.io/TW-Breast-Cancer-FHIR-IG/ValueSet/tcr-breast-ssf4-vs,006,依實際檢查之哨兵淋巴結數目：6 顆,,,,,not-started,,,,Do not publish as ConceptMap until reviewed.
breast,SSF4,https://erichuang777777.github.io/TW-Breast-Cancer-FHIR-IG/CodeSystem/tcr-breast-ssf4,https://erichuang777777.github.io/TW-Breast-Cancer-FHIR-IG/ValueSet/tcr-breast-ssf4-vs,007,依實際檢查之哨兵淋巴結數目：7 顆,,,,,not-started,,,,Do not publish as ConceptMap until reviewed.
breast,SSF4,https://erichuang777777.github.io/TW-Breast-Cancer-FHIR-IG/CodeSystem/tcr-breast-ssf4,https://erichuang777777.github.io/TW-Breast-Cancer-FHIR-IG/ValueSet/tcr-breast-ssf4-vs,008,依實際檢查之哨兵淋巴結數目：8 顆,,,,,not-started,,,,Do not publish as ConceptMap until reviewed.
breast,SSF4,https://erichuang777777.github.io/TW-Breast-Cancer-FHIR-IG/CodeSystem/tcr-breast-ssf4,https://erichuang777777.github.io/TW-Breast-Cancer-FHIR-IG/ValueSet/tcr-breast-ssf4-vs,009,依實際檢查之哨兵淋巴結數目：9 顆,,,,,not-started,,,,Do not publish as ConceptMap until reviewed.
breast,SSF4,https://erichuang777777.github.io/TW-Breast-Cancer-FHIR-IG/CodeSystem/tcr-breast-ssf4,https://erichuang777777.github.io/TW-Breast-Cancer-FHIR-IG/ValueSet/tcr-breast-ssf4-vs,010,依實際檢查之哨兵淋巴結數目：10 顆,,,,,not-started,,,,Do not publish as ConceptMap until reviewed.
breast,SSF4,https://erichuang777777.github.io/TW-Breast-Cancer-FHIR-IG/CodeSystem/tcr-breast-ssf4,https://erichuang777777.github.io/TW-Breast-Cancer-FHIR-IG/ValueSet/tcr-breast-ssf4-vs,011,依實際檢查之哨兵淋巴結數目：11 顆,,,,,not-started,,,,Do not publish as ConceptMap until reviewed.
breast,SSF4,https://erichuang777777.github.io/TW-Breast-Cancer-FHIR-IG/CodeSystem/tcr-breast-ssf4,https://erichuang777777.github.io/TW-Breast-Cancer-FHIR-IG/ValueSet/tcr-breast-ssf4-vs,012,依實際檢查之哨兵淋巴結數目：12 顆,,,,,not-started,,,,Do not publish as ConceptMap until reviewed.
breast,SSF4,https://erichuang777777.github.io/TW-Breast-Cancer-FHIR-IG/CodeSystem/tcr-breast-ssf4,https://erichuang777777.github.io/TW-Breast-Cancer-FHIR-IG/ValueSet/tcr-breast-ssf4-vs,013,依實際檢查之哨兵淋巴結數目：13 顆,,,,,not-started,,,,Do not publish as ConceptMap until reviewed.
breast,SSF4,https://erichuang777777.github.io/TW-Breast-Cancer-FHIR-IG/CodeSystem/tcr-breast-ssf4,https://erichuang777777.github.io/TW-Breast-Cancer-FHIR-IG/ValueSet/tcr-breast-ssf4-vs,014,依實際檢查之哨兵淋巴結數目：14 顆,,,,,not-started,,,,Do not publish as ConceptMap until reviewed.
breast,SSF4,https://erichuang777777.github.io/TW-Breast-Cancer-FHIR-IG/CodeSystem/tcr-breast-ssf4,https://erichuang777777.github.io/TW-Breast-Cancer-FHIR-IG/ValueSet/tcr-breast-ssf4-vs,015,依實際檢查之哨兵淋巴結數目：15 顆,,,,,not-started,,,,Do not publish as ConceptMap until reviewed.
breast,SSF4,https://erichuang777777.github.io/TW-Breast-Cancer-FHIR-IG/CodeSystem/tcr-breast-ssf4,https://erichuang777777.github.io/TW-Breast-Cancer-FHIR-IG/ValueSet/tcr-breast-ssf4-vs,016,依實際檢查之哨兵淋巴結數目：16 顆,,,,,not-started,,,,Do not publish as ConceptMap until reviewed.
breast,SSF4,https://erichuang777777.github.io/TW-Breast-Cancer-FHIR-IG/CodeSystem/tcr-breast-ssf4,https://erichuang777777.github.io/TW-Breast-Cancer-FHIR-IG/ValueSet/tcr-breast-ssf4-vs,017,依實際檢查之哨兵淋巴結數目：17 顆,,,,,not-started,,,,Do not publish as ConceptMap until reviewed.
breast,SSF4,https://erichuang777777.github.io/TW-Breast-Cancer-FHIR-IG/CodeSystem/tcr-breast-ssf4,https://erichuang777777.github.io/TW-Breast-Cancer-FHIR-IG/ValueSet/tcr-breast-ssf4-vs,018,依實際檢查之哨兵淋巴結數目：18 顆,,,,,not-started,,,,Do not publish as ConceptMap until reviewed.
breast,SSF4,https://erichuang777777.github.io/TW-Breast-Cancer-FHIR-IG/CodeSystem/tcr-breast-ssf4,https://erichuang777777.github.io/TW-Breast-Cancer-FHIR-IG/ValueSet/tcr-breast-ssf4-vs,019,依實際檢查之哨兵淋巴結數目：19 顆,,,,,not-started,,,,Do not publish as ConceptMap until reviewed.
breast,SSF4,https://erichuang777777.github.io/TW-Breast-Cancer-FHIR-IG/CodeSystem/tcr-breast-ssf4,https://erichuang777777.github.io/TW-Breast-Cancer-FHIR-IG/ValueSet/tcr-breast-ssf4-vs,020,依實際檢查之哨兵淋巴結數目：20 顆,,,,,not-started,,,,Do not publish as ConceptMap until reviewed.
breast,SSF4,https://erichuang777777.github.io/TW-Breast-Cancer-FHIR-IG/CodeSystem/tcr-breast-ssf4,https://erichuang777777.github.io/TW-Breast-Cancer-FHIR-IG/ValueSet/tcr-breast-ssf4-vs,021,依實際檢查之哨兵淋巴結數目：21 顆,,,,,not-started,,,,Do not publish as ConceptMap until reviewed.
breast,SSF4,https://erichuang777777.github.io/TW-Breast-Cancer-FHIR-IG/CodeSystem/tcr-breast-ssf4,https://erichuang777777.github.io/TW-Breast-Cancer-FHIR-IG/ValueSet/tcr-breast-ssf4-vs,022,依實際檢查之哨兵淋巴結數目：22 顆,,,,,not-started,,,,Do not publish as ConceptMap until reviewed.
breast,SSF4,https://erichuang777777.github.io/TW-Breast-Cancer-FHIR-IG/CodeSystem/tcr-breast-ssf4,https://erichuang777777.github.io/TW-Breast-Cancer-FHIR-IG/ValueSet/tcr-breast-ssf4-vs,023,依實際檢查之哨兵淋巴結數目：23 顆,,,,,not-started,,,,Do not publish as ConceptMap until reviewed.
breast,SSF4,https://erichuang777777.github.io/TW-Breast-Cancer-FHIR-IG/CodeSystem/tcr-breast-ssf4,https://erichuang777777.github.io/TW-Breast-Cancer-FHIR-IG/ValueSet/tcr-breast-ssf4-vs,024,依實際檢查之哨兵淋巴結數目：24 顆,,,,,not-started,,,,Do not publish as ConceptMap until reviewed.
breast,SSF4,https://erichuang777777.github.io/TW-Breast-Cancer-FHIR-IG/CodeSystem/tcr-breast-ssf4,https://erichuang777777.github.io/TW-Breast-Cancer-FHIR-IG/ValueSet/tcr-breast-ssf4-vs,025,依實際檢查之哨兵淋巴結數目：25 顆,,,,,not-started,,,,Do not publish as ConceptMap until reviewed.
breast,SSF4,https://erichuang777777.github.io/TW-Breast-Cancer-FHIR-IG/CodeSystem/tcr-breast-ssf4,https://erichuang777777.github.io/TW-Breast-Cancer-FHIR-IG/ValueSet/tcr-breast-ssf4-vs,026,依實際檢查之哨兵淋巴結數目：26 顆,,,,,not-started,,,,Do not publish as ConceptMap until reviewed.
breast,SSF4,https://erichuang777777.github.io/TW-Breast-Cancer-FHIR-IG/CodeSystem/tcr-breast-ssf4,https://erichuang777777.github.io/TW-Breast-Cancer-FHIR-IG/ValueSet/tcr-breast-ssf4-vs,027,依實際檢查之哨兵淋巴結數目：27 顆,,,,,not-started,,,,Do not publish as ConceptMap until reviewed.
breast,SSF4,https://erichuang777777.github.io/TW-Breast-Cancer-FHIR-IG/CodeSystem/tcr-breast-ssf4,https://erichuang777777.github.io/TW-Breast-Cancer-FHIR-IG/ValueSet/tcr-breast-ssf4-vs,028,依實際檢查之哨兵淋巴結數目：28 顆,,,,,not-started,,,,Do not publish as ConceptMap until reviewed.
breast,SSF4,https://erichuang777777.github.io/TW-Breast-Cancer-FHIR-IG/CodeSystem/tcr-breast-ssf4,https://erichuang777777.github.io/TW-Breast-Cancer-FHIR-IG/ValueSet/tcr-breast-ssf4-vs,029,依實際檢查之哨兵淋巴結數目：29 顆,,,,,not-started,,,,Do not publish as ConceptMap until reviewed.
breast,SSF4,https://erichuang777777.github.io/TW-Breast-Cancer-FHIR-IG/CodeSystem/tcr-breast-ssf4,https://erichuang777777.github.io/TW-Breast-Cancer-FHIR-IG/ValueSet/tcr-breast-ssf4-vs,030,依實際檢查之哨兵淋巴結數目：30 顆,,,,,not-started,,,,Do not publish as ConceptMap until reviewed.
breast,SSF4,https://erichuang777777.github.io/TW-Breast-Cancer-FHIR-IG/CodeSystem/tcr-breast-ssf4,https://erichuang777777.github.io/TW-Breast-Cancer-FHIR-IG/ValueSet/tcr-breast-ssf4-vs,031,依實際檢查之哨兵淋巴結數目：31 顆,,,,,not-started,,,,Do not publish as ConceptMap until reviewed.
breast,SSF4,https://erichuang777777.github.io/TW-Breast-Cancer-FHIR-IG/CodeSystem/tcr-breast-ssf4,https://erichuang777777.github.io/TW-Breast-Cancer-FHIR-IG/ValueSet/tcr-breast-ssf4-vs,032,依實際檢查之哨兵淋巴結數目：32 顆,,,,,not-started,,,,Do not publish as ConceptMap until reviewed.
breast,SSF4,https://erichuang777777.github.io/TW-Breast-Cancer-FHIR-IG/CodeSystem/tcr-breast-ssf4,https://erichuang777777.github.io/TW-Breast-Cancer-FHIR-IG/ValueSet/tcr-breast-ssf4-vs,033,依實際檢查之哨兵淋巴結數目：33 顆,,,,,not-started,,,,Do not publish as ConceptMap until reviewed.
breast,SSF4,https://erichuang777777.github.io/TW-Breast-Cancer-FHIR-IG/CodeSystem/tcr-breast-ssf4,https://erichuang777777.github.io/TW-Breast-Cancer-FHIR-IG/ValueSet/tcr-breast-ssf4-vs,034,依實際檢查之哨兵淋巴結數目：34 顆,,,,,not-started,,,,Do not publish as ConceptMap until reviewed.
breast,SSF4,https://erichuang777777.github.io/TW-Breast-Cancer-FHIR-IG/CodeSystem/tcr-breast-ssf4,https://erichuang777777.github.io/TW-Breast-Cancer-FHIR-IG/ValueSet/tcr-breast-ssf4-vs,035,依實際檢查之哨兵淋巴結數目：35 顆,,,,,not-started,,,,Do not publish as ConceptMap until reviewed.
breast,SSF4,https://erichuang777777.github.io/TW-Breast-Cancer-FHIR-IG/CodeSystem/tcr-breast-ssf4,https://erichuang777777.github.io/TW-Breast-Cancer-FHIR-IG/ValueSet/tcr-breast-ssf4-vs,036,依實際檢查之哨兵淋巴結數目：36 顆,,,,,not-started,,,,Do not publish as ConceptMap until reviewed.
breast,SSF4,https://erichuang777777.github.io/TW-Breast-Cancer-FHIR-IG/CodeSystem/tcr-breast-ssf4,https://erichuang777777.github.io/TW-Breast-Cancer-FHIR-IG/ValueSet/tcr-breast-ssf4-vs,037,依實際檢查之哨兵淋巴結數目：37 顆,,,,,not-started,,,,Do not publish as ConceptMap until reviewed.
breast,SSF4,https://erichuang777777.github.io/TW-Breast-Cancer-FHIR-IG/CodeSystem/tcr-breast-ssf4,https://erichuang777777.github.io/TW-Breast-Cancer-FHIR-IG/ValueSet/tcr-breast-ssf4-vs,038,依實際檢查之哨兵淋巴結數目：38 顆,,,,,not-started,,,,Do not publish as ConceptMap until reviewed.
breast,SSF4,https://erichuang777777.github.io/TW-Breast-Cancer-FHIR-IG/CodeSystem/tcr-breast-ssf4,https://erichuang777777.github.io/TW-Breast-Cancer-FHIR-IG/ValueSet/tcr-breast-ssf4-vs,039,依實際檢查之哨兵淋巴結數目：39 顆,,,,,not-started,,,,Do not publish as ConceptMap until reviewed.
breast,SSF4,https://erichuang777777.github.io/TW-Breast-Cancer-FHIR-IG/CodeSystem/tcr-breast-ssf4,https://erichuang777777.github.io/TW-Breast-Cancer-FHIR-IG/ValueSet/tcr-breast-ssf4-vs,040,依實際檢查之哨兵淋巴結數目：40 顆,,,,,not-started,,,,Do not publish as ConceptMap until reviewed.
breast,SSF4,https://erichuang777777.github.io/TW-Breast-Cancer-FHIR-IG/CodeSystem/tcr-breast-ssf4,https://erichuang777777.github.io/TW-Breast-Cancer-FHIR-IG/ValueSet/tcr-breast-ssf4-vs,041,依實際檢查之哨兵淋巴結數目：41 顆,,,,,not-started,,,,Do not publish as ConceptMap until reviewed.
breast,SSF4,https://erichuang777777.github.io/TW-Breast-Cancer-FHIR-IG/CodeSystem/tcr-breast-ssf4,https://erichuang777777.github.io/TW-Breast-Cancer-FHIR-IG/ValueSet/tcr-breast-ssf4-vs,042,依實際檢查之哨兵淋巴結數目：42 顆,,,,,not-started,,,,Do not publish as ConceptMap until reviewed.
breast,SSF4,https://erichuang777777.github.io/TW-Breast-Cancer-FHIR-IG/CodeSystem/tcr-breast-ssf4,https://erichuang777777.github.io/TW-Breast-Cancer-FHIR-IG/ValueSet/tcr-breast-ssf4-vs,043,依實際檢查之哨兵淋巴結數目：43 顆,,,,,not-started,,,,Do not publish as ConceptMap until reviewed.
breast,SSF4,https://erichuang777777.github.io/TW-Breast-Cancer-FHIR-IG/CodeSystem/tcr-breast-ssf4,https://erichuang777777.github.io/TW-Breast-Cancer-FHIR-IG/ValueSet/tcr-breast-ssf4-vs,044,依實際檢查之哨兵淋巴結數目：44 顆,,,,,not-started,,,,Do not publish as ConceptMap until reviewed.
breast,SSF4,https://erichuang777777.github.io/TW-Breast-Cancer-FHIR-IG/CodeSystem/tcr-breast-ssf4,https://erichuang777777.github.io/TW-Breast-Cancer-FHIR-IG/ValueSet/tcr-breast-ssf4-vs,045,依實際檢查之哨兵淋巴結數目：45 顆,,,,,not-started,,,,Do not publish as ConceptMap until reviewed.
breast,SSF4,https://erichuang777777.github.io/TW-Breast-Cancer-FHIR-IG/CodeSystem/tcr-breast-ssf4,https://erichuang777777.github.io/TW-Breast-Cancer-FHIR-IG/ValueSet/tcr-breast-ssf4-vs,046,依實際檢查之哨兵淋巴結數目：46 顆,,,,,not-started,,,,Do not publish as ConceptMap until reviewed.
breast,SSF4,https://erichuang777777.github.io/TW-Breast-Cancer-FHIR-IG/CodeSystem/tcr-breast-ssf4,https://erichuang777777.github.io/TW-Breast-Cancer-FHIR-IG/ValueSet/tcr-breast-ssf4-vs,047,依實際檢查之哨兵淋巴結數目：47 顆,,,,,not-started,,,,Do not publish as ConceptMap until reviewed.
breast,SSF4,https://erichuang777777.github.io/TW-Breast-Cancer-FHIR-IG/CodeSystem/tcr-breast-ssf4,https://erichuang777777.github.io/TW-Breast-Cancer-FHIR-IG/ValueSet/tcr-breast-ssf4-vs,048,依實際檢查之哨兵淋巴結數目：48 顆,,,,,not-started,,,,Do not publish as ConceptMap until reviewed.
breast,SSF4,https://erichuang777777.github.io/TW-Breast-Cancer-FHIR-IG/CodeSystem/tcr-breast-ssf4,https://erichuang777777.github.io/TW-Breast-Cancer-FHIR-IG/ValueSet/tcr-breast-ssf4-vs,049,依實際檢查之哨兵淋巴結數目：49 顆,,,,,not-started,,,,Do not publish as ConceptMap until reviewed.
breast,SSF4,https://erichuang777777.github.io/TW-Breast-Cancer-FHIR-IG/CodeSystem/tcr-breast-ssf4,https://erichuang777777.github.io/TW-Breast-Cancer-FHIR-IG/ValueSet/tcr-breast-ssf4-vs,050,依實際檢查之哨兵淋巴結數目：50 顆,,,,,not-started,,,,Do not publish as ConceptMap until reviewed.
breast,SSF4,https://erichuang777777.github.io/TW-Breast-Cancer-FHIR-IG/CodeSystem/tcr-breast-ssf4,https://erichuang777777.github.io/TW-Breast-Cancer-FHIR-IG/ValueSet/tcr-breast-ssf4-vs,051,依實際檢查之哨兵淋巴結數目：51 顆,,,,,not-started,,,,Do not publish as ConceptMap until reviewed.
breast,SSF4,https://erichuang777777.github.io/TW-Breast-Cancer-FHIR-IG/CodeSystem/tcr-breast-ssf4,https://erichuang777777.github.io/TW-Breast-Cancer-FHIR-IG/ValueSet/tcr-breast-ssf4-vs,052,依實際檢查之哨兵淋巴結數目：52 顆,,,,,not-started,,,,Do not publish as ConceptMap until reviewed.
breast,SSF4,https://erichuang777777.github.io/TW-Breast-Cancer-FHIR-IG/CodeSystem/tcr-breast-ssf4,https://erichuang777777.github.io/TW-Breast-Cancer-FHIR-IG/ValueSet/tcr-breast-ssf4-vs,053,依實際檢查之哨兵淋巴結數目：53 顆,,,,,not-started,,,,Do not publish as ConceptMap until reviewed.
breast,SSF4,https://erichuang777777.github.io/TW-Breast-Cancer-FHIR-IG/CodeSystem/tcr-breast-ssf4,https://erichuang777777.github.io/TW-Breast-Cancer-FHIR-IG/ValueSet/tcr-breast-ssf4-vs,054,依實際檢查之哨兵淋巴結數目：54 顆,,,,,not-started,,,,Do not publish as ConceptMap until reviewed.
breast,SSF4,https://erichuang777777.github.io/TW-Breast-Cancer-FHIR-IG/CodeSystem/tcr-breast-ssf4,https://erichuang777777.github.io/TW-Breast-Cancer-FHIR-IG/ValueSet/tcr-breast-ssf4-vs,055,依實際檢查之哨兵淋巴結數目：55 顆,,,,,not-started,,,,Do not publish as ConceptMap until reviewed.
breast,SSF4,https://erichuang777777.github.io/TW-Breast-Cancer-FHIR-IG/CodeSystem/tcr-breast-ssf4,https://erichuang777777.github.io/TW-Breast-Cancer-FHIR-IG/ValueSet/tcr-breast-ssf4-vs,056,依實際檢查之哨兵淋巴結數目：56 顆,,,,,not-started,,,,Do not publish as ConceptMap until reviewed.
breast,SSF4,https://erichuang777777.github.io/TW-Breast-Cancer-FHIR-IG/CodeSystem/tcr-breast-ssf4,https://erichuang777777.github.io/TW-Breast-Cancer-FHIR-IG/ValueSet/tcr-breast-ssf4-vs,057,依實際檢查之哨兵淋巴結數目：57 顆,,,,,not-started,,,,Do not publish as ConceptMap until reviewed.
breast,SSF4,https://erichuang777777.github.io/TW-Breast-Cancer-FHIR-IG/CodeSystem/tcr-breast-ssf4,https://erichuang777777.github.io/TW-Breast-Cancer-FHIR-IG/ValueSet/tcr-breast-ssf4-vs,058,依實際檢查之哨兵淋巴結數目：58 顆,,,,,not-started,,,,Do not publish as ConceptMap until reviewed.
breast,SSF4,https://erichuang777777.github.io/TW-Breast-Cancer-FHIR-IG/CodeSystem/tcr-breast-ssf4,https://erichuang777777.github.io/TW-Breast-Cancer-FHIR-IG/ValueSet/tcr-breast-ssf4-vs,059,依實際檢查之哨兵淋巴結數目：59 顆,,,,,not-started,,,,Do not publish as ConceptMap until reviewed.
breast,SSF4,https://erichuang777777.github.io/TW-Breast-Cancer-FHIR-IG/CodeSystem/tcr-breast-ssf4,https://erichuang777777.github.io/TW-Breast-Cancer-FHIR-IG/ValueSet/tcr-breast-ssf4-vs,060,依實際檢查之哨兵淋巴結數目：60 顆,,,,,not-started,,,,Do not publish as ConceptMap until reviewed.
breast,SSF4,https://erichuang777777.github.io/TW-Breast-Cancer-FHIR-IG/CodeSystem/tcr-breast-ssf4,https://erichuang777777.github.io/TW-Breast-Cancer-FHIR-IG/ValueSet/tcr-breast-ssf4-vs,061,依實際檢查之哨兵淋巴結數目：61 顆,,,,,not-started,,,,Do not publish as ConceptMap until reviewed.
breast,SSF4,https://erichuang777777.github.io/TW-Breast-Cancer-FHIR-IG/CodeSystem/tcr-breast-ssf4,https://erichuang777777.github.io/TW-Breast-Cancer-FHIR-IG/ValueSet/tcr-breast-ssf4-vs,062,依實際檢查之哨兵淋巴結數目：62 顆,,,,,not-started,,,,Do not publish as ConceptMap until reviewed.
breast,SSF4,https://erichuang777777.github.io/TW-Breast-Cancer-FHIR-IG/CodeSystem/tcr-breast-ssf4,https://erichuang777777.github.io/TW-Breast-Cancer-FHIR-IG/ValueSet/tcr-breast-ssf4-vs,063,依實際檢查之哨兵淋巴結數目：63 顆,,,,,not-started,,,,Do not publish as ConceptMap until reviewed.
breast,SSF4,https://erichuang777777.github.io/TW-Breast-Cancer-FHIR-IG/CodeSystem/tcr-breast-ssf4,https://erichuang777777.github.io/TW-Breast-Cancer-FHIR-IG/ValueSet/tcr-breast-ssf4-vs,064,依實際檢查之哨兵淋巴結數目：64 顆,,,,,not-started,,,,Do not publish as ConceptMap until reviewed.
breast,SSF4,https://erichuang777777.github.io/TW-Breast-Cancer-FHIR-IG/CodeSystem/tcr-breast-ssf4,https://erichuang777777.github.io/TW-Breast-Cancer-FHIR-IG/ValueSet/tcr-breast-ssf4-vs,065,依實際檢查之哨兵淋巴結數目：65 顆,,,,,not-started,,,,Do not publish as ConceptMap until reviewed.
breast,SSF4,https://erichuang777777.github.io/TW-Breast-Cancer-FHIR-IG/CodeSystem/tcr-breast-ssf4,https://erichuang777777.github.io/TW-Breast-Cancer-FHIR-IG/ValueSet/tcr-breast-ssf4-vs,066,依實際檢查之哨兵淋巴結數目：66 顆,,,,,not-started,,,,Do not publish as ConceptMap until reviewed.
breast,SSF4,https://erichuang777777.github.io/TW-Breast-Cancer-FHIR-IG/CodeSystem/tcr-breast-ssf4,https://erichuang777777.github.io/TW-Breast-Cancer-FHIR-IG/ValueSet/tcr-breast-ssf4-vs,067,依實際檢查之哨兵淋巴結數目：67 顆,,,,,not-started,,,,Do not publish as ConceptMap until reviewed.
breast,SSF4,https://erichuang777777.github.io/TW-Breast-Cancer-FHIR-IG/CodeSystem/tcr-breast-ssf4,https://erichuang777777.github.io/TW-Breast-Cancer-FHIR-IG/ValueSet/tcr-breast-ssf4-vs,068,依實際檢查之哨兵淋巴結數目：68 顆,,,,,not-started,,,,Do not publish as ConceptMap until reviewed.
breast,SSF4,https://erichuang777777.github.io/TW-Breast-Cancer-FHIR-IG/CodeSystem/tcr-breast-ssf4,https://erichuang777777.github.io/TW-Breast-Cancer-FHIR-IG/ValueSet/tcr-breast-ssf4-vs,069,依實際檢查之哨兵淋巴結數目：69 顆,,,,,not-started,,,,Do not publish as ConceptMap until reviewed.
breast,SSF4,https://erichuang777777.github.io/TW-Breast-Cancer-FHIR-IG/CodeSystem/tcr-breast-ssf4,https://erichuang777777.github.io/TW-Breast-Cancer-FHIR-IG/ValueSet/tcr-breast-ssf4-vs,070,依實際檢查之哨兵淋巴結數目：70 顆,,,,,not-started,,,,Do not publish as ConceptMap until reviewed.
breast,SSF4,https://erichuang777777.github.io/TW-Breast-Cancer-FHIR-IG/CodeSystem/tcr-breast-ssf4,https://erichuang777777.github.io/TW-Breast-Cancer-FHIR-IG/ValueSet/tcr-breast-ssf4-vs,071,依實際檢查之哨兵淋巴結數目：71 顆,,,,,not-started,,,,Do not publish as ConceptMap until reviewed.
breast,SSF4,https://erichuang777777.github.io/TW-Breast-Cancer-FHIR-IG/CodeSystem/tcr-breast-ssf4,https://erichuang777777.github.io/TW-Breast-Cancer-FHIR-IG/ValueSet/tcr-breast-ssf4-vs,072,依實際檢查之哨兵淋巴結數目：72 顆,,,,,not-started,,,,Do not publish as ConceptMap until reviewed.
breast,SSF4,https://erichuang777777.github.io/TW-Breast-Cancer-FHIR-IG/CodeSystem/tcr-breast-ssf4,https://erichuang777777.github.io/TW-Breast-Cancer-FHIR-IG/ValueSet/tcr-breast-ssf4-vs,073,依實際檢查之哨兵淋巴結數目：73 顆,,,,,not-started,,,,Do not publish as ConceptMap until reviewed.
breast,SSF4,https://erichuang777777.github.io/TW-Breast-Cancer-FHIR-IG/CodeSystem/tcr-breast-ssf4,https://erichuang777777.github.io/TW-Breast-Cancer-FHIR-IG/ValueSet/tcr-breast-ssf4-vs,074,依實際檢查之哨兵淋巴結數目：74 顆,,,,,not-started,,,,Do not publish as ConceptMap until reviewed.
breast,SSF4,https://erichuang777777.github.io/TW-Breast-Cancer-FHIR-IG/CodeSystem/tcr-breast-ssf4,https://erichuang777777.github.io/TW-Breast-Cancer-FHIR-IG/ValueSet/tcr-breast-ssf4-vs,075,依實際檢查之哨兵淋巴結數目：75 顆,,,,,not-started,,,,Do not publish as ConceptMap until reviewed.
breast,SSF4,https://erichuang777777.github.io/TW-Breast-Cancer-FHIR-IG/CodeSystem/tcr-breast-ssf4,https://erichuang777777.github.io/TW-Breast-Cancer-FHIR-IG/ValueSet/tcr-breast-ssf4-vs,076,依實際檢查之哨兵淋巴結數目：76 顆,,,,,not-started,,,,Do not publish as ConceptMap until reviewed.
breast,SSF4,https://erichuang777777.github.io/TW-Breast-Cancer-FHIR-IG/CodeSystem/tcr-breast-ssf4,https://erichuang777777.github.io/TW-Breast-Cancer-FHIR-IG/ValueSet/tcr-breast-ssf4-vs,077,依實際檢查之哨兵淋巴結數目：77 顆,,,,,not-started,,,,Do not publish as ConceptMap until reviewed.
breast,SSF4,https://erichuang777777.github.io/TW-Breast-Cancer-FHIR-IG/CodeSystem/tcr-breast-ssf4,https://erichuang777777.github.io/TW-Breast-Cancer-FHIR-IG/ValueSet/tcr-breast-ssf4-vs,078,依實際檢查之哨兵淋巴結數目：78 顆,,,,,not-started,,,,Do not publish as ConceptMap until reviewed.
breast,SSF4,https://erichuang777777.github.io/TW-Breast-Cancer-FHIR-IG/CodeSystem/tcr-breast-ssf4,https://erichuang777777.github.io/TW-Breast-Cancer-FHIR-IG/ValueSet/tcr-breast-ssf4-vs,079,依實際檢查之哨兵淋巴結數目：79 顆,,,,,not-started,,,,Do not publish as ConceptMap until reviewed.
breast,SSF4,https://erichuang777777.github.io/TW-Breast-Cancer-FHIR-IG/CodeSystem/tcr-breast-ssf4,https://erichuang777777.github.io/TW-Breast-Cancer-FHIR-IG/ValueSet/tcr-breast-ssf4-vs,080,依實際檢查之哨兵淋巴結數目：80 顆,,,,,not-started,,,,Do not publish as ConceptMap until reviewed.
breast,SSF4,https://erichuang777777.github.io/TW-Breast-Cancer-FHIR-IG/CodeSystem/tcr-breast-ssf4,https://erichuang777777.github.io/TW-Breast-Cancer-FHIR-IG/ValueSet/tcr-breast-ssf4-vs,081,依實際檢查之哨兵淋巴結數目：81 顆,,,,,not-started,,,,Do not publish as ConceptMap until reviewed.
breast,SSF4,https://erichuang777777.github.io/TW-Breast-Cancer-FHIR-IG/CodeSystem/tcr-breast-ssf4,https://erichuang777777.github.io/TW-Breast-Cancer-FHIR-IG/ValueSet/tcr-breast-ssf4-vs,082,依實際檢查之哨兵淋巴結數目：82 顆,,,,,not-started,,,,Do not publish as ConceptMap until reviewed.
breast,SSF4,https://erichuang777777.github.io/TW-Breast-Cancer-FHIR-IG/CodeSystem/tcr-breast-ssf4,https://erichuang777777.github.io/TW-Breast-Cancer-FHIR-IG/ValueSet/tcr-breast-ssf4-vs,083,依實際檢查之哨兵淋巴結數目：83 顆,,,,,not-started,,,,Do not publish as ConceptMap until reviewed.
breast,SSF4,https://erichuang777777.github.io/TW-Breast-Cancer-FHIR-IG/CodeSystem/tcr-breast-ssf4,https://erichuang777777.github.io/TW-Breast-Cancer-FHIR-IG/ValueSet/tcr-breast-ssf4-vs,084,依實際檢查之哨兵淋巴結數目：84 顆,,,,,not-started,,,,Do not publish as ConceptMap until reviewed.
breast,SSF4,https://erichuang777777.github.io/TW-Breast-Cancer-FHIR-IG/CodeSystem/tcr-breast-ssf4,https://erichuang777777.github.io/TW-Breast-Cancer-FHIR-IG/ValueSet/tcr-breast-ssf4-vs,085,依實際檢查之哨兵淋巴結數目：85 顆,,,,,not-started,,,,Do not publish as ConceptMap until reviewed.
breast,SSF4,https://erichuang777777.github.io/TW-Breast-Cancer-FHIR-IG/CodeSystem/tcr-breast-ssf4,https://erichuang777777.github.io/TW-Breast-Cancer-FHIR-IG/ValueSet/tcr-breast-ssf4-vs,086,依實際檢查之哨兵淋巴結數目：86 顆,,,,,not-started,,,,Do not publish as ConceptMap until reviewed.
breast,SSF4,https://erichuang777777.github.io/TW-Breast-Cancer-FHIR-IG/CodeSystem/tcr-breast-ssf4,https://erichuang777777.github.io/TW-Breast-Cancer-FHIR-IG/ValueSet/tcr-breast-ssf4-vs,087,依實際檢查之哨兵淋巴結數目：87 顆,,,,,not-started,,,,Do not publish as ConceptMap until reviewed.
breast,SSF4,https://erichuang777777.github.io/TW-Breast-Cancer-FHIR-IG/CodeSystem/tcr-breast-ssf4,https://erichuang777777.github.io/TW-Breast-Cancer-FHIR-IG/ValueSet/tcr-breast-ssf4-vs,088,依實際檢查之哨兵淋巴結數目：88 顆,,,,,not-started,,,,Do not publish as ConceptMap until reviewed.
breast,SSF4,https://erichuang777777.github.io/TW-Breast-Cancer-FHIR-IG/CodeSystem/tcr-breast-ssf4,https://erichuang777777.github.io/TW-Breast-Cancer-FHIR-IG/ValueSet/tcr-breast-ssf4-vs,089,依實際檢查之哨兵淋巴結數目：89 顆,,,,,not-started,,,,Do not publish as ConceptMap until reviewed.
breast,SSF4,https://erichuang777777.github.io/TW-Breast-Cancer-FHIR-IG/CodeSystem/tcr-breast-ssf4,https://erichuang777777.github.io/TW-Breast-Cancer-FHIR-IG/ValueSet/tcr-breast-ssf4-vs,988,不適用（例如前導性治療後手術才做哨兵淋巴結檢查）,,,,,not-started,,,,Do not publish as ConceptMap until reviewed.
breast,SSF4,https://erichuang777777.github.io/TW-Breast-Cancer-FHIR-IG/CodeSystem/tcr-breast-ssf4,https://erichuang777777.github.io/TW-Breast-Cancer-FHIR-IG/ValueSet/tcr-breast-ssf4-vs,996,病歷記載有哨兵淋巴結檢查但數目不詳；或確實取樣但病理報告未發現淋巴結組織,,,,,not-started,,,,Do not publish as ConceptMap until reviewed.
breast,SSF4,https://erichuang777777.github.io/TW-Breast-Cancer-FHIR-IG/CodeSystem/tcr-breast-ssf4,https://erichuang777777.github.io/TW-Breast-Cancer-FHIR-IG/ValueSet/tcr-breast-ssf4-vs,999,不清楚檢測是否執行／病歷未記載,,,,,not-started,,,,Do not publish as ConceptMap until reviewed.
breast,SSF5,https://erichuang777777.github.io/TW-Breast-Cancer-FHIR-IG/CodeSystem/tcr-breast-ssf5,https://erichuang777777.github.io/TW-Breast-Cancer-FHIR-IG/ValueSet/tcr-breast-ssf5-vs,000,沒有哨兵淋巴結侵犯；或淋巴結僅有 isolated tumor cell (ITCs) 侵犯；或取樣未發現淋巴結組織且該組織未被侵犯,,,,,not-started,,,,Do not publish as ConceptMap until reviewed.
breast,SSF5,https://erichuang777777.github.io/TW-Breast-Cancer-FHIR-IG/CodeSystem/tcr-breast-ssf5,https://erichuang777777.github.io/TW-Breast-Cancer-FHIR-IG/ValueSet/tcr-breast-ssf5-vs,001,依實際侵犯之哨兵淋巴結數目：1 顆,,,,,not-started,,,,Do not publish as ConceptMap until reviewed.
breast,SSF5,https://erichuang777777.github.io/TW-Breast-Cancer-FHIR-IG/CodeSystem/tcr-breast-ssf5,https://erichuang777777.github.io/TW-Breast-Cancer-FHIR-IG/ValueSet/tcr-breast-ssf5-vs,002,依實際侵犯之哨兵淋巴結數目：2 顆,,,,,not-started,,,,Do not publish as ConceptMap until reviewed.
breast,SSF5,https://erichuang777777.github.io/TW-Breast-Cancer-FHIR-IG/CodeSystem/tcr-breast-ssf5,https://erichuang777777.github.io/TW-Breast-Cancer-FHIR-IG/ValueSet/tcr-breast-ssf5-vs,003,依實際侵犯之哨兵淋巴結數目：3 顆,,,,,not-started,,,,Do not publish as ConceptMap until reviewed.
breast,SSF5,https://erichuang777777.github.io/TW-Breast-Cancer-FHIR-IG/CodeSystem/tcr-breast-ssf5,https://erichuang777777.github.io/TW-Breast-Cancer-FHIR-IG/ValueSet/tcr-breast-ssf5-vs,004,依實際侵犯之哨兵淋巴結數目：4 顆,,,,,not-started,,,,Do not publish as ConceptMap until reviewed.
breast,SSF5,https://erichuang777777.github.io/TW-Breast-Cancer-FHIR-IG/CodeSystem/tcr-breast-ssf5,https://erichuang777777.github.io/TW-Breast-Cancer-FHIR-IG/ValueSet/tcr-breast-ssf5-vs,005,依實際侵犯之哨兵淋巴結數目：5 顆,,,,,not-started,,,,Do not publish as ConceptMap until reviewed.
breast,SSF5,https://erichuang777777.github.io/TW-Breast-Cancer-FHIR-IG/CodeSystem/tcr-breast-ssf5,https://erichuang777777.github.io/TW-Breast-Cancer-FHIR-IG/ValueSet/tcr-breast-ssf5-vs,006,依實際侵犯之哨兵淋巴結數目：6 顆,,,,,not-started,,,,Do not publish as ConceptMap until reviewed.
breast,SSF5,https://erichuang777777.github.io/TW-Breast-Cancer-FHIR-IG/CodeSystem/tcr-breast-ssf5,https://erichuang777777.github.io/TW-Breast-Cancer-FHIR-IG/ValueSet/tcr-breast-ssf5-vs,007,依實際侵犯之哨兵淋巴結數目：7 顆,,,,,not-started,,,,Do not publish as ConceptMap until reviewed.
breast,SSF5,https://erichuang777777.github.io/TW-Breast-Cancer-FHIR-IG/CodeSystem/tcr-breast-ssf5,https://erichuang777777.github.io/TW-Breast-Cancer-FHIR-IG/ValueSet/tcr-breast-ssf5-vs,008,依實際侵犯之哨兵淋巴結數目：8 顆,,,,,not-started,,,,Do not publish as ConceptMap until reviewed.
breast,SSF5,https://erichuang777777.github.io/TW-Breast-Cancer-FHIR-IG/CodeSystem/tcr-breast-ssf5,https://erichuang777777.github.io/TW-Breast-Cancer-FHIR-IG/ValueSet/tcr-breast-ssf5-vs,009,依實際侵犯之哨兵淋巴結數目：9 顆,,,,,not-started,,,,Do not publish as ConceptMap until reviewed.
breast,SSF5,https://erichuang777777.github.io/TW-Breast-Cancer-FHIR-IG/CodeSystem/tcr-breast-ssf5,https://erichuang777777.github.io/TW-Breast-Cancer-FHIR-IG/ValueSet/tcr-breast-ssf5-vs,010,依實際侵犯之哨兵淋巴結數目：10 顆,,,,,not-started,,,,Do not publish as ConceptMap until reviewed.
breast,SSF5,https://erichuang777777.github.io/TW-Breast-Cancer-FHIR-IG/CodeSystem/tcr-breast-ssf5,https://erichuang777777.github.io/TW-Breast-Cancer-FHIR-IG/ValueSet/tcr-breast-ssf5-vs,011,依實際侵犯之哨兵淋巴結數目：11 顆,,,,,not-started,,,,Do not publish as ConceptMap until reviewed.
breast,SSF5,https://erichuang777777.github.io/TW-Breast-Cancer-FHIR-IG/CodeSystem/tcr-breast-ssf5,https://erichuang777777.github.io/TW-Breast-Cancer-FHIR-IG/ValueSet/tcr-breast-ssf5-vs,012,依實際侵犯之哨兵淋巴結數目：12 顆,,,,,not-started,,,,Do not publish as ConceptMap until reviewed.
breast,SSF5,https://erichuang777777.github.io/TW-Breast-Cancer-FHIR-IG/CodeSystem/tcr-breast-ssf5,https://erichuang777777.github.io/TW-Breast-Cancer-FHIR-IG/ValueSet/tcr-breast-ssf5-vs,013,依實際侵犯之哨兵淋巴結數目：13 顆,,,,,not-started,,,,Do not publish as ConceptMap until reviewed.
breast,SSF5,https://erichuang777777.github.io/TW-Breast-Cancer-FHIR-IG/CodeSystem/tcr-breast-ssf5,https://erichuang777777.github.io/TW-Breast-Cancer-FHIR-IG/ValueSet/tcr-breast-ssf5-vs,014,依實際侵犯之哨兵淋巴結數目：14 顆,,,,,not-started,,,,Do not publish as ConceptMap until reviewed.
breast,SSF5,https://erichuang777777.github.io/TW-Breast-Cancer-FHIR-IG/CodeSystem/tcr-breast-ssf5,https://erichuang777777.github.io/TW-Breast-Cancer-FHIR-IG/ValueSet/tcr-breast-ssf5-vs,015,依實際侵犯之哨兵淋巴結數目：15 顆,,,,,not-started,,,,Do not publish as ConceptMap until reviewed.
breast,SSF5,https://erichuang777777.github.io/TW-Breast-Cancer-FHIR-IG/CodeSystem/tcr-breast-ssf5,https://erichuang777777.github.io/TW-Breast-Cancer-FHIR-IG/ValueSet/tcr-breast-ssf5-vs,016,依實際侵犯之哨兵淋巴結數目：16 顆,,,,,not-started,,,,Do not publish as ConceptMap until reviewed.
breast,SSF5,https://erichuang777777.github.io/TW-Breast-Cancer-FHIR-IG/CodeSystem/tcr-breast-ssf5,https://erichuang777777.github.io/TW-Breast-Cancer-FHIR-IG/ValueSet/tcr-breast-ssf5-vs,017,依實際侵犯之哨兵淋巴結數目：17 顆,,,,,not-started,,,,Do not publish as ConceptMap until reviewed.
breast,SSF5,https://erichuang777777.github.io/TW-Breast-Cancer-FHIR-IG/CodeSystem/tcr-breast-ssf5,https://erichuang777777.github.io/TW-Breast-Cancer-FHIR-IG/ValueSet/tcr-breast-ssf5-vs,018,依實際侵犯之哨兵淋巴結數目：18 顆,,,,,not-started,,,,Do not publish as ConceptMap until reviewed.
breast,SSF5,https://erichuang777777.github.io/TW-Breast-Cancer-FHIR-IG/CodeSystem/tcr-breast-ssf5,https://erichuang777777.github.io/TW-Breast-Cancer-FHIR-IG/ValueSet/tcr-breast-ssf5-vs,019,依實際侵犯之哨兵淋巴結數目：19 顆,,,,,not-started,,,,Do not publish as ConceptMap until reviewed.
breast,SSF5,https://erichuang777777.github.io/TW-Breast-Cancer-FHIR-IG/CodeSystem/tcr-breast-ssf5,https://erichuang777777.github.io/TW-Breast-Cancer-FHIR-IG/ValueSet/tcr-breast-ssf5-vs,020,依實際侵犯之哨兵淋巴結數目：20 顆,,,,,not-started,,,,Do not publish as ConceptMap until reviewed.
breast,SSF5,https://erichuang777777.github.io/TW-Breast-Cancer-FHIR-IG/CodeSystem/tcr-breast-ssf5,https://erichuang777777.github.io/TW-Breast-Cancer-FHIR-IG/ValueSet/tcr-breast-ssf5-vs,021,依實際侵犯之哨兵淋巴結數目：21 顆,,,,,not-started,,,,Do not publish as ConceptMap until reviewed.
breast,SSF5,https://erichuang777777.github.io/TW-Breast-Cancer-FHIR-IG/CodeSystem/tcr-breast-ssf5,https://erichuang777777.github.io/TW-Breast-Cancer-FHIR-IG/ValueSet/tcr-breast-ssf5-vs,022,依實際侵犯之哨兵淋巴結數目：22 顆,,,,,not-started,,,,Do not publish as ConceptMap until reviewed.
breast,SSF5,https://erichuang777777.github.io/TW-Breast-Cancer-FHIR-IG/CodeSystem/tcr-breast-ssf5,https://erichuang777777.github.io/TW-Breast-Cancer-FHIR-IG/ValueSet/tcr-breast-ssf5-vs,023,依實際侵犯之哨兵淋巴結數目：23 顆,,,,,not-started,,,,Do not publish as ConceptMap until reviewed.
breast,SSF5,https://erichuang777777.github.io/TW-Breast-Cancer-FHIR-IG/CodeSystem/tcr-breast-ssf5,https://erichuang777777.github.io/TW-Breast-Cancer-FHIR-IG/ValueSet/tcr-breast-ssf5-vs,024,依實際侵犯之哨兵淋巴結數目：24 顆,,,,,not-started,,,,Do not publish as ConceptMap until reviewed.
breast,SSF5,https://erichuang777777.github.io/TW-Breast-Cancer-FHIR-IG/CodeSystem/tcr-breast-ssf5,https://erichuang777777.github.io/TW-Breast-Cancer-FHIR-IG/ValueSet/tcr-breast-ssf5-vs,025,依實際侵犯之哨兵淋巴結數目：25 顆,,,,,not-started,,,,Do not publish as ConceptMap until reviewed.
breast,SSF5,https://erichuang777777.github.io/TW-Breast-Cancer-FHIR-IG/CodeSystem/tcr-breast-ssf5,https://erichuang777777.github.io/TW-Breast-Cancer-FHIR-IG/ValueSet/tcr-breast-ssf5-vs,026,依實際侵犯之哨兵淋巴結數目：26 顆,,,,,not-started,,,,Do not publish as ConceptMap until reviewed.
breast,SSF5,https://erichuang777777.github.io/TW-Breast-Cancer-FHIR-IG/CodeSystem/tcr-breast-ssf5,https://erichuang777777.github.io/TW-Breast-Cancer-FHIR-IG/ValueSet/tcr-breast-ssf5-vs,027,依實際侵犯之哨兵淋巴結數目：27 顆,,,,,not-started,,,,Do not publish as ConceptMap until reviewed.
breast,SSF5,https://erichuang777777.github.io/TW-Breast-Cancer-FHIR-IG/CodeSystem/tcr-breast-ssf5,https://erichuang777777.github.io/TW-Breast-Cancer-FHIR-IG/ValueSet/tcr-breast-ssf5-vs,028,依實際侵犯之哨兵淋巴結數目：28 顆,,,,,not-started,,,,Do not publish as ConceptMap until reviewed.
breast,SSF5,https://erichuang777777.github.io/TW-Breast-Cancer-FHIR-IG/CodeSystem/tcr-breast-ssf5,https://erichuang777777.github.io/TW-Breast-Cancer-FHIR-IG/ValueSet/tcr-breast-ssf5-vs,029,依實際侵犯之哨兵淋巴結數目：29 顆,,,,,not-started,,,,Do not publish as ConceptMap until reviewed.
breast,SSF5,https://erichuang777777.github.io/TW-Breast-Cancer-FHIR-IG/CodeSystem/tcr-breast-ssf5,https://erichuang777777.github.io/TW-Breast-Cancer-FHIR-IG/ValueSet/tcr-breast-ssf5-vs,030,依實際侵犯之哨兵淋巴結數目：30 顆,,,,,not-started,,,,Do not publish as ConceptMap until reviewed.
breast,SSF5,https://erichuang777777.github.io/TW-Breast-Cancer-FHIR-IG/CodeSystem/tcr-breast-ssf5,https://erichuang777777.github.io/TW-Breast-Cancer-FHIR-IG/ValueSet/tcr-breast-ssf5-vs,031,依實際侵犯之哨兵淋巴結數目：31 顆,,,,,not-started,,,,Do not publish as ConceptMap until reviewed.
breast,SSF5,https://erichuang777777.github.io/TW-Breast-Cancer-FHIR-IG/CodeSystem/tcr-breast-ssf5,https://erichuang777777.github.io/TW-Breast-Cancer-FHIR-IG/ValueSet/tcr-breast-ssf5-vs,032,依實際侵犯之哨兵淋巴結數目：32 顆,,,,,not-started,,,,Do not publish as ConceptMap until reviewed.
breast,SSF5,https://erichuang777777.github.io/TW-Breast-Cancer-FHIR-IG/CodeSystem/tcr-breast-ssf5,https://erichuang777777.github.io/TW-Breast-Cancer-FHIR-IG/ValueSet/tcr-breast-ssf5-vs,033,依實際侵犯之哨兵淋巴結數目：33 顆,,,,,not-started,,,,Do not publish as ConceptMap until reviewed.
breast,SSF5,https://erichuang777777.github.io/TW-Breast-Cancer-FHIR-IG/CodeSystem/tcr-breast-ssf5,https://erichuang777777.github.io/TW-Breast-Cancer-FHIR-IG/ValueSet/tcr-breast-ssf5-vs,034,依實際侵犯之哨兵淋巴結數目：34 顆,,,,,not-started,,,,Do not publish as ConceptMap until reviewed.
breast,SSF5,https://erichuang777777.github.io/TW-Breast-Cancer-FHIR-IG/CodeSystem/tcr-breast-ssf5,https://erichuang777777.github.io/TW-Breast-Cancer-FHIR-IG/ValueSet/tcr-breast-ssf5-vs,035,依實際侵犯之哨兵淋巴結數目：35 顆,,,,,not-started,,,,Do not publish as ConceptMap until reviewed.
breast,SSF5,https://erichuang777777.github.io/TW-Breast-Cancer-FHIR-IG/CodeSystem/tcr-breast-ssf5,https://erichuang777777.github.io/TW-Breast-Cancer-FHIR-IG/ValueSet/tcr-breast-ssf5-vs,036,依實際侵犯之哨兵淋巴結數目：36 顆,,,,,not-started,,,,Do not publish as ConceptMap until reviewed.
breast,SSF5,https://erichuang777777.github.io/TW-Breast-Cancer-FHIR-IG/CodeSystem/tcr-breast-ssf5,https://erichuang777777.github.io/TW-Breast-Cancer-FHIR-IG/ValueSet/tcr-breast-ssf5-vs,037,依實際侵犯之哨兵淋巴結數目：37 顆,,,,,not-started,,,,Do not publish as ConceptMap until reviewed.
breast,SSF5,https://erichuang777777.github.io/TW-Breast-Cancer-FHIR-IG/CodeSystem/tcr-breast-ssf5,https://erichuang777777.github.io/TW-Breast-Cancer-FHIR-IG/ValueSet/tcr-breast-ssf5-vs,038,依實際侵犯之哨兵淋巴結數目：38 顆,,,,,not-started,,,,Do not publish as ConceptMap until reviewed.
breast,SSF5,https://erichuang777777.github.io/TW-Breast-Cancer-FHIR-IG/CodeSystem/tcr-breast-ssf5,https://erichuang777777.github.io/TW-Breast-Cancer-FHIR-IG/ValueSet/tcr-breast-ssf5-vs,039,依實際侵犯之哨兵淋巴結數目：39 顆,,,,,not-started,,,,Do not publish as ConceptMap until reviewed.
breast,SSF5,https://erichuang777777.github.io/TW-Breast-Cancer-FHIR-IG/CodeSystem/tcr-breast-ssf5,https://erichuang777777.github.io/TW-Breast-Cancer-FHIR-IG/ValueSet/tcr-breast-ssf5-vs,040,依實際侵犯之哨兵淋巴結數目：40 顆,,,,,not-started,,,,Do not publish as ConceptMap until reviewed.
breast,SSF5,https://erichuang777777.github.io/TW-Breast-Cancer-FHIR-IG/CodeSystem/tcr-breast-ssf5,https://erichuang777777.github.io/TW-Breast-Cancer-FHIR-IG/ValueSet/tcr-breast-ssf5-vs,041,依實際侵犯之哨兵淋巴結數目：41 顆,,,,,not-started,,,,Do not publish as ConceptMap until reviewed.
breast,SSF5,https://erichuang777777.github.io/TW-Breast-Cancer-FHIR-IG/CodeSystem/tcr-breast-ssf5,https://erichuang777777.github.io/TW-Breast-Cancer-FHIR-IG/ValueSet/tcr-breast-ssf5-vs,042,依實際侵犯之哨兵淋巴結數目：42 顆,,,,,not-started,,,,Do not publish as ConceptMap until reviewed.
breast,SSF5,https://erichuang777777.github.io/TW-Breast-Cancer-FHIR-IG/CodeSystem/tcr-breast-ssf5,https://erichuang777777.github.io/TW-Breast-Cancer-FHIR-IG/ValueSet/tcr-breast-ssf5-vs,043,依實際侵犯之哨兵淋巴結數目：43 顆,,,,,not-started,,,,Do not publish as ConceptMap until reviewed.
breast,SSF5,https://erichuang777777.github.io/TW-Breast-Cancer-FHIR-IG/CodeSystem/tcr-breast-ssf5,https://erichuang777777.github.io/TW-Breast-Cancer-FHIR-IG/ValueSet/tcr-breast-ssf5-vs,044,依實際侵犯之哨兵淋巴結數目：44 顆,,,,,not-started,,,,Do not publish as ConceptMap until reviewed.
breast,SSF5,https://erichuang777777.github.io/TW-Breast-Cancer-FHIR-IG/CodeSystem/tcr-breast-ssf5,https://erichuang777777.github.io/TW-Breast-Cancer-FHIR-IG/ValueSet/tcr-breast-ssf5-vs,045,依實際侵犯之哨兵淋巴結數目：45 顆,,,,,not-started,,,,Do not publish as ConceptMap until reviewed.
breast,SSF5,https://erichuang777777.github.io/TW-Breast-Cancer-FHIR-IG/CodeSystem/tcr-breast-ssf5,https://erichuang777777.github.io/TW-Breast-Cancer-FHIR-IG/ValueSet/tcr-breast-ssf5-vs,046,依實際侵犯之哨兵淋巴結數目：46 顆,,,,,not-started,,,,Do not publish as ConceptMap until reviewed.
breast,SSF5,https://erichuang777777.github.io/TW-Breast-Cancer-FHIR-IG/CodeSystem/tcr-breast-ssf5,https://erichuang777777.github.io/TW-Breast-Cancer-FHIR-IG/ValueSet/tcr-breast-ssf5-vs,047,依實際侵犯之哨兵淋巴結數目：47 顆,,,,,not-started,,,,Do not publish as ConceptMap until reviewed.
breast,SSF5,https://erichuang777777.github.io/TW-Breast-Cancer-FHIR-IG/CodeSystem/tcr-breast-ssf5,https://erichuang777777.github.io/TW-Breast-Cancer-FHIR-IG/ValueSet/tcr-breast-ssf5-vs,048,依實際侵犯之哨兵淋巴結數目：48 顆,,,,,not-started,,,,Do not publish as ConceptMap until reviewed.
breast,SSF5,https://erichuang777777.github.io/TW-Breast-Cancer-FHIR-IG/CodeSystem/tcr-breast-ssf5,https://erichuang777777.github.io/TW-Breast-Cancer-FHIR-IG/ValueSet/tcr-breast-ssf5-vs,049,依實際侵犯之哨兵淋巴結數目：49 顆,,,,,not-started,,,,Do not publish as ConceptMap until reviewed.
breast,SSF5,https://erichuang777777.github.io/TW-Breast-Cancer-FHIR-IG/CodeSystem/tcr-breast-ssf5,https://erichuang777777.github.io/TW-Breast-Cancer-FHIR-IG/ValueSet/tcr-breast-ssf5-vs,050,依實際侵犯之哨兵淋巴結數目：50 顆,,,,,not-started,,,,Do not publish as ConceptMap until reviewed.
breast,SSF5,https://erichuang777777.github.io/TW-Breast-Cancer-FHIR-IG/CodeSystem/tcr-breast-ssf5,https://erichuang777777.github.io/TW-Breast-Cancer-FHIR-IG/ValueSet/tcr-breast-ssf5-vs,051,依實際侵犯之哨兵淋巴結數目：51 顆,,,,,not-started,,,,Do not publish as ConceptMap until reviewed.
breast,SSF5,https://erichuang777777.github.io/TW-Breast-Cancer-FHIR-IG/CodeSystem/tcr-breast-ssf5,https://erichuang777777.github.io/TW-Breast-Cancer-FHIR-IG/ValueSet/tcr-breast-ssf5-vs,052,依實際侵犯之哨兵淋巴結數目：52 顆,,,,,not-started,,,,Do not publish as ConceptMap until reviewed.
breast,SSF5,https://erichuang777777.github.io/TW-Breast-Cancer-FHIR-IG/CodeSystem/tcr-breast-ssf5,https://erichuang777777.github.io/TW-Breast-Cancer-FHIR-IG/ValueSet/tcr-breast-ssf5-vs,053,依實際侵犯之哨兵淋巴結數目：53 顆,,,,,not-started,,,,Do not publish as ConceptMap until reviewed.
breast,SSF5,https://erichuang777777.github.io/TW-Breast-Cancer-FHIR-IG/CodeSystem/tcr-breast-ssf5,https://erichuang777777.github.io/TW-Breast-Cancer-FHIR-IG/ValueSet/tcr-breast-ssf5-vs,054,依實際侵犯之哨兵淋巴結數目：54 顆,,,,,not-started,,,,Do not publish as ConceptMap until reviewed.
breast,SSF5,https://erichuang777777.github.io/TW-Breast-Cancer-FHIR-IG/CodeSystem/tcr-breast-ssf5,https://erichuang777777.github.io/TW-Breast-Cancer-FHIR-IG/ValueSet/tcr-breast-ssf5-vs,055,依實際侵犯之哨兵淋巴結數目：55 顆,,,,,not-started,,,,Do not publish as ConceptMap until reviewed.
breast,SSF5,https://erichuang777777.github.io/TW-Breast-Cancer-FHIR-IG/CodeSystem/tcr-breast-ssf5,https://erichuang777777.github.io/TW-Breast-Cancer-FHIR-IG/ValueSet/tcr-breast-ssf5-vs,056,依實際侵犯之哨兵淋巴結數目：56 顆,,,,,not-started,,,,Do not publish as ConceptMap until reviewed.
breast,SSF5,https://erichuang777777.github.io/TW-Breast-Cancer-FHIR-IG/CodeSystem/tcr-breast-ssf5,https://erichuang777777.github.io/TW-Breast-Cancer-FHIR-IG/ValueSet/tcr-breast-ssf5-vs,057,依實際侵犯之哨兵淋巴結數目：57 顆,,,,,not-started,,,,Do not publish as ConceptMap until reviewed.
breast,SSF5,https://erichuang777777.github.io/TW-Breast-Cancer-FHIR-IG/CodeSystem/tcr-breast-ssf5,https://erichuang777777.github.io/TW-Breast-Cancer-FHIR-IG/ValueSet/tcr-breast-ssf5-vs,058,依實際侵犯之哨兵淋巴結數目：58 顆,,,,,not-started,,,,Do not publish as ConceptMap until reviewed.
breast,SSF5,https://erichuang777777.github.io/TW-Breast-Cancer-FHIR-IG/CodeSystem/tcr-breast-ssf5,https://erichuang777777.github.io/TW-Breast-Cancer-FHIR-IG/ValueSet/tcr-breast-ssf5-vs,059,依實際侵犯之哨兵淋巴結數目：59 顆,,,,,not-started,,,,Do not publish as ConceptMap until reviewed.
breast,SSF5,https://erichuang777777.github.io/TW-Breast-Cancer-FHIR-IG/CodeSystem/tcr-breast-ssf5,https://erichuang777777.github.io/TW-Breast-Cancer-FHIR-IG/ValueSet/tcr-breast-ssf5-vs,060,依實際侵犯之哨兵淋巴結數目：60 顆,,,,,not-started,,,,Do not publish as ConceptMap until reviewed.
breast,SSF5,https://erichuang777777.github.io/TW-Breast-Cancer-FHIR-IG/CodeSystem/tcr-breast-ssf5,https://erichuang777777.github.io/TW-Breast-Cancer-FHIR-IG/ValueSet/tcr-breast-ssf5-vs,061,依實際侵犯之哨兵淋巴結數目：61 顆,,,,,not-started,,,,Do not publish as ConceptMap until reviewed.
breast,SSF5,https://erichuang777777.github.io/TW-Breast-Cancer-FHIR-IG/CodeSystem/tcr-breast-ssf5,https://erichuang777777.github.io/TW-Breast-Cancer-FHIR-IG/ValueSet/tcr-breast-ssf5-vs,062,依實際侵犯之哨兵淋巴結數目：62 顆,,,,,not-started,,,,Do not publish as ConceptMap until reviewed.
breast,SSF5,https://erichuang777777.github.io/TW-Breast-Cancer-FHIR-IG/CodeSystem/tcr-breast-ssf5,https://erichuang777777.github.io/TW-Breast-Cancer-FHIR-IG/ValueSet/tcr-breast-ssf5-vs,063,依實際侵犯之哨兵淋巴結數目：63 顆,,,,,not-started,,,,Do not publish as ConceptMap until reviewed.
breast,SSF5,https://erichuang777777.github.io/TW-Breast-Cancer-FHIR-IG/CodeSystem/tcr-breast-ssf5,https://erichuang777777.github.io/TW-Breast-Cancer-FHIR-IG/ValueSet/tcr-breast-ssf5-vs,064,依實際侵犯之哨兵淋巴結數目：64 顆,,,,,not-started,,,,Do not publish as ConceptMap until reviewed.
breast,SSF5,https://erichuang777777.github.io/TW-Breast-Cancer-FHIR-IG/CodeSystem/tcr-breast-ssf5,https://erichuang777777.github.io/TW-Breast-Cancer-FHIR-IG/ValueSet/tcr-breast-ssf5-vs,065,依實際侵犯之哨兵淋巴結數目：65 顆,,,,,not-started,,,,Do not publish as ConceptMap until reviewed.
breast,SSF5,https://erichuang777777.github.io/TW-Breast-Cancer-FHIR-IG/CodeSystem/tcr-breast-ssf5,https://erichuang777777.github.io/TW-Breast-Cancer-FHIR-IG/ValueSet/tcr-breast-ssf5-vs,066,依實際侵犯之哨兵淋巴結數目：66 顆,,,,,not-started,,,,Do not publish as ConceptMap until reviewed.
breast,SSF5,https://erichuang777777.github.io/TW-Breast-Cancer-FHIR-IG/CodeSystem/tcr-breast-ssf5,https://erichuang777777.github.io/TW-Breast-Cancer-FHIR-IG/ValueSet/tcr-breast-ssf5-vs,067,依實際侵犯之哨兵淋巴結數目：67 顆,,,,,not-started,,,,Do not publish as ConceptMap until reviewed.
breast,SSF5,https://erichuang777777.github.io/TW-Breast-Cancer-FHIR-IG/CodeSystem/tcr-breast-ssf5,https://erichuang777777.github.io/TW-Breast-Cancer-FHIR-IG/ValueSet/tcr-breast-ssf5-vs,068,依實際侵犯之哨兵淋巴結數目：68 顆,,,,,not-started,,,,Do not publish as ConceptMap until reviewed.
breast,SSF5,https://erichuang777777.github.io/TW-Breast-Cancer-FHIR-IG/CodeSystem/tcr-breast-ssf5,https://erichuang777777.github.io/TW-Breast-Cancer-FHIR-IG/ValueSet/tcr-breast-ssf5-vs,069,依實際侵犯之哨兵淋巴結數目：69 顆,,,,,not-started,,,,Do not publish as ConceptMap until reviewed.
breast,SSF5,https://erichuang777777.github.io/TW-Breast-Cancer-FHIR-IG/CodeSystem/tcr-breast-ssf5,https://erichuang777777.github.io/TW-Breast-Cancer-FHIR-IG/ValueSet/tcr-breast-ssf5-vs,070,依實際侵犯之哨兵淋巴結數目：70 顆,,,,,not-started,,,,Do not publish as ConceptMap until reviewed.
breast,SSF5,https://erichuang777777.github.io/TW-Breast-Cancer-FHIR-IG/CodeSystem/tcr-breast-ssf5,https://erichuang777777.github.io/TW-Breast-Cancer-FHIR-IG/ValueSet/tcr-breast-ssf5-vs,071,依實際侵犯之哨兵淋巴結數目：71 顆,,,,,not-started,,,,Do not publish as ConceptMap until reviewed.
breast,SSF5,https://erichuang777777.github.io/TW-Breast-Cancer-FHIR-IG/CodeSystem/tcr-breast-ssf5,https://erichuang777777.github.io/TW-Breast-Cancer-FHIR-IG/ValueSet/tcr-breast-ssf5-vs,072,依實際侵犯之哨兵淋巴結數目：72 顆,,,,,not-started,,,,Do not publish as ConceptMap until reviewed.
breast,SSF5,https://erichuang777777.github.io/TW-Breast-Cancer-FHIR-IG/CodeSystem/tcr-breast-ssf5,https://erichuang777777.github.io/TW-Breast-Cancer-FHIR-IG/ValueSet/tcr-breast-ssf5-vs,073,依實際侵犯之哨兵淋巴結數目：73 顆,,,,,not-started,,,,Do not publish as ConceptMap until reviewed.
breast,SSF5,https://erichuang777777.github.io/TW-Breast-Cancer-FHIR-IG/CodeSystem/tcr-breast-ssf5,https://erichuang777777.github.io/TW-Breast-Cancer-FHIR-IG/ValueSet/tcr-breast-ssf5-vs,074,依實際侵犯之哨兵淋巴結數目：74 顆,,,,,not-started,,,,Do not publish as ConceptMap until reviewed.
breast,SSF5,https://erichuang777777.github.io/TW-Breast-Cancer-FHIR-IG/CodeSystem/tcr-breast-ssf5,https://erichuang777777.github.io/TW-Breast-Cancer-FHIR-IG/ValueSet/tcr-breast-ssf5-vs,075,依實際侵犯之哨兵淋巴結數目：75 顆,,,,,not-started,,,,Do not publish as ConceptMap until reviewed.
breast,SSF5,https://erichuang777777.github.io/TW-Breast-Cancer-FHIR-IG/CodeSystem/tcr-breast-ssf5,https://erichuang777777.github.io/TW-Breast-Cancer-FHIR-IG/ValueSet/tcr-breast-ssf5-vs,076,依實際侵犯之哨兵淋巴結數目：76 顆,,,,,not-started,,,,Do not publish as ConceptMap until reviewed.
breast,SSF5,https://erichuang777777.github.io/TW-Breast-Cancer-FHIR-IG/CodeSystem/tcr-breast-ssf5,https://erichuang777777.github.io/TW-Breast-Cancer-FHIR-IG/ValueSet/tcr-breast-ssf5-vs,077,依實際侵犯之哨兵淋巴結數目：77 顆,,,,,not-started,,,,Do not publish as ConceptMap until reviewed.
breast,SSF5,https://erichuang777777.github.io/TW-Breast-Cancer-FHIR-IG/CodeSystem/tcr-breast-ssf5,https://erichuang777777.github.io/TW-Breast-Cancer-FHIR-IG/ValueSet/tcr-breast-ssf5-vs,078,依實際侵犯之哨兵淋巴結數目：78 顆,,,,,not-started,,,,Do not publish as ConceptMap until reviewed.
breast,SSF5,https://erichuang777777.github.io/TW-Breast-Cancer-FHIR-IG/CodeSystem/tcr-breast-ssf5,https://erichuang777777.github.io/TW-Breast-Cancer-FHIR-IG/ValueSet/tcr-breast-ssf5-vs,079,依實際侵犯之哨兵淋巴結數目：79 顆,,,,,not-started,,,,Do not publish as ConceptMap until reviewed.
breast,SSF5,https://erichuang777777.github.io/TW-Breast-Cancer-FHIR-IG/CodeSystem/tcr-breast-ssf5,https://erichuang777777.github.io/TW-Breast-Cancer-FHIR-IG/ValueSet/tcr-breast-ssf5-vs,080,依實際侵犯之哨兵淋巴結數目：80 顆,,,,,not-started,,,,Do not publish as ConceptMap until reviewed.
breast,SSF5,https://erichuang777777.github.io/TW-Breast-Cancer-FHIR-IG/CodeSystem/tcr-breast-ssf5,https://erichuang777777.github.io/TW-Breast-Cancer-FHIR-IG/ValueSet/tcr-breast-ssf5-vs,081,依實際侵犯之哨兵淋巴結數目：81 顆,,,,,not-started,,,,Do not publish as ConceptMap until reviewed.
breast,SSF5,https://erichuang777777.github.io/TW-Breast-Cancer-FHIR-IG/CodeSystem/tcr-breast-ssf5,https://erichuang777777.github.io/TW-Breast-Cancer-FHIR-IG/ValueSet/tcr-breast-ssf5-vs,082,依實際侵犯之哨兵淋巴結數目：82 顆,,,,,not-started,,,,Do not publish as ConceptMap until reviewed.
breast,SSF5,https://erichuang777777.github.io/TW-Breast-Cancer-FHIR-IG/CodeSystem/tcr-breast-ssf5,https://erichuang777777.github.io/TW-Breast-Cancer-FHIR-IG/ValueSet/tcr-breast-ssf5-vs,083,依實際侵犯之哨兵淋巴結數目：83 顆,,,,,not-started,,,,Do not publish as ConceptMap until reviewed.
breast,SSF5,https://erichuang777777.github.io/TW-Breast-Cancer-FHIR-IG/CodeSystem/tcr-breast-ssf5,https://erichuang777777.github.io/TW-Breast-Cancer-FHIR-IG/ValueSet/tcr-breast-ssf5-vs,084,依實際侵犯之哨兵淋巴結數目：84 顆,,,,,not-started,,,,Do not publish as ConceptMap until reviewed.
breast,SSF5,https://erichuang777777.github.io/TW-Breast-Cancer-FHIR-IG/CodeSystem/tcr-breast-ssf5,https://erichuang777777.github.io/TW-Breast-Cancer-FHIR-IG/ValueSet/tcr-breast-ssf5-vs,085,依實際侵犯之哨兵淋巴結數目：85 顆,,,,,not-started,,,,Do not publish as ConceptMap until reviewed.
breast,SSF5,https://erichuang777777.github.io/TW-Breast-Cancer-FHIR-IG/CodeSystem/tcr-breast-ssf5,https://erichuang777777.github.io/TW-Breast-Cancer-FHIR-IG/ValueSet/tcr-breast-ssf5-vs,086,依實際侵犯之哨兵淋巴結數目：86 顆,,,,,not-started,,,,Do not publish as ConceptMap until reviewed.
breast,SSF5,https://erichuang777777.github.io/TW-Breast-Cancer-FHIR-IG/CodeSystem/tcr-breast-ssf5,https://erichuang777777.github.io/TW-Breast-Cancer-FHIR-IG/ValueSet/tcr-breast-ssf5-vs,087,依實際侵犯之哨兵淋巴結數目：87 顆,,,,,not-started,,,,Do not publish as ConceptMap until reviewed.
breast,SSF5,https://erichuang777777.github.io/TW-Breast-Cancer-FHIR-IG/CodeSystem/tcr-breast-ssf5,https://erichuang777777.github.io/TW-Breast-Cancer-FHIR-IG/ValueSet/tcr-breast-ssf5-vs,088,依實際侵犯之哨兵淋巴結數目：88 顆,,,,,not-started,,,,Do not publish as ConceptMap until reviewed.
breast,SSF5,https://erichuang777777.github.io/TW-Breast-Cancer-FHIR-IG/CodeSystem/tcr-breast-ssf5,https://erichuang777777.github.io/TW-Breast-Cancer-FHIR-IG/ValueSet/tcr-breast-ssf5-vs,089,依實際侵犯之哨兵淋巴結數目：89 顆,,,,,not-started,,,,Do not publish as ConceptMap until reviewed.
breast,SSF5,https://erichuang777777.github.io/TW-Breast-Cancer-FHIR-IG/CodeSystem/tcr-breast-ssf5,https://erichuang777777.github.io/TW-Breast-Cancer-FHIR-IG/ValueSet/tcr-breast-ssf5-vs,988,不適用,,,,,not-started,,,,Do not publish as ConceptMap until reviewed.
breast,SSF5,https://erichuang777777.github.io/TW-Breast-Cancer-FHIR-IG/CodeSystem/tcr-breast-ssf5,https://erichuang777777.github.io/TW-Breast-Cancer-FHIR-IG/ValueSet/tcr-breast-ssf5-vs,996,病歷記載哨兵淋巴結有被侵犯但數目不詳；或取樣未發現淋巴結組織但該組織有被侵犯,,,,,not-started,,,,Do not publish as ConceptMap until reviewed.
breast,SSF5,https://erichuang777777.github.io/TW-Breast-Cancer-FHIR-IG/CodeSystem/tcr-breast-ssf5,https://erichuang777777.github.io/TW-Breast-Cancer-FHIR-IG/ValueSet/tcr-breast-ssf5-vs,999,不清楚哨兵淋巴結是否有被侵犯／病歷未記載,,,,,not-started,,,,Do not publish as ConceptMap until reviewed.
breast,SSF6,https://erichuang777777.github.io/TW-Breast-Cancer-FHIR-IG/CodeSystem/tcr-breast-ssf6,https://erichuang777777.github.io/TW-Breast-Cancer-FHIR-IG/ValueSet/tcr-breast-ssf6-vs,030,BR score 3 分,,,,,not-started,,,,Do not publish as ConceptMap until reviewed.
breast,SSF6,https://erichuang777777.github.io/TW-Breast-Cancer-FHIR-IG/CodeSystem/tcr-breast-ssf6,https://erichuang777777.github.io/TW-Breast-Cancer-FHIR-IG/ValueSet/tcr-breast-ssf6-vs,040,BR score 4 分,,,,,not-started,,,,Do not publish as ConceptMap until reviewed.
breast,SSF6,https://erichuang777777.github.io/TW-Breast-Cancer-FHIR-IG/CodeSystem/tcr-breast-ssf6,https://erichuang777777.github.io/TW-Breast-Cancer-FHIR-IG/ValueSet/tcr-breast-ssf6-vs,050,BR score 5 分,,,,,not-started,,,,Do not publish as ConceptMap until reviewed.
breast,SSF6,https://erichuang777777.github.io/TW-Breast-Cancer-FHIR-IG/CodeSystem/tcr-breast-ssf6,https://erichuang777777.github.io/TW-Breast-Cancer-FHIR-IG/ValueSet/tcr-breast-ssf6-vs,060,BR score 6 分,,,,,not-started,,,,Do not publish as ConceptMap until reviewed.
breast,SSF6,https://erichuang777777.github.io/TW-Breast-Cancer-FHIR-IG/CodeSystem/tcr-breast-ssf6,https://erichuang777777.github.io/TW-Breast-Cancer-FHIR-IG/ValueSet/tcr-breast-ssf6-vs,070,BR score 7 分,,,,,not-started,,,,Do not publish as ConceptMap until reviewed.
breast,SSF6,https://erichuang777777.github.io/TW-Breast-Cancer-FHIR-IG/CodeSystem/tcr-breast-ssf6,https://erichuang777777.github.io/TW-Breast-Cancer-FHIR-IG/ValueSet/tcr-breast-ssf6-vs,080,BR score 8 分,,,,,not-started,,,,Do not publish as ConceptMap until reviewed.
breast,SSF6,https://erichuang777777.github.io/TW-Breast-Cancer-FHIR-IG/CodeSystem/tcr-breast-ssf6,https://erichuang777777.github.io/TW-Breast-Cancer-FHIR-IG/ValueSet/tcr-breast-ssf6-vs,090,BR score 9 分,,,,,not-started,,,,Do not publish as ConceptMap until reviewed.
breast,SSF6,https://erichuang777777.github.io/TW-Breast-Cancer-FHIR-IG/CodeSystem/tcr-breast-ssf6,https://erichuang777777.github.io/TW-Breast-Cancer-FHIR-IG/ValueSet/tcr-breast-ssf6-vs,110,Low Grade，BR grade 1,,,,,not-started,,,,Do not publish as ConceptMap until reviewed.
breast,SSF6,https://erichuang777777.github.io/TW-Breast-Cancer-FHIR-IG/CodeSystem/tcr-breast-ssf6,https://erichuang777777.github.io/TW-Breast-Cancer-FHIR-IG/ValueSet/tcr-breast-ssf6-vs,120,Medium Grade，BR grade 2,,,,,not-started,,,,Do not publish as ConceptMap until reviewed.
breast,SSF6,https://erichuang777777.github.io/TW-Breast-Cancer-FHIR-IG/CodeSystem/tcr-breast-ssf6,https://erichuang777777.github.io/TW-Breast-Cancer-FHIR-IG/ValueSet/tcr-breast-ssf6-vs,130,High Grade，BR grade 3,,,,,not-started,,,,Do not publish as ConceptMap until reviewed.
breast,SSF6,https://erichuang777777.github.io/TW-Breast-Cancer-FHIR-IG/CodeSystem/tcr-breast-ssf6,https://erichuang777777.github.io/TW-Breast-Cancer-FHIR-IG/ValueSet/tcr-breast-ssf6-vs,988,"不適用：Sarcoma (M-8800-8936, 8940-9136, 9141-9582)、Phyllodes tumor (M-9020)、原位癌",,,,,not-started,,,,Do not publish as ConceptMap until reviewed.
breast,SSF6,https://erichuang777777.github.io/TW-Breast-Cancer-FHIR-IG/CodeSystem/tcr-breast-ssf6,https://erichuang777777.github.io/TW-Breast-Cancer-FHIR-IG/ValueSet/tcr-breast-ssf6-vs,999,既無 BR grade 亦無 BR score／不詳／病歷未記載,,,,,not-started,,,,Do not publish as ConceptMap until reviewed.
breast,SSF7,https://erichuang777777.github.io/TW-Breast-Cancer-FHIR-IG/CodeSystem/tcr-breast-ssf7,https://erichuang777777.github.io/TW-Breast-Cancer-FHIR-IG/ValueSet/tcr-breast-ssf7-vs,000,IHC 0 (negative or score 0) 且有描述染色比例為 0%,,,,,not-started,,,,Do not publish as ConceptMap until reviewed.
breast,SSF7,https://erichuang777777.github.io/TW-Breast-Cancer-FHIR-IG/CodeSystem/tcr-breast-ssf7,https://erichuang777777.github.io/TW-Breast-Cancer-FHIR-IG/ValueSet/tcr-breast-ssf7-vs,004,IHC 0 (negative or score 0) 且有描述染色比例 >0%、≦10%（Ultralow）,,,,,not-started,,,,Do not publish as ConceptMap until reviewed.
breast,SSF7,https://erichuang777777.github.io/TW-Breast-Cancer-FHIR-IG/CodeSystem/tcr-breast-ssf7,https://erichuang777777.github.io/TW-Breast-Cancer-FHIR-IG/ValueSet/tcr-breast-ssf7-vs,100,IHC 0 (negative or score 0) 且未描述染色比例,,,,,not-started,,,,Do not publish as ConceptMap until reviewed.
breast,SSF7,https://erichuang777777.github.io/TW-Breast-Cancer-FHIR-IG/CodeSystem/tcr-breast-ssf7,https://erichuang777777.github.io/TW-Breast-Cancer-FHIR-IG/ValueSet/tcr-breast-ssf7-vs,101,IHC 1+ (score 1+),,,,,not-started,,,,Do not publish as ConceptMap until reviewed.
breast,SSF7,https://erichuang777777.github.io/TW-Breast-Cancer-FHIR-IG/CodeSystem/tcr-breast-ssf7,https://erichuang777777.github.io/TW-Breast-Cancer-FHIR-IG/ValueSet/tcr-breast-ssf7-vs,102,IHC 2+ (equivocal or score 2+),,,,,not-started,,,,Do not publish as ConceptMap until reviewed.
breast,SSF7,https://erichuang777777.github.io/TW-Breast-Cancer-FHIR-IG/CodeSystem/tcr-breast-ssf7,https://erichuang777777.github.io/TW-Breast-Cancer-FHIR-IG/ValueSet/tcr-breast-ssf7-vs,103,IHC 3+ (positive or score 3+),,,,,not-started,,,,Do not publish as ConceptMap until reviewed.
breast,SSF7,https://erichuang777777.github.io/TW-Breast-Cancer-FHIR-IG/CodeSystem/tcr-breast-ssf7,https://erichuang777777.github.io/TW-Breast-Cancer-FHIR-IG/ValueSet/tcr-breast-ssf7-vs,200,僅 100-107 診斷年適用：CISH negative / not amplified,,,,,not-started,,,,Do not publish as ConceptMap until reviewed.
breast,SSF7,https://erichuang777777.github.io/TW-Breast-Cancer-FHIR-IG/CodeSystem/tcr-breast-ssf7,https://erichuang777777.github.io/TW-Breast-Cancer-FHIR-IG/ValueSet/tcr-breast-ssf7-vs,201,僅 100-107 診斷年適用：CISH positive / amplified,,,,,not-started,,,,Do not publish as ConceptMap until reviewed.
breast,SSF7,https://erichuang777777.github.io/TW-Breast-Cancer-FHIR-IG/CodeSystem/tcr-breast-ssf7,https://erichuang777777.github.io/TW-Breast-Cancer-FHIR-IG/ValueSet/tcr-breast-ssf7-vs,202,僅 100-107 診斷年適用：CISH equivocal,,,,,not-started,,,,Do not publish as ConceptMap until reviewed.
breast,SSF7,https://erichuang777777.github.io/TW-Breast-Cancer-FHIR-IG/CodeSystem/tcr-breast-ssf7,https://erichuang777777.github.io/TW-Breast-Cancer-FHIR-IG/ValueSet/tcr-breast-ssf7-vs,300,僅 100-107 診斷年適用：FISH negative / not amplified,,,,,not-started,,,,Do not publish as ConceptMap until reviewed.
breast,SSF7,https://erichuang777777.github.io/TW-Breast-Cancer-FHIR-IG/CodeSystem/tcr-breast-ssf7,https://erichuang777777.github.io/TW-Breast-Cancer-FHIR-IG/ValueSet/tcr-breast-ssf7-vs,301,僅 100-107 診斷年適用：FISH positive / amplified,,,,,not-started,,,,Do not publish as ConceptMap until reviewed.
breast,SSF7,https://erichuang777777.github.io/TW-Breast-Cancer-FHIR-IG/CodeSystem/tcr-breast-ssf7,https://erichuang777777.github.io/TW-Breast-Cancer-FHIR-IG/ValueSet/tcr-breast-ssf7-vs,302,僅 100-107 診斷年適用：FISH equivocal,,,,,not-started,,,,Do not publish as ConceptMap until reviewed.
breast,SSF7,https://erichuang777777.github.io/TW-Breast-Cancer-FHIR-IG/CodeSystem/tcr-breast-ssf7,https://erichuang777777.github.io/TW-Breast-Cancer-FHIR-IG/ValueSet/tcr-breast-ssf7-vs,400,僅 100-107 診斷年適用：其它檢驗，HER2 陰性,,,,,not-started,,,,Do not publish as ConceptMap until reviewed.
breast,SSF7,https://erichuang777777.github.io/TW-Breast-Cancer-FHIR-IG/CodeSystem/tcr-breast-ssf7,https://erichuang777777.github.io/TW-Breast-Cancer-FHIR-IG/ValueSet/tcr-breast-ssf7-vs,401,僅 100-107 診斷年適用：其它檢驗，HER2 陽性,,,,,not-started,,,,Do not publish as ConceptMap until reviewed.
breast,SSF7,https://erichuang777777.github.io/TW-Breast-Cancer-FHIR-IG/CodeSystem/tcr-breast-ssf7,https://erichuang777777.github.io/TW-Breast-Cancer-FHIR-IG/ValueSet/tcr-breast-ssf7-vs,402,僅 100-107 診斷年適用：其它檢驗，HER2 equivocal,,,,,not-started,,,,Do not publish as ConceptMap until reviewed.
breast,SSF7,https://erichuang777777.github.io/TW-Breast-Cancer-FHIR-IG/CodeSystem/tcr-breast-ssf7,https://erichuang777777.github.io/TW-Breast-Cancer-FHIR-IG/ValueSet/tcr-breast-ssf7-vs,500,IHC 0 (negative or score 0) 且 ISH negative / not amplified,,,,,not-started,,,,Do not publish as ConceptMap until reviewed.
breast,SSF7,https://erichuang777777.github.io/TW-Breast-Cancer-FHIR-IG/CodeSystem/tcr-breast-ssf7,https://erichuang777777.github.io/TW-Breast-Cancer-FHIR-IG/ValueSet/tcr-breast-ssf7-vs,501,IHC 0 (negative or score 0) 且 ISH positive / amplified,,,,,not-started,,,,Do not publish as ConceptMap until reviewed.
breast,SSF7,https://erichuang777777.github.io/TW-Breast-Cancer-FHIR-IG/CodeSystem/tcr-breast-ssf7,https://erichuang777777.github.io/TW-Breast-Cancer-FHIR-IG/ValueSet/tcr-breast-ssf7-vs,502,IHC 0 (negative or score 0) 且 ISH equivocal,,,,,not-started,,,,Do not publish as ConceptMap until reviewed.
breast,SSF7,https://erichuang777777.github.io/TW-Breast-Cancer-FHIR-IG/CodeSystem/tcr-breast-ssf7,https://erichuang777777.github.io/TW-Breast-Cancer-FHIR-IG/ValueSet/tcr-breast-ssf7-vs,510,IHC 1+ (score 1+) 且 ISH negative / not amplified,,,,,not-started,,,,Do not publish as ConceptMap until reviewed.
breast,SSF7,https://erichuang777777.github.io/TW-Breast-Cancer-FHIR-IG/CodeSystem/tcr-breast-ssf7,https://erichuang777777.github.io/TW-Breast-Cancer-FHIR-IG/ValueSet/tcr-breast-ssf7-vs,511,IHC 1+ (score 1+) 且 ISH positive / amplified,,,,,not-started,,,,Do not publish as ConceptMap until reviewed.
breast,SSF7,https://erichuang777777.github.io/TW-Breast-Cancer-FHIR-IG/CodeSystem/tcr-breast-ssf7,https://erichuang777777.github.io/TW-Breast-Cancer-FHIR-IG/ValueSet/tcr-breast-ssf7-vs,512,IHC 1+ (score 1+) 且 ISH equivocal,,,,,not-started,,,,Do not publish as ConceptMap until reviewed.
breast,SSF7,https://erichuang777777.github.io/TW-Breast-Cancer-FHIR-IG/CodeSystem/tcr-breast-ssf7,https://erichuang777777.github.io/TW-Breast-Cancer-FHIR-IG/ValueSet/tcr-breast-ssf7-vs,520,IHC 2+ (equivocal or score 2+) 且 ISH negative / not amplified,,,,,not-started,,,,Do not publish as ConceptMap until reviewed.
breast,SSF7,https://erichuang777777.github.io/TW-Breast-Cancer-FHIR-IG/CodeSystem/tcr-breast-ssf7,https://erichuang777777.github.io/TW-Breast-Cancer-FHIR-IG/ValueSet/tcr-breast-ssf7-vs,521,IHC 2+ (equivocal or score 2+) 且 ISH positive / amplified,,,,,not-started,,,,Do not publish as ConceptMap until reviewed.
breast,SSF7,https://erichuang777777.github.io/TW-Breast-Cancer-FHIR-IG/CodeSystem/tcr-breast-ssf7,https://erichuang777777.github.io/TW-Breast-Cancer-FHIR-IG/ValueSet/tcr-breast-ssf7-vs,522,IHC 2+ (equivocal or score 2+) 且 ISH equivocal,,,,,not-started,,,,Do not publish as ConceptMap until reviewed.
breast,SSF7,https://erichuang777777.github.io/TW-Breast-Cancer-FHIR-IG/CodeSystem/tcr-breast-ssf7,https://erichuang777777.github.io/TW-Breast-Cancer-FHIR-IG/ValueSet/tcr-breast-ssf7-vs,530,IHC 3+ (positive or score 3+) 且 ISH negative / not amplified,,,,,not-started,,,,Do not publish as ConceptMap until reviewed.
breast,SSF7,https://erichuang777777.github.io/TW-Breast-Cancer-FHIR-IG/CodeSystem/tcr-breast-ssf7,https://erichuang777777.github.io/TW-Breast-Cancer-FHIR-IG/ValueSet/tcr-breast-ssf7-vs,531,IHC 3+ (positive or score 3+) 且 ISH positive / amplified,,,,,not-started,,,,Do not publish as ConceptMap until reviewed.
breast,SSF7,https://erichuang777777.github.io/TW-Breast-Cancer-FHIR-IG/CodeSystem/tcr-breast-ssf7,https://erichuang777777.github.io/TW-Breast-Cancer-FHIR-IG/ValueSet/tcr-breast-ssf7-vs,532,IHC 3+ (positive or score 3+) 且 ISH equivocal,,,,,not-started,,,,Do not publish as ConceptMap until reviewed.
breast,SSF7,https://erichuang777777.github.io/TW-Breast-Cancer-FHIR-IG/CodeSystem/tcr-breast-ssf7,https://erichuang777777.github.io/TW-Breast-Cancer-FHIR-IG/ValueSet/tcr-breast-ssf7-vs,590,IHC 不詳 且 ISH negative / not amplified,,,,,not-started,,,,Do not publish as ConceptMap until reviewed.
breast,SSF7,https://erichuang777777.github.io/TW-Breast-Cancer-FHIR-IG/CodeSystem/tcr-breast-ssf7,https://erichuang777777.github.io/TW-Breast-Cancer-FHIR-IG/ValueSet/tcr-breast-ssf7-vs,591,IHC 不詳 且 ISH positive / amplified,,,,,not-started,,,,Do not publish as ConceptMap until reviewed.
breast,SSF7,https://erichuang777777.github.io/TW-Breast-Cancer-FHIR-IG/CodeSystem/tcr-breast-ssf7,https://erichuang777777.github.io/TW-Breast-Cancer-FHIR-IG/ValueSet/tcr-breast-ssf7-vs,592,IHC 不詳 且 ISH equivocal,,,,,not-started,,,,Do not publish as ConceptMap until reviewed.
breast,SSF7,https://erichuang777777.github.io/TW-Breast-Cancer-FHIR-IG/CodeSystem/tcr-breast-ssf7,https://erichuang777777.github.io/TW-Breast-Cancer-FHIR-IG/ValueSet/tcr-breast-ssf7-vs,600,IHC 0（染色比例 0%）且 ISH negative / not amplified（114 診斷年起）,,,,,not-started,,,,Do not publish as ConceptMap until reviewed.
breast,SSF7,https://erichuang777777.github.io/TW-Breast-Cancer-FHIR-IG/CodeSystem/tcr-breast-ssf7,https://erichuang777777.github.io/TW-Breast-Cancer-FHIR-IG/ValueSet/tcr-breast-ssf7-vs,601,IHC 0（染色比例 0%）且 ISH positive / amplified（114 診斷年起）,,,,,not-started,,,,Do not publish as ConceptMap until reviewed.
breast,SSF7,https://erichuang777777.github.io/TW-Breast-Cancer-FHIR-IG/CodeSystem/tcr-breast-ssf7,https://erichuang777777.github.io/TW-Breast-Cancer-FHIR-IG/ValueSet/tcr-breast-ssf7-vs,602,IHC 0（染色比例 0%）且 ISH equivocal（114 診斷年起）,,,,,not-started,,,,Do not publish as ConceptMap until reviewed.
breast,SSF7,https://erichuang777777.github.io/TW-Breast-Cancer-FHIR-IG/CodeSystem/tcr-breast-ssf7,https://erichuang777777.github.io/TW-Breast-Cancer-FHIR-IG/ValueSet/tcr-breast-ssf7-vs,640,IHC 0（0%<染色比例≦10%，Ultralow）且 ISH negative / not amplified（114 診斷年起）,,,,,not-started,,,,Do not publish as ConceptMap until reviewed.
breast,SSF7,https://erichuang777777.github.io/TW-Breast-Cancer-FHIR-IG/CodeSystem/tcr-breast-ssf7,https://erichuang777777.github.io/TW-Breast-Cancer-FHIR-IG/ValueSet/tcr-breast-ssf7-vs,641,IHC 0（0%<染色比例≦10%，Ultralow）且 ISH positive / amplified（114 診斷年起）,,,,,not-started,,,,Do not publish as ConceptMap until reviewed.
breast,SSF7,https://erichuang777777.github.io/TW-Breast-Cancer-FHIR-IG/CodeSystem/tcr-breast-ssf7,https://erichuang777777.github.io/TW-Breast-Cancer-FHIR-IG/ValueSet/tcr-breast-ssf7-vs,642,IHC 0（0%<染色比例≦10%，Ultralow）且 ISH equivocal（114 診斷年起）,,,,,not-started,,,,Do not publish as ConceptMap until reviewed.
breast,SSF7,https://erichuang777777.github.io/TW-Breast-Cancer-FHIR-IG/CodeSystem/tcr-breast-ssf7,https://erichuang777777.github.io/TW-Breast-Cancer-FHIR-IG/ValueSet/tcr-breast-ssf7-vs,888,前導性治療後 HER2 檢驗值由陰性轉為陽性；或無治療前數值但治療後為陽性,,,,,not-started,,,,Do not publish as ConceptMap until reviewed.
breast,SSF7,https://erichuang777777.github.io/TW-Breast-Cancer-FHIR-IG/CodeSystem/tcr-breast-ssf7,https://erichuang777777.github.io/TW-Breast-Cancer-FHIR-IG/ValueSet/tcr-breast-ssf7-vs,900,HER2 陰性，其它檢驗方式或外院檢驗方式不詳,,,,,not-started,,,,Do not publish as ConceptMap until reviewed.
breast,SSF7,https://erichuang777777.github.io/TW-Breast-Cancer-FHIR-IG/CodeSystem/tcr-breast-ssf7,https://erichuang777777.github.io/TW-Breast-Cancer-FHIR-IG/ValueSet/tcr-breast-ssf7-vs,901,HER2 陽性，其它檢驗方式或外院檢驗方式不詳,,,,,not-started,,,,Do not publish as ConceptMap until reviewed.
breast,SSF7,https://erichuang777777.github.io/TW-Breast-Cancer-FHIR-IG/CodeSystem/tcr-breast-ssf7,https://erichuang777777.github.io/TW-Breast-Cancer-FHIR-IG/ValueSet/tcr-breast-ssf7-vs,902,HER2 equivocal，其它檢驗方式或外院檢驗方式不詳,,,,,not-started,,,,Do not publish as ConceptMap until reviewed.
breast,SSF7,https://erichuang777777.github.io/TW-Breast-Cancer-FHIR-IG/CodeSystem/tcr-breast-ssf7,https://erichuang777777.github.io/TW-Breast-Cancer-FHIR-IG/ValueSet/tcr-breast-ssf7-vs,988,不適用：Phyllodes tumor (M-9020)、Sarcoma,,,,,not-started,,,,Do not publish as ConceptMap until reviewed.
breast,SSF7,https://erichuang777777.github.io/TW-Breast-Cancer-FHIR-IG/CodeSystem/tcr-breast-ssf7,https://erichuang777777.github.io/TW-Breast-Cancer-FHIR-IG/ValueSet/tcr-breast-ssf7-vs,999,不清楚檢測是否執行／病歷並未記載／沒有檢測,,,,,not-started,,,,Do not publish as ConceptMap until reviewed.
breast,SSF8,https://erichuang777777.github.io/TW-Breast-Cancer-FHIR-IG/CodeSystem/tcr-breast-ssf8,https://erichuang777777.github.io/TW-Breast-Cancer-FHIR-IG/ValueSet/tcr-breast-ssf8-vs,000,沒有 Paget disease,,,,,not-started,,,,Do not publish as ConceptMap until reviewed.
breast,SSF8,https://erichuang777777.github.io/TW-Breast-Cancer-FHIR-IG/CodeSystem/tcr-breast-ssf8,https://erichuang777777.github.io/TW-Breast-Cancer-FHIR-IG/ValueSet/tcr-breast-ssf8-vs,010,有 Paget disease,,,,,not-started,,,,Do not publish as ConceptMap until reviewed.
breast,SSF8,https://erichuang777777.github.io/TW-Breast-Cancer-FHIR-IG/CodeSystem/tcr-breast-ssf8,https://erichuang777777.github.io/TW-Breast-Cancer-FHIR-IG/ValueSet/tcr-breast-ssf8-vs,988,不適用：病理標本不含乳頭、乳暈之檢查,,,,,not-started,,,,Do not publish as ConceptMap until reviewed.
breast,SSF8,https://erichuang777777.github.io/TW-Breast-Cancer-FHIR-IG/CodeSystem/tcr-breast-ssf8,https://erichuang777777.github.io/TW-Breast-Cancer-FHIR-IG/ValueSet/tcr-breast-ssf8-vs,999,病歷未記載或不詳,,,,,not-started,,,,Do not publish as ConceptMap until reviewed.
breast,SSF9,https://erichuang777777.github.io/TW-Breast-Cancer-FHIR-IG/CodeSystem/tcr-breast-ssf9,https://erichuang777777.github.io/TW-Breast-Cancer-FHIR-IG/ValueSet/tcr-breast-ssf9-vs,000,腫瘤內並無淋巴管或血管的侵犯,,,,,not-started,,,,Do not publish as ConceptMap until reviewed.
breast,SSF9,https://erichuang777777.github.io/TW-Breast-Cancer-FHIR-IG/CodeSystem/tcr-breast-ssf9,https://erichuang777777.github.io/TW-Breast-Cancer-FHIR-IG/ValueSet/tcr-breast-ssf9-vs,010,腫瘤內有淋巴管或血管的侵犯,,,,,not-started,,,,Do not publish as ConceptMap until reviewed.
breast,SSF9,https://erichuang777777.github.io/TW-Breast-Cancer-FHIR-IG/CodeSystem/tcr-breast-ssf9,https://erichuang777777.github.io/TW-Breast-Cancer-FHIR-IG/ValueSet/tcr-breast-ssf9-vs,988,不適用,,,,,not-started,,,,Do not publish as ConceptMap until reviewed.
breast,SSF9,https://erichuang777777.github.io/TW-Breast-Cancer-FHIR-IG/CodeSystem/tcr-breast-ssf9,https://erichuang777777.github.io/TW-Breast-Cancer-FHIR-IG/ValueSet/tcr-breast-ssf9-vs,990,局部切除病理未描述 LVI，後續切除標本無殘餘腫瘤；或前導性治療後切除標本無殘餘腫瘤或敘述無淋巴管、血管侵犯,,,,,not-started,,,,Do not publish as ConceptMap until reviewed.
breast,SSF9,https://erichuang777777.github.io/TW-Breast-Cancer-FHIR-IG/CodeSystem/tcr-breast-ssf9,https://erichuang777777.github.io/TW-Breast-Cancer-FHIR-IG/ValueSet/tcr-breast-ssf9-vs,999,病歷未記載或不詳,,,,,not-started,,,,Do not publish as ConceptMap until reviewed.
breast,SSF10,https://erichuang777777.github.io/TW-Breast-Cancer-FHIR-IG/CodeSystem/tcr-breast-ssf10,https://erichuang777777.github.io/TW-Breast-Cancer-FHIR-IG/ValueSet/tcr-breast-ssf10-vs,000,Ki-67 檢驗值 0%,,,,,not-started,,,,Do not publish as ConceptMap until reviewed.
breast,SSF10,https://erichuang777777.github.io/TW-Breast-Cancer-FHIR-IG/CodeSystem/tcr-breast-ssf10,https://erichuang777777.github.io/TW-Breast-Cancer-FHIR-IG/ValueSet/tcr-breast-ssf10-vs,001,Ki-67 檢驗值 1%,,,,,not-started,,,,Do not publish as ConceptMap until reviewed.
breast,SSF10,https://erichuang777777.github.io/TW-Breast-Cancer-FHIR-IG/CodeSystem/tcr-breast-ssf10,https://erichuang777777.github.io/TW-Breast-Cancer-FHIR-IG/ValueSet/tcr-breast-ssf10-vs,002,Ki-67 檢驗值 2%,,,,,not-started,,,,Do not publish as ConceptMap until reviewed.
breast,SSF10,https://erichuang777777.github.io/TW-Breast-Cancer-FHIR-IG/CodeSystem/tcr-breast-ssf10,https://erichuang777777.github.io/TW-Breast-Cancer-FHIR-IG/ValueSet/tcr-breast-ssf10-vs,003,Ki-67 檢驗值 3%,,,,,not-started,,,,Do not publish as ConceptMap until reviewed.
breast,SSF10,https://erichuang777777.github.io/TW-Breast-Cancer-FHIR-IG/CodeSystem/tcr-breast-ssf10,https://erichuang777777.github.io/TW-Breast-Cancer-FHIR-IG/ValueSet/tcr-breast-ssf10-vs,004,Ki-67 檢驗值 4%,,,,,not-started,,,,Do not publish as ConceptMap until reviewed.
breast,SSF10,https://erichuang777777.github.io/TW-Breast-Cancer-FHIR-IG/CodeSystem/tcr-breast-ssf10,https://erichuang777777.github.io/TW-Breast-Cancer-FHIR-IG/ValueSet/tcr-breast-ssf10-vs,005,Ki-67 檢驗值 5%,,,,,not-started,,,,Do not publish as ConceptMap until reviewed.
breast,SSF10,https://erichuang777777.github.io/TW-Breast-Cancer-FHIR-IG/CodeSystem/tcr-breast-ssf10,https://erichuang777777.github.io/TW-Breast-Cancer-FHIR-IG/ValueSet/tcr-breast-ssf10-vs,006,Ki-67 檢驗值 6%,,,,,not-started,,,,Do not publish as ConceptMap until reviewed.
breast,SSF10,https://erichuang777777.github.io/TW-Breast-Cancer-FHIR-IG/CodeSystem/tcr-breast-ssf10,https://erichuang777777.github.io/TW-Breast-Cancer-FHIR-IG/ValueSet/tcr-breast-ssf10-vs,007,Ki-67 檢驗值 7%,,,,,not-started,,,,Do not publish as ConceptMap until reviewed.
breast,SSF10,https://erichuang777777.github.io/TW-Breast-Cancer-FHIR-IG/CodeSystem/tcr-breast-ssf10,https://erichuang777777.github.io/TW-Breast-Cancer-FHIR-IG/ValueSet/tcr-breast-ssf10-vs,008,Ki-67 檢驗值 8%,,,,,not-started,,,,Do not publish as ConceptMap until reviewed.
breast,SSF10,https://erichuang777777.github.io/TW-Breast-Cancer-FHIR-IG/CodeSystem/tcr-breast-ssf10,https://erichuang777777.github.io/TW-Breast-Cancer-FHIR-IG/ValueSet/tcr-breast-ssf10-vs,009,Ki-67 檢驗值 9%,,,,,not-started,,,,Do not publish as ConceptMap until reviewed.
breast,SSF10,https://erichuang777777.github.io/TW-Breast-Cancer-FHIR-IG/CodeSystem/tcr-breast-ssf10,https://erichuang777777.github.io/TW-Breast-Cancer-FHIR-IG/ValueSet/tcr-breast-ssf10-vs,010,Ki-67 檢驗值 10%,,,,,not-started,,,,Do not publish as ConceptMap until reviewed.
breast,SSF10,https://erichuang777777.github.io/TW-Breast-Cancer-FHIR-IG/CodeSystem/tcr-breast-ssf10,https://erichuang777777.github.io/TW-Breast-Cancer-FHIR-IG/ValueSet/tcr-breast-ssf10-vs,011,Ki-67 檢驗值 11%,,,,,not-started,,,,Do not publish as ConceptMap until reviewed.
breast,SSF10,https://erichuang777777.github.io/TW-Breast-Cancer-FHIR-IG/CodeSystem/tcr-breast-ssf10,https://erichuang777777.github.io/TW-Breast-Cancer-FHIR-IG/ValueSet/tcr-breast-ssf10-vs,012,Ki-67 檢驗值 12%,,,,,not-started,,,,Do not publish as ConceptMap until reviewed.
breast,SSF10,https://erichuang777777.github.io/TW-Breast-Cancer-FHIR-IG/CodeSystem/tcr-breast-ssf10,https://erichuang777777.github.io/TW-Breast-Cancer-FHIR-IG/ValueSet/tcr-breast-ssf10-vs,013,Ki-67 檢驗值 13%,,,,,not-started,,,,Do not publish as ConceptMap until reviewed.
breast,SSF10,https://erichuang777777.github.io/TW-Breast-Cancer-FHIR-IG/CodeSystem/tcr-breast-ssf10,https://erichuang777777.github.io/TW-Breast-Cancer-FHIR-IG/ValueSet/tcr-breast-ssf10-vs,014,Ki-67 檢驗值 14%,,,,,not-started,,,,Do not publish as ConceptMap until reviewed.
breast,SSF10,https://erichuang777777.github.io/TW-Breast-Cancer-FHIR-IG/CodeSystem/tcr-breast-ssf10,https://erichuang777777.github.io/TW-Breast-Cancer-FHIR-IG/ValueSet/tcr-breast-ssf10-vs,015,Ki-67 檢驗值 15%,,,,,not-started,,,,Do not publish as ConceptMap until reviewed.
breast,SSF10,https://erichuang777777.github.io/TW-Breast-Cancer-FHIR-IG/CodeSystem/tcr-breast-ssf10,https://erichuang777777.github.io/TW-Breast-Cancer-FHIR-IG/ValueSet/tcr-breast-ssf10-vs,016,Ki-67 檢驗值 16%,,,,,not-started,,,,Do not publish as ConceptMap until reviewed.
breast,SSF10,https://erichuang777777.github.io/TW-Breast-Cancer-FHIR-IG/CodeSystem/tcr-breast-ssf10,https://erichuang777777.github.io/TW-Breast-Cancer-FHIR-IG/ValueSet/tcr-breast-ssf10-vs,017,Ki-67 檢驗值 17%,,,,,not-started,,,,Do not publish as ConceptMap until reviewed.
breast,SSF10,https://erichuang777777.github.io/TW-Breast-Cancer-FHIR-IG/CodeSystem/tcr-breast-ssf10,https://erichuang777777.github.io/TW-Breast-Cancer-FHIR-IG/ValueSet/tcr-breast-ssf10-vs,018,Ki-67 檢驗值 18%,,,,,not-started,,,,Do not publish as ConceptMap until reviewed.
breast,SSF10,https://erichuang777777.github.io/TW-Breast-Cancer-FHIR-IG/CodeSystem/tcr-breast-ssf10,https://erichuang777777.github.io/TW-Breast-Cancer-FHIR-IG/ValueSet/tcr-breast-ssf10-vs,019,Ki-67 檢驗值 19%,,,,,not-started,,,,Do not publish as ConceptMap until reviewed.
breast,SSF10,https://erichuang777777.github.io/TW-Breast-Cancer-FHIR-IG/CodeSystem/tcr-breast-ssf10,https://erichuang777777.github.io/TW-Breast-Cancer-FHIR-IG/ValueSet/tcr-breast-ssf10-vs,020,Ki-67 檢驗值 20%,,,,,not-started,,,,Do not publish as ConceptMap until reviewed.
breast,SSF10,https://erichuang777777.github.io/TW-Breast-Cancer-FHIR-IG/CodeSystem/tcr-breast-ssf10,https://erichuang777777.github.io/TW-Breast-Cancer-FHIR-IG/ValueSet/tcr-breast-ssf10-vs,021,Ki-67 檢驗值 21%,,,,,not-started,,,,Do not publish as ConceptMap until reviewed.
breast,SSF10,https://erichuang777777.github.io/TW-Breast-Cancer-FHIR-IG/CodeSystem/tcr-breast-ssf10,https://erichuang777777.github.io/TW-Breast-Cancer-FHIR-IG/ValueSet/tcr-breast-ssf10-vs,022,Ki-67 檢驗值 22%,,,,,not-started,,,,Do not publish as ConceptMap until reviewed.
breast,SSF10,https://erichuang777777.github.io/TW-Breast-Cancer-FHIR-IG/CodeSystem/tcr-breast-ssf10,https://erichuang777777.github.io/TW-Breast-Cancer-FHIR-IG/ValueSet/tcr-breast-ssf10-vs,023,Ki-67 檢驗值 23%,,,,,not-started,,,,Do not publish as ConceptMap until reviewed.
breast,SSF10,https://erichuang777777.github.io/TW-Breast-Cancer-FHIR-IG/CodeSystem/tcr-breast-ssf10,https://erichuang777777.github.io/TW-Breast-Cancer-FHIR-IG/ValueSet/tcr-breast-ssf10-vs,024,Ki-67 檢驗值 24%,,,,,not-started,,,,Do not publish as ConceptMap until reviewed.
breast,SSF10,https://erichuang777777.github.io/TW-Breast-Cancer-FHIR-IG/CodeSystem/tcr-breast-ssf10,https://erichuang777777.github.io/TW-Breast-Cancer-FHIR-IG/ValueSet/tcr-breast-ssf10-vs,025,Ki-67 檢驗值 25%,,,,,not-started,,,,Do not publish as ConceptMap until reviewed.
breast,SSF10,https://erichuang777777.github.io/TW-Breast-Cancer-FHIR-IG/CodeSystem/tcr-breast-ssf10,https://erichuang777777.github.io/TW-Breast-Cancer-FHIR-IG/ValueSet/tcr-breast-ssf10-vs,026,Ki-67 檢驗值 26%,,,,,not-started,,,,Do not publish as ConceptMap until reviewed.
breast,SSF10,https://erichuang777777.github.io/TW-Breast-Cancer-FHIR-IG/CodeSystem/tcr-breast-ssf10,https://erichuang777777.github.io/TW-Breast-Cancer-FHIR-IG/ValueSet/tcr-breast-ssf10-vs,027,Ki-67 檢驗值 27%,,,,,not-started,,,,Do not publish as ConceptMap until reviewed.
breast,SSF10,https://erichuang777777.github.io/TW-Breast-Cancer-FHIR-IG/CodeSystem/tcr-breast-ssf10,https://erichuang777777.github.io/TW-Breast-Cancer-FHIR-IG/ValueSet/tcr-breast-ssf10-vs,028,Ki-67 檢驗值 28%,,,,,not-started,,,,Do not publish as ConceptMap until reviewed.
breast,SSF10,https://erichuang777777.github.io/TW-Breast-Cancer-FHIR-IG/CodeSystem/tcr-breast-ssf10,https://erichuang777777.github.io/TW-Breast-Cancer-FHIR-IG/ValueSet/tcr-breast-ssf10-vs,029,Ki-67 檢驗值 29%,,,,,not-started,,,,Do not publish as ConceptMap until reviewed.
breast,SSF10,https://erichuang777777.github.io/TW-Breast-Cancer-FHIR-IG/CodeSystem/tcr-breast-ssf10,https://erichuang777777.github.io/TW-Breast-Cancer-FHIR-IG/ValueSet/tcr-breast-ssf10-vs,030,Ki-67 檢驗值 30%,,,,,not-started,,,,Do not publish as ConceptMap until reviewed.
breast,SSF10,https://erichuang777777.github.io/TW-Breast-Cancer-FHIR-IG/CodeSystem/tcr-breast-ssf10,https://erichuang777777.github.io/TW-Breast-Cancer-FHIR-IG/ValueSet/tcr-breast-ssf10-vs,031,Ki-67 檢驗值 31%,,,,,not-started,,,,Do not publish as ConceptMap until reviewed.
breast,SSF10,https://erichuang777777.github.io/TW-Breast-Cancer-FHIR-IG/CodeSystem/tcr-breast-ssf10,https://erichuang777777.github.io/TW-Breast-Cancer-FHIR-IG/ValueSet/tcr-breast-ssf10-vs,032,Ki-67 檢驗值 32%,,,,,not-started,,,,Do not publish as ConceptMap until reviewed.
breast,SSF10,https://erichuang777777.github.io/TW-Breast-Cancer-FHIR-IG/CodeSystem/tcr-breast-ssf10,https://erichuang777777.github.io/TW-Breast-Cancer-FHIR-IG/ValueSet/tcr-breast-ssf10-vs,033,Ki-67 檢驗值 33%,,,,,not-started,,,,Do not publish as ConceptMap until reviewed.
breast,SSF10,https://erichuang777777.github.io/TW-Breast-Cancer-FHIR-IG/CodeSystem/tcr-breast-ssf10,https://erichuang777777.github.io/TW-Breast-Cancer-FHIR-IG/ValueSet/tcr-breast-ssf10-vs,034,Ki-67 檢驗值 34%,,,,,not-started,,,,Do not publish as ConceptMap until reviewed.
breast,SSF10,https://erichuang777777.github.io/TW-Breast-Cancer-FHIR-IG/CodeSystem/tcr-breast-ssf10,https://erichuang777777.github.io/TW-Breast-Cancer-FHIR-IG/ValueSet/tcr-breast-ssf10-vs,035,Ki-67 檢驗值 35%,,,,,not-started,,,,Do not publish as ConceptMap until reviewed.
breast,SSF10,https://erichuang777777.github.io/TW-Breast-Cancer-FHIR-IG/CodeSystem/tcr-breast-ssf10,https://erichuang777777.github.io/TW-Breast-Cancer-FHIR-IG/ValueSet/tcr-breast-ssf10-vs,036,Ki-67 檢驗值 36%,,,,,not-started,,,,Do not publish as ConceptMap until reviewed.
breast,SSF10,https://erichuang777777.github.io/TW-Breast-Cancer-FHIR-IG/CodeSystem/tcr-breast-ssf10,https://erichuang777777.github.io/TW-Breast-Cancer-FHIR-IG/ValueSet/tcr-breast-ssf10-vs,037,Ki-67 檢驗值 37%,,,,,not-started,,,,Do not publish as ConceptMap until reviewed.
breast,SSF10,https://erichuang777777.github.io/TW-Breast-Cancer-FHIR-IG/CodeSystem/tcr-breast-ssf10,https://erichuang777777.github.io/TW-Breast-Cancer-FHIR-IG/ValueSet/tcr-breast-ssf10-vs,038,Ki-67 檢驗值 38%,,,,,not-started,,,,Do not publish as ConceptMap until reviewed.
breast,SSF10,https://erichuang777777.github.io/TW-Breast-Cancer-FHIR-IG/CodeSystem/tcr-breast-ssf10,https://erichuang777777.github.io/TW-Breast-Cancer-FHIR-IG/ValueSet/tcr-breast-ssf10-vs,039,Ki-67 檢驗值 39%,,,,,not-started,,,,Do not publish as ConceptMap until reviewed.
breast,SSF10,https://erichuang777777.github.io/TW-Breast-Cancer-FHIR-IG/CodeSystem/tcr-breast-ssf10,https://erichuang777777.github.io/TW-Breast-Cancer-FHIR-IG/ValueSet/tcr-breast-ssf10-vs,040,Ki-67 檢驗值 40%,,,,,not-started,,,,Do not publish as ConceptMap until reviewed.
breast,SSF10,https://erichuang777777.github.io/TW-Breast-Cancer-FHIR-IG/CodeSystem/tcr-breast-ssf10,https://erichuang777777.github.io/TW-Breast-Cancer-FHIR-IG/ValueSet/tcr-breast-ssf10-vs,041,Ki-67 檢驗值 41%,,,,,not-started,,,,Do not publish as ConceptMap until reviewed.
breast,SSF10,https://erichuang777777.github.io/TW-Breast-Cancer-FHIR-IG/CodeSystem/tcr-breast-ssf10,https://erichuang777777.github.io/TW-Breast-Cancer-FHIR-IG/ValueSet/tcr-breast-ssf10-vs,042,Ki-67 檢驗值 42%,,,,,not-started,,,,Do not publish as ConceptMap until reviewed.
breast,SSF10,https://erichuang777777.github.io/TW-Breast-Cancer-FHIR-IG/CodeSystem/tcr-breast-ssf10,https://erichuang777777.github.io/TW-Breast-Cancer-FHIR-IG/ValueSet/tcr-breast-ssf10-vs,043,Ki-67 檢驗值 43%,,,,,not-started,,,,Do not publish as ConceptMap until reviewed.
breast,SSF10,https://erichuang777777.github.io/TW-Breast-Cancer-FHIR-IG/CodeSystem/tcr-breast-ssf10,https://erichuang777777.github.io/TW-Breast-Cancer-FHIR-IG/ValueSet/tcr-breast-ssf10-vs,044,Ki-67 檢驗值 44%,,,,,not-started,,,,Do not publish as ConceptMap until reviewed.
breast,SSF10,https://erichuang777777.github.io/TW-Breast-Cancer-FHIR-IG/CodeSystem/tcr-breast-ssf10,https://erichuang777777.github.io/TW-Breast-Cancer-FHIR-IG/ValueSet/tcr-breast-ssf10-vs,045,Ki-67 檢驗值 45%,,,,,not-started,,,,Do not publish as ConceptMap until reviewed.
breast,SSF10,https://erichuang777777.github.io/TW-Breast-Cancer-FHIR-IG/CodeSystem/tcr-breast-ssf10,https://erichuang777777.github.io/TW-Breast-Cancer-FHIR-IG/ValueSet/tcr-breast-ssf10-vs,046,Ki-67 檢驗值 46%,,,,,not-started,,,,Do not publish as ConceptMap until reviewed.
breast,SSF10,https://erichuang777777.github.io/TW-Breast-Cancer-FHIR-IG/CodeSystem/tcr-breast-ssf10,https://erichuang777777.github.io/TW-Breast-Cancer-FHIR-IG/ValueSet/tcr-breast-ssf10-vs,047,Ki-67 檢驗值 47%,,,,,not-started,,,,Do not publish as ConceptMap until reviewed.
breast,SSF10,https://erichuang777777.github.io/TW-Breast-Cancer-FHIR-IG/CodeSystem/tcr-breast-ssf10,https://erichuang777777.github.io/TW-Breast-Cancer-FHIR-IG/ValueSet/tcr-breast-ssf10-vs,048,Ki-67 檢驗值 48%,,,,,not-started,,,,Do not publish as ConceptMap until reviewed.
breast,SSF10,https://erichuang777777.github.io/TW-Breast-Cancer-FHIR-IG/CodeSystem/tcr-breast-ssf10,https://erichuang777777.github.io/TW-Breast-Cancer-FHIR-IG/ValueSet/tcr-breast-ssf10-vs,049,Ki-67 檢驗值 49%,,,,,not-started,,,,Do not publish as ConceptMap until reviewed.
breast,SSF10,https://erichuang777777.github.io/TW-Breast-Cancer-FHIR-IG/CodeSystem/tcr-breast-ssf10,https://erichuang777777.github.io/TW-Breast-Cancer-FHIR-IG/ValueSet/tcr-breast-ssf10-vs,050,Ki-67 檢驗值 50%,,,,,not-started,,,,Do not publish as ConceptMap until reviewed.
breast,SSF10,https://erichuang777777.github.io/TW-Breast-Cancer-FHIR-IG/CodeSystem/tcr-breast-ssf10,https://erichuang777777.github.io/TW-Breast-Cancer-FHIR-IG/ValueSet/tcr-breast-ssf10-vs,051,Ki-67 檢驗值 51%,,,,,not-started,,,,Do not publish as ConceptMap until reviewed.
breast,SSF10,https://erichuang777777.github.io/TW-Breast-Cancer-FHIR-IG/CodeSystem/tcr-breast-ssf10,https://erichuang777777.github.io/TW-Breast-Cancer-FHIR-IG/ValueSet/tcr-breast-ssf10-vs,052,Ki-67 檢驗值 52%,,,,,not-started,,,,Do not publish as ConceptMap until reviewed.
breast,SSF10,https://erichuang777777.github.io/TW-Breast-Cancer-FHIR-IG/CodeSystem/tcr-breast-ssf10,https://erichuang777777.github.io/TW-Breast-Cancer-FHIR-IG/ValueSet/tcr-breast-ssf10-vs,053,Ki-67 檢驗值 53%,,,,,not-started,,,,Do not publish as ConceptMap until reviewed.
breast,SSF10,https://erichuang777777.github.io/TW-Breast-Cancer-FHIR-IG/CodeSystem/tcr-breast-ssf10,https://erichuang777777.github.io/TW-Breast-Cancer-FHIR-IG/ValueSet/tcr-breast-ssf10-vs,054,Ki-67 檢驗值 54%,,,,,not-started,,,,Do not publish as ConceptMap until reviewed.
breast,SSF10,https://erichuang777777.github.io/TW-Breast-Cancer-FHIR-IG/CodeSystem/tcr-breast-ssf10,https://erichuang777777.github.io/TW-Breast-Cancer-FHIR-IG/ValueSet/tcr-breast-ssf10-vs,055,Ki-67 檢驗值 55%,,,,,not-started,,,,Do not publish as ConceptMap until reviewed.
breast,SSF10,https://erichuang777777.github.io/TW-Breast-Cancer-FHIR-IG/CodeSystem/tcr-breast-ssf10,https://erichuang777777.github.io/TW-Breast-Cancer-FHIR-IG/ValueSet/tcr-breast-ssf10-vs,056,Ki-67 檢驗值 56%,,,,,not-started,,,,Do not publish as ConceptMap until reviewed.
breast,SSF10,https://erichuang777777.github.io/TW-Breast-Cancer-FHIR-IG/CodeSystem/tcr-breast-ssf10,https://erichuang777777.github.io/TW-Breast-Cancer-FHIR-IG/ValueSet/tcr-breast-ssf10-vs,057,Ki-67 檢驗值 57%,,,,,not-started,,,,Do not publish as ConceptMap until reviewed.
breast,SSF10,https://erichuang777777.github.io/TW-Breast-Cancer-FHIR-IG/CodeSystem/tcr-breast-ssf10,https://erichuang777777.github.io/TW-Breast-Cancer-FHIR-IG/ValueSet/tcr-breast-ssf10-vs,058,Ki-67 檢驗值 58%,,,,,not-started,,,,Do not publish as ConceptMap until reviewed.
breast,SSF10,https://erichuang777777.github.io/TW-Breast-Cancer-FHIR-IG/CodeSystem/tcr-breast-ssf10,https://erichuang777777.github.io/TW-Breast-Cancer-FHIR-IG/ValueSet/tcr-breast-ssf10-vs,059,Ki-67 檢驗值 59%,,,,,not-started,,,,Do not publish as ConceptMap until reviewed.
breast,SSF10,https://erichuang777777.github.io/TW-Breast-Cancer-FHIR-IG/CodeSystem/tcr-breast-ssf10,https://erichuang777777.github.io/TW-Breast-Cancer-FHIR-IG/ValueSet/tcr-breast-ssf10-vs,060,Ki-67 檢驗值 60%,,,,,not-started,,,,Do not publish as ConceptMap until reviewed.
breast,SSF10,https://erichuang777777.github.io/TW-Breast-Cancer-FHIR-IG/CodeSystem/tcr-breast-ssf10,https://erichuang777777.github.io/TW-Breast-Cancer-FHIR-IG/ValueSet/tcr-breast-ssf10-vs,061,Ki-67 檢驗值 61%,,,,,not-started,,,,Do not publish as ConceptMap until reviewed.
breast,SSF10,https://erichuang777777.github.io/TW-Breast-Cancer-FHIR-IG/CodeSystem/tcr-breast-ssf10,https://erichuang777777.github.io/TW-Breast-Cancer-FHIR-IG/ValueSet/tcr-breast-ssf10-vs,062,Ki-67 檢驗值 62%,,,,,not-started,,,,Do not publish as ConceptMap until reviewed.
breast,SSF10,https://erichuang777777.github.io/TW-Breast-Cancer-FHIR-IG/CodeSystem/tcr-breast-ssf10,https://erichuang777777.github.io/TW-Breast-Cancer-FHIR-IG/ValueSet/tcr-breast-ssf10-vs,063,Ki-67 檢驗值 63%,,,,,not-started,,,,Do not publish as ConceptMap until reviewed.
breast,SSF10,https://erichuang777777.github.io/TW-Breast-Cancer-FHIR-IG/CodeSystem/tcr-breast-ssf10,https://erichuang777777.github.io/TW-Breast-Cancer-FHIR-IG/ValueSet/tcr-breast-ssf10-vs,064,Ki-67 檢驗值 64%,,,,,not-started,,,,Do not publish as ConceptMap until reviewed.
breast,SSF10,https://erichuang777777.github.io/TW-Breast-Cancer-FHIR-IG/CodeSystem/tcr-breast-ssf10,https://erichuang777777.github.io/TW-Breast-Cancer-FHIR-IG/ValueSet/tcr-breast-ssf10-vs,065,Ki-67 檢驗值 65%,,,,,not-started,,,,Do not publish as ConceptMap until reviewed.
breast,SSF10,https://erichuang777777.github.io/TW-Breast-Cancer-FHIR-IG/CodeSystem/tcr-breast-ssf10,https://erichuang777777.github.io/TW-Breast-Cancer-FHIR-IG/ValueSet/tcr-breast-ssf10-vs,066,Ki-67 檢驗值 66%,,,,,not-started,,,,Do not publish as ConceptMap until reviewed.
breast,SSF10,https://erichuang777777.github.io/TW-Breast-Cancer-FHIR-IG/CodeSystem/tcr-breast-ssf10,https://erichuang777777.github.io/TW-Breast-Cancer-FHIR-IG/ValueSet/tcr-breast-ssf10-vs,067,Ki-67 檢驗值 67%,,,,,not-started,,,,Do not publish as ConceptMap until reviewed.
breast,SSF10,https://erichuang777777.github.io/TW-Breast-Cancer-FHIR-IG/CodeSystem/tcr-breast-ssf10,https://erichuang777777.github.io/TW-Breast-Cancer-FHIR-IG/ValueSet/tcr-breast-ssf10-vs,068,Ki-67 檢驗值 68%,,,,,not-started,,,,Do not publish as ConceptMap until reviewed.
breast,SSF10,https://erichuang777777.github.io/TW-Breast-Cancer-FHIR-IG/CodeSystem/tcr-breast-ssf10,https://erichuang777777.github.io/TW-Breast-Cancer-FHIR-IG/ValueSet/tcr-breast-ssf10-vs,069,Ki-67 檢驗值 69%,,,,,not-started,,,,Do not publish as ConceptMap until reviewed.
breast,SSF10,https://erichuang777777.github.io/TW-Breast-Cancer-FHIR-IG/CodeSystem/tcr-breast-ssf10,https://erichuang777777.github.io/TW-Breast-Cancer-FHIR-IG/ValueSet/tcr-breast-ssf10-vs,070,Ki-67 檢驗值 70%,,,,,not-started,,,,Do not publish as ConceptMap until reviewed.
breast,SSF10,https://erichuang777777.github.io/TW-Breast-Cancer-FHIR-IG/CodeSystem/tcr-breast-ssf10,https://erichuang777777.github.io/TW-Breast-Cancer-FHIR-IG/ValueSet/tcr-breast-ssf10-vs,071,Ki-67 檢驗值 71%,,,,,not-started,,,,Do not publish as ConceptMap until reviewed.
breast,SSF10,https://erichuang777777.github.io/TW-Breast-Cancer-FHIR-IG/CodeSystem/tcr-breast-ssf10,https://erichuang777777.github.io/TW-Breast-Cancer-FHIR-IG/ValueSet/tcr-breast-ssf10-vs,072,Ki-67 檢驗值 72%,,,,,not-started,,,,Do not publish as ConceptMap until reviewed.
breast,SSF10,https://erichuang777777.github.io/TW-Breast-Cancer-FHIR-IG/CodeSystem/tcr-breast-ssf10,https://erichuang777777.github.io/TW-Breast-Cancer-FHIR-IG/ValueSet/tcr-breast-ssf10-vs,073,Ki-67 檢驗值 73%,,,,,not-started,,,,Do not publish as ConceptMap until reviewed.
breast,SSF10,https://erichuang777777.github.io/TW-Breast-Cancer-FHIR-IG/CodeSystem/tcr-breast-ssf10,https://erichuang777777.github.io/TW-Breast-Cancer-FHIR-IG/ValueSet/tcr-breast-ssf10-vs,074,Ki-67 檢驗值 74%,,,,,not-started,,,,Do not publish as ConceptMap until reviewed.
breast,SSF10,https://erichuang777777.github.io/TW-Breast-Cancer-FHIR-IG/CodeSystem/tcr-breast-ssf10,https://erichuang777777.github.io/TW-Breast-Cancer-FHIR-IG/ValueSet/tcr-breast-ssf10-vs,075,Ki-67 檢驗值 75%,,,,,not-started,,,,Do not publish as ConceptMap until reviewed.
breast,SSF10,https://erichuang777777.github.io/TW-Breast-Cancer-FHIR-IG/CodeSystem/tcr-breast-ssf10,https://erichuang777777.github.io/TW-Breast-Cancer-FHIR-IG/ValueSet/tcr-breast-ssf10-vs,076,Ki-67 檢驗值 76%,,,,,not-started,,,,Do not publish as ConceptMap until reviewed.
breast,SSF10,https://erichuang777777.github.io/TW-Breast-Cancer-FHIR-IG/CodeSystem/tcr-breast-ssf10,https://erichuang777777.github.io/TW-Breast-Cancer-FHIR-IG/ValueSet/tcr-breast-ssf10-vs,077,Ki-67 檢驗值 77%,,,,,not-started,,,,Do not publish as ConceptMap until reviewed.
breast,SSF10,https://erichuang777777.github.io/TW-Breast-Cancer-FHIR-IG/CodeSystem/tcr-breast-ssf10,https://erichuang777777.github.io/TW-Breast-Cancer-FHIR-IG/ValueSet/tcr-breast-ssf10-vs,078,Ki-67 檢驗值 78%,,,,,not-started,,,,Do not publish as ConceptMap until reviewed.
breast,SSF10,https://erichuang777777.github.io/TW-Breast-Cancer-FHIR-IG/CodeSystem/tcr-breast-ssf10,https://erichuang777777.github.io/TW-Breast-Cancer-FHIR-IG/ValueSet/tcr-breast-ssf10-vs,079,Ki-67 檢驗值 79%,,,,,not-started,,,,Do not publish as ConceptMap until reviewed.
breast,SSF10,https://erichuang777777.github.io/TW-Breast-Cancer-FHIR-IG/CodeSystem/tcr-breast-ssf10,https://erichuang777777.github.io/TW-Breast-Cancer-FHIR-IG/ValueSet/tcr-breast-ssf10-vs,080,Ki-67 檢驗值 80%,,,,,not-started,,,,Do not publish as ConceptMap until reviewed.
breast,SSF10,https://erichuang777777.github.io/TW-Breast-Cancer-FHIR-IG/CodeSystem/tcr-breast-ssf10,https://erichuang777777.github.io/TW-Breast-Cancer-FHIR-IG/ValueSet/tcr-breast-ssf10-vs,081,Ki-67 檢驗值 81%,,,,,not-started,,,,Do not publish as ConceptMap until reviewed.
breast,SSF10,https://erichuang777777.github.io/TW-Breast-Cancer-FHIR-IG/CodeSystem/tcr-breast-ssf10,https://erichuang777777.github.io/TW-Breast-Cancer-FHIR-IG/ValueSet/tcr-breast-ssf10-vs,082,Ki-67 檢驗值 82%,,,,,not-started,,,,Do not publish as ConceptMap until reviewed.
breast,SSF10,https://erichuang777777.github.io/TW-Breast-Cancer-FHIR-IG/CodeSystem/tcr-breast-ssf10,https://erichuang777777.github.io/TW-Breast-Cancer-FHIR-IG/ValueSet/tcr-breast-ssf10-vs,083,Ki-67 檢驗值 83%,,,,,not-started,,,,Do not publish as ConceptMap until reviewed.
breast,SSF10,https://erichuang777777.github.io/TW-Breast-Cancer-FHIR-IG/CodeSystem/tcr-breast-ssf10,https://erichuang777777.github.io/TW-Breast-Cancer-FHIR-IG/ValueSet/tcr-breast-ssf10-vs,084,Ki-67 檢驗值 84%,,,,,not-started,,,,Do not publish as ConceptMap until reviewed.
breast,SSF10,https://erichuang777777.github.io/TW-Breast-Cancer-FHIR-IG/CodeSystem/tcr-breast-ssf10,https://erichuang777777.github.io/TW-Breast-Cancer-FHIR-IG/ValueSet/tcr-breast-ssf10-vs,085,Ki-67 檢驗值 85%,,,,,not-started,,,,Do not publish as ConceptMap until reviewed.
breast,SSF10,https://erichuang777777.github.io/TW-Breast-Cancer-FHIR-IG/CodeSystem/tcr-breast-ssf10,https://erichuang777777.github.io/TW-Breast-Cancer-FHIR-IG/ValueSet/tcr-breast-ssf10-vs,086,Ki-67 檢驗值 86%,,,,,not-started,,,,Do not publish as ConceptMap until reviewed.
breast,SSF10,https://erichuang777777.github.io/TW-Breast-Cancer-FHIR-IG/CodeSystem/tcr-breast-ssf10,https://erichuang777777.github.io/TW-Breast-Cancer-FHIR-IG/ValueSet/tcr-breast-ssf10-vs,087,Ki-67 檢驗值 87%,,,,,not-started,,,,Do not publish as ConceptMap until reviewed.
breast,SSF10,https://erichuang777777.github.io/TW-Breast-Cancer-FHIR-IG/CodeSystem/tcr-breast-ssf10,https://erichuang777777.github.io/TW-Breast-Cancer-FHIR-IG/ValueSet/tcr-breast-ssf10-vs,088,Ki-67 檢驗值 88%,,,,,not-started,,,,Do not publish as ConceptMap until reviewed.
breast,SSF10,https://erichuang777777.github.io/TW-Breast-Cancer-FHIR-IG/CodeSystem/tcr-breast-ssf10,https://erichuang777777.github.io/TW-Breast-Cancer-FHIR-IG/ValueSet/tcr-breast-ssf10-vs,089,Ki-67 檢驗值 89%,,,,,not-started,,,,Do not publish as ConceptMap until reviewed.
breast,SSF10,https://erichuang777777.github.io/TW-Breast-Cancer-FHIR-IG/CodeSystem/tcr-breast-ssf10,https://erichuang777777.github.io/TW-Breast-Cancer-FHIR-IG/ValueSet/tcr-breast-ssf10-vs,090,Ki-67 檢驗值 90%,,,,,not-started,,,,Do not publish as ConceptMap until reviewed.
breast,SSF10,https://erichuang777777.github.io/TW-Breast-Cancer-FHIR-IG/CodeSystem/tcr-breast-ssf10,https://erichuang777777.github.io/TW-Breast-Cancer-FHIR-IG/ValueSet/tcr-breast-ssf10-vs,091,Ki-67 檢驗值 91%,,,,,not-started,,,,Do not publish as ConceptMap until reviewed.
breast,SSF10,https://erichuang777777.github.io/TW-Breast-Cancer-FHIR-IG/CodeSystem/tcr-breast-ssf10,https://erichuang777777.github.io/TW-Breast-Cancer-FHIR-IG/ValueSet/tcr-breast-ssf10-vs,092,Ki-67 檢驗值 92%,,,,,not-started,,,,Do not publish as ConceptMap until reviewed.
breast,SSF10,https://erichuang777777.github.io/TW-Breast-Cancer-FHIR-IG/CodeSystem/tcr-breast-ssf10,https://erichuang777777.github.io/TW-Breast-Cancer-FHIR-IG/ValueSet/tcr-breast-ssf10-vs,093,Ki-67 檢驗值 93%,,,,,not-started,,,,Do not publish as ConceptMap until reviewed.
breast,SSF10,https://erichuang777777.github.io/TW-Breast-Cancer-FHIR-IG/CodeSystem/tcr-breast-ssf10,https://erichuang777777.github.io/TW-Breast-Cancer-FHIR-IG/ValueSet/tcr-breast-ssf10-vs,094,Ki-67 檢驗值 94%,,,,,not-started,,,,Do not publish as ConceptMap until reviewed.
breast,SSF10,https://erichuang777777.github.io/TW-Breast-Cancer-FHIR-IG/CodeSystem/tcr-breast-ssf10,https://erichuang777777.github.io/TW-Breast-Cancer-FHIR-IG/ValueSet/tcr-breast-ssf10-vs,095,Ki-67 檢驗值 95%,,,,,not-started,,,,Do not publish as ConceptMap until reviewed.
breast,SSF10,https://erichuang777777.github.io/TW-Breast-Cancer-FHIR-IG/CodeSystem/tcr-breast-ssf10,https://erichuang777777.github.io/TW-Breast-Cancer-FHIR-IG/ValueSet/tcr-breast-ssf10-vs,096,Ki-67 檢驗值 96%,,,,,not-started,,,,Do not publish as ConceptMap until reviewed.
breast,SSF10,https://erichuang777777.github.io/TW-Breast-Cancer-FHIR-IG/CodeSystem/tcr-breast-ssf10,https://erichuang777777.github.io/TW-Breast-Cancer-FHIR-IG/ValueSet/tcr-breast-ssf10-vs,097,Ki-67 檢驗值 97%,,,,,not-started,,,,Do not publish as ConceptMap until reviewed.
breast,SSF10,https://erichuang777777.github.io/TW-Breast-Cancer-FHIR-IG/CodeSystem/tcr-breast-ssf10,https://erichuang777777.github.io/TW-Breast-Cancer-FHIR-IG/ValueSet/tcr-breast-ssf10-vs,098,Ki-67 檢驗值 98%,,,,,not-started,,,,Do not publish as ConceptMap until reviewed.
breast,SSF10,https://erichuang777777.github.io/TW-Breast-Cancer-FHIR-IG/CodeSystem/tcr-breast-ssf10,https://erichuang777777.github.io/TW-Breast-Cancer-FHIR-IG/ValueSet/tcr-breast-ssf10-vs,099,Ki-67 檢驗值 99%,,,,,not-started,,,,Do not publish as ConceptMap until reviewed.
breast,SSF10,https://erichuang777777.github.io/TW-Breast-Cancer-FHIR-IG/CodeSystem/tcr-breast-ssf10,https://erichuang777777.github.io/TW-Breast-Cancer-FHIR-IG/ValueSet/tcr-breast-ssf10-vs,100,Ki-67 檢驗值 100%,,,,,not-started,,,,Do not publish as ConceptMap until reviewed.
breast,SSF10,https://erichuang777777.github.io/TW-Breast-Cancer-FHIR-IG/CodeSystem/tcr-breast-ssf10,https://erichuang777777.github.io/TW-Breast-Cancer-FHIR-IG/ValueSet/tcr-breast-ssf10-vs,988,不適用：Phyllodes tumor (M-9020)、Sarcoma、外院已切除大部分腫瘤且無外院資訊,,,,,not-started,,,,Do not publish as ConceptMap until reviewed.
breast,SSF10,https://erichuang777777.github.io/TW-Breast-Cancer-FHIR-IG/CodeSystem/tcr-breast-ssf10,https://erichuang777777.github.io/TW-Breast-Cancer-FHIR-IG/ValueSet/tcr-breast-ssf10-vs,998,有檢驗，但百分比不明,,,,,not-started,,,,Do not publish as ConceptMap until reviewed.
breast,SSF10,https://erichuang777777.github.io/TW-Breast-Cancer-FHIR-IG/CodeSystem/tcr-breast-ssf10,https://erichuang777777.github.io/TW-Breast-Cancer-FHIR-IG/ValueSet/tcr-breast-ssf10-vs,999,不清楚檢測是否執行／病歷未記載／沒有檢驗,,,,,not-started,,,,Do not publish as ConceptMap until reviewed.
breast,SSF10,https://erichuang777777.github.io/TW-Breast-Cancer-FHIR-IG/CodeSystem/tcr-breast-ssf10,https://erichuang777777.github.io/TW-Breast-Cancer-FHIR-IG/ValueSet/tcr-breast-ssf10-vs,A00,Ki-67 檢驗值 0.0%（小於 1%、大於 0%，無條件捨去至小數第一位）,,,,,not-started,,,,Do not publish as ConceptMap until reviewed.
breast,SSF10,https://erichuang777777.github.io/TW-Breast-Cancer-FHIR-IG/CodeSystem/tcr-breast-ssf10,https://erichuang777777.github.io/TW-Breast-Cancer-FHIR-IG/ValueSet/tcr-breast-ssf10-vs,A01,Ki-67 檢驗值 0.1%（小於 1%、大於 0%，無條件捨去至小數第一位）,,,,,not-started,,,,Do not publish as ConceptMap until reviewed.
breast,SSF10,https://erichuang777777.github.io/TW-Breast-Cancer-FHIR-IG/CodeSystem/tcr-breast-ssf10,https://erichuang777777.github.io/TW-Breast-Cancer-FHIR-IG/ValueSet/tcr-breast-ssf10-vs,A02,Ki-67 檢驗值 0.2%（小於 1%、大於 0%，無條件捨去至小數第一位）,,,,,not-started,,,,Do not publish as ConceptMap until reviewed.
breast,SSF10,https://erichuang777777.github.io/TW-Breast-Cancer-FHIR-IG/CodeSystem/tcr-breast-ssf10,https://erichuang777777.github.io/TW-Breast-Cancer-FHIR-IG/ValueSet/tcr-breast-ssf10-vs,A03,Ki-67 檢驗值 0.3%（小於 1%、大於 0%，無條件捨去至小數第一位）,,,,,not-started,,,,Do not publish as ConceptMap until reviewed.
breast,SSF10,https://erichuang777777.github.io/TW-Breast-Cancer-FHIR-IG/CodeSystem/tcr-breast-ssf10,https://erichuang777777.github.io/TW-Breast-Cancer-FHIR-IG/ValueSet/tcr-breast-ssf10-vs,A04,Ki-67 檢驗值 0.4%（小於 1%、大於 0%，無條件捨去至小數第一位）,,,,,not-started,,,,Do not publish as ConceptMap until reviewed.
breast,SSF10,https://erichuang777777.github.io/TW-Breast-Cancer-FHIR-IG/CodeSystem/tcr-breast-ssf10,https://erichuang777777.github.io/TW-Breast-Cancer-FHIR-IG/ValueSet/tcr-breast-ssf10-vs,A05,Ki-67 檢驗值 0.5%（小於 1%、大於 0%，無條件捨去至小數第一位）,,,,,not-started,,,,Do not publish as ConceptMap until reviewed.
breast,SSF10,https://erichuang777777.github.io/TW-Breast-Cancer-FHIR-IG/CodeSystem/tcr-breast-ssf10,https://erichuang777777.github.io/TW-Breast-Cancer-FHIR-IG/ValueSet/tcr-breast-ssf10-vs,A06,Ki-67 檢驗值 0.6%（小於 1%、大於 0%，無條件捨去至小數第一位）,,,,,not-started,,,,Do not publish as ConceptMap until reviewed.
breast,SSF10,https://erichuang777777.github.io/TW-Breast-Cancer-FHIR-IG/CodeSystem/tcr-breast-ssf10,https://erichuang777777.github.io/TW-Breast-Cancer-FHIR-IG/ValueSet/tcr-breast-ssf10-vs,A07,Ki-67 檢驗值 0.7%（小於 1%、大於 0%，無條件捨去至小數第一位）,,,,,not-started,,,,Do not publish as ConceptMap until reviewed.
breast,SSF10,https://erichuang777777.github.io/TW-Breast-Cancer-FHIR-IG/CodeSystem/tcr-breast-ssf10,https://erichuang777777.github.io/TW-Breast-Cancer-FHIR-IG/ValueSet/tcr-breast-ssf10-vs,A08,Ki-67 檢驗值 0.8%（小於 1%、大於 0%，無條件捨去至小數第一位）,,,,,not-started,,,,Do not publish as ConceptMap until reviewed.
breast,SSF10,https://erichuang777777.github.io/TW-Breast-Cancer-FHIR-IG/CodeSystem/tcr-breast-ssf10,https://erichuang777777.github.io/TW-Breast-Cancer-FHIR-IG/ValueSet/tcr-breast-ssf10-vs,A09,Ki-67 檢驗值 0.9%（小於 1%、大於 0%，無條件捨去至小數第一位）,,,,,not-started,,,,Do not publish as ConceptMap until reviewed.
breast,R,https://erichuang777777.github.io/TW-Breast-Cancer-FHIR-IG/CodeSystem/tcr-breast-r,https://erichuang777777.github.io/TW-Breast-Cancer-FHIR-IG/ValueSet/tcr-breast-r-vs,00,個案僅於申報醫院接受首次療程的放射治療。,,,,,not-started,,,,Do not publish as ConceptMap until reviewed.
breast,R,https://erichuang777777.github.io/TW-Breast-Cancer-FHIR-IG/CodeSystem/tcr-breast-r,https://erichuang777777.github.io/TW-Breast-Cancer-FHIR-IG/ValueSet/tcr-breast-r-vs,01,放射治療非既定之首次療程計畫中的一部分。,,,,,not-started,,,,Do not publish as ConceptMap until reviewed.
breast,R,https://erichuang777777.github.io/TW-Breast-Cancer-FHIR-IG/CodeSystem/tcr-breast-r,https://erichuang777777.github.io/TW-Breast-Cancer-FHIR-IG/ValueSet/tcr-breast-r-vs,02,放射治療因禁忌症或個案其他危險因素(併發症、年邁)而未建議或給予。,,,,,not-started,,,,Do not publish as ConceptMap until reviewed.
breast,R,https://erichuang777777.github.io/TW-Breast-Cancer-FHIR-IG/CodeSystem/tcr-breast-r,https://erichuang777777.github.io/TW-Breast-Cancer-FHIR-IG/ValueSet/tcr-breast-r-vs,03,放射治療因疾病進展而未建議或給予。,,,,,not-started,,,,Do not publish as ConceptMap until reviewed.
breast,R,https://erichuang777777.github.io/TW-Breast-Cancer-FHIR-IG/CodeSystem/tcr-breast-r,https://erichuang777777.github.io/TW-Breast-Cancer-FHIR-IG/ValueSet/tcr-breast-r-vs,04,個案於申報醫院接受首次療程的放射治療，但病人因個人因素未完成既定放射治療之療程。,,,,,not-started,,,,Do not publish as ConceptMap until reviewed.
breast,R,https://erichuang777777.github.io/TW-Breast-Cancer-FHIR-IG/CodeSystem/tcr-breast-r,https://erichuang777777.github.io/TW-Breast-Cancer-FHIR-IG/ValueSet/tcr-breast-r-vs,05,放射治療是既定之首次療程計畫中的一部分，但因個案未接受前即死亡或病危出院。,,,,,not-started,,,,Do not publish as ConceptMap until reviewed.
breast,R,https://erichuang777777.github.io/TW-Breast-Cancer-FHIR-IG/CodeSystem/tcr-breast-r,https://erichuang777777.github.io/TW-Breast-Cancer-FHIR-IG/ValueSet/tcr-breast-r-vs,06,放射治療是既定之首次療程計畫中的一部分，未執行且病歷也未記載未執行的原因。,,,,,not-started,,,,Do not publish as ConceptMap until reviewed.
breast,R,https://erichuang777777.github.io/TW-Breast-Cancer-FHIR-IG/CodeSystem/tcr-breast-r,https://erichuang777777.github.io/TW-Breast-Cancer-FHIR-IG/ValueSet/tcr-breast-r-vs,07,放射治療是既定之首次療程計畫中的一部分，但病歷記載個案或其家屬拒絕放射治療。,,,,,not-started,,,,Do not publish as ConceptMap until reviewed.
breast,R,https://erichuang777777.github.io/TW-Breast-Cancer-FHIR-IG/CodeSystem/tcr-breast-r,https://erichuang777777.github.io/TW-Breast-Cancer-FHIR-IG/ValueSet/tcr-breast-r-vs,08,放射治療雖是既定之首次療程計畫中的一部分，但摘錄時尚未執行。,,,,,not-started,,,,Do not publish as ConceptMap until reviewed.
breast,R,https://erichuang777777.github.io/TW-Breast-Cancer-FHIR-IG/CodeSystem/tcr-breast-r,https://erichuang777777.github.io/TW-Breast-Cancer-FHIR-IG/ValueSet/tcr-breast-r-vs,09,個案僅於外院接受首次療程的放射治療。,,,,,not-started,,,,Do not publish as ConceptMap until reviewed.
breast,R,https://erichuang777777.github.io/TW-Breast-Cancer-FHIR-IG/CodeSystem/tcr-breast-r,https://erichuang777777.github.io/TW-Breast-Cancer-FHIR-IG/ValueSet/tcr-breast-r-vs,10,個案於外院及申報醫院皆接受首次療程的放射治療。,,,,,not-started,,,,Do not publish as ConceptMap until reviewed.
breast,R,https://erichuang777777.github.io/TW-Breast-Cancer-FHIR-IG/CodeSystem/tcr-breast-r,https://erichuang777777.github.io/TW-Breast-Cancer-FHIR-IG/ValueSet/tcr-breast-r-vs,99,由於病歷未記載，所以不知道放射治療是否有被建議或是已經執行。,,,,,not-started,,,,Do not publish as ConceptMap until reviewed.
breast,RTAR,https://erichuang777777.github.io/TW-Breast-Cancer-FHIR-IG/CodeSystem/tcr-breast-rtar,https://erichuang777777.github.io/TW-Breast-Cancer-FHIR-IG/ValueSet/tcr-breast-rtar-vs,-1,個案有接受放射治療，但放射範圍未明示；或放射治療是單純內分泌處置。,,,,,not-started,,,,Do not publish as ConceptMap until reviewed.
breast,RTAR,https://erichuang777777.github.io/TW-Breast-Cancer-FHIR-IG/CodeSystem/tcr-breast-rtar,https://erichuang777777.github.io/TW-Breast-Cancer-FHIR-IG/ValueSet/tcr-breast-rtar-vs,-9,不知道個案是否有接受放射治療。,,,,,not-started,,,,Do not publish as ConceptMap until reviewed.
breast,RTAR,https://erichuang777777.github.io/TW-Breast-Cancer-FHIR-IG/CodeSystem/tcr-breast-rtar,https://erichuang777777.github.io/TW-Breast-Cancer-FHIR-IG/ValueSet/tcr-breast-rtar-vs,00,個案未接受放射治療。,,,,,not-started,,,,Do not publish as ConceptMap until reviewed.
breast,RTAR,https://erichuang777777.github.io/TW-Breast-Cancer-FHIR-IG/CodeSystem/tcr-breast-rtar,https://erichuang777777.github.io/TW-Breast-Cancer-FHIR-IG/ValueSet/tcr-breast-rtar-vs,01,原發腫瘤(T),,,,,not-started,,,,Do not publish as ConceptMap until reviewed.
breast,RTAR,https://erichuang777777.github.io/TW-Breast-Cancer-FHIR-IG/CodeSystem/tcr-breast-rtar,https://erichuang777777.github.io/TW-Breast-Cancer-FHIR-IG/ValueSet/tcr-breast-rtar-vs,02,區域淋巴結(N),,,,,not-started,,,,Do not publish as ConceptMap until reviewed.
breast,RTAR,https://erichuang777777.github.io/TW-Breast-Cancer-FHIR-IG/CodeSystem/tcr-breast-rtar,https://erichuang777777.github.io/TW-Breast-Cancer-FHIR-IG/ValueSet/tcr-breast-rtar-vs,03,原發腫瘤(T)＋區域淋巴結(N),,,,,not-started,,,,Do not publish as ConceptMap until reviewed.
breast,RTAR,https://erichuang777777.github.io/TW-Breast-Cancer-FHIR-IG/CodeSystem/tcr-breast-rtar,https://erichuang777777.github.io/TW-Breast-Cancer-FHIR-IG/ValueSet/tcr-breast-rtar-vs,04,遠端轉移(M),,,,,not-started,,,,Do not publish as ConceptMap until reviewed.
breast,RTAR,https://erichuang777777.github.io/TW-Breast-Cancer-FHIR-IG/CodeSystem/tcr-breast-rtar,https://erichuang777777.github.io/TW-Breast-Cancer-FHIR-IG/ValueSet/tcr-breast-rtar-vs,05,原發腫瘤(T)＋遠端轉移(M),,,,,not-started,,,,Do not publish as ConceptMap until reviewed.
breast,RTAR,https://erichuang777777.github.io/TW-Breast-Cancer-FHIR-IG/CodeSystem/tcr-breast-rtar,https://erichuang777777.github.io/TW-Breast-Cancer-FHIR-IG/ValueSet/tcr-breast-rtar-vs,06,區域淋巴結(N)＋遠端轉移(M),,,,,not-started,,,,Do not publish as ConceptMap until reviewed.
breast,RTAR,https://erichuang777777.github.io/TW-Breast-Cancer-FHIR-IG/CodeSystem/tcr-breast-rtar,https://erichuang777777.github.io/TW-Breast-Cancer-FHIR-IG/ValueSet/tcr-breast-rtar-vs,07,原發腫瘤(T)＋區域淋巴結(N)＋遠端轉移(M),,,,,not-started,,,,Do not publish as ConceptMap until reviewed.
breast,RTAR,https://erichuang777777.github.io/TW-Breast-Cancer-FHIR-IG/CodeSystem/tcr-breast-rtar,https://erichuang777777.github.io/TW-Breast-Cancer-FHIR-IG/ValueSet/tcr-breast-rtar-vs,08,廣泛淋巴區域(mini-mantle/mantle/inverted-Y 或全身淋巴照射；限何杰金氏及非何杰金氏淋巴癌),,,,,not-started,,,,Do not publish as ConceptMap until reviewed.
breast,RTAR,https://erichuang777777.github.io/TW-Breast-Cancer-FHIR-IG/CodeSystem/tcr-breast-rtar,https://erichuang777777.github.io/TW-Breast-Cancer-FHIR-IG/ValueSet/tcr-breast-rtar-vs,09,原發腫瘤(T)＋廣泛淋巴區域(mini-mantle/mantle/inverted-Y 或全身淋巴照射；限何杰金氏及非何杰金氏淋巴癌),,,,,not-started,,,,Do not publish as ConceptMap until reviewed.
breast,RTAR,https://erichuang777777.github.io/TW-Breast-Cancer-FHIR-IG/CodeSystem/tcr-breast-rtar,https://erichuang777777.github.io/TW-Breast-Cancer-FHIR-IG/ValueSet/tcr-breast-rtar-vs,10,區域淋巴結(N)＋廣泛淋巴區域(mini-mantle/mantle/inverted-Y 或全身淋巴照射；限何杰金氏及非何杰金氏淋巴癌),,,,,not-started,,,,Do not publish as ConceptMap until reviewed.
breast,RTAR,https://erichuang777777.github.io/TW-Breast-Cancer-FHIR-IG/CodeSystem/tcr-breast-rtar,https://erichuang777777.github.io/TW-Breast-Cancer-FHIR-IG/ValueSet/tcr-breast-rtar-vs,11,原發腫瘤(T)＋區域淋巴結(N)＋廣泛淋巴區域(mini-mantle/mantle/inverted-Y 或全身淋巴照射；限何杰金氏及非何杰金氏淋巴癌),,,,,not-started,,,,Do not publish as ConceptMap until reviewed.
breast,RTAR,https://erichuang777777.github.io/TW-Breast-Cancer-FHIR-IG/CodeSystem/tcr-breast-rtar,https://erichuang777777.github.io/TW-Breast-Cancer-FHIR-IG/ValueSet/tcr-breast-rtar-vs,12,遠端轉移(M)＋廣泛淋巴區域(mini-mantle/mantle/inverted-Y 或全身淋巴照射；限何杰金氏及非何杰金氏淋巴癌),,,,,not-started,,,,Do not publish as ConceptMap until reviewed.
breast,RTAR,https://erichuang777777.github.io/TW-Breast-Cancer-FHIR-IG/CodeSystem/tcr-breast-rtar,https://erichuang777777.github.io/TW-Breast-Cancer-FHIR-IG/ValueSet/tcr-breast-rtar-vs,13,原發腫瘤(T)＋遠端轉移(M)＋廣泛淋巴區域(mini-mantle/mantle/inverted-Y 或全身淋巴照射；限何杰金氏及非何杰金氏淋巴癌),,,,,not-started,,,,Do not publish as ConceptMap until reviewed.
breast,RTAR,https://erichuang777777.github.io/TW-Breast-Cancer-FHIR-IG/CodeSystem/tcr-breast-rtar,https://erichuang777777.github.io/TW-Breast-Cancer-FHIR-IG/ValueSet/tcr-breast-rtar-vs,14,區域淋巴結(N)＋遠端轉移(M)＋廣泛淋巴區域(mini-mantle/mantle/inverted-Y 或全身淋巴照射；限何杰金氏及非何杰金氏淋巴癌),,,,,not-started,,,,Do not publish as ConceptMap until reviewed.
breast,RTAR,https://erichuang777777.github.io/TW-Breast-Cancer-FHIR-IG/CodeSystem/tcr-breast-rtar,https://erichuang777777.github.io/TW-Breast-Cancer-FHIR-IG/ValueSet/tcr-breast-rtar-vs,15,原發腫瘤(T)＋區域淋巴結(N)＋遠端轉移(M)＋廣泛淋巴區域(mini-mantle/mantle/inverted-Y 或全身淋巴照射；限何杰金氏及非何杰金氏淋巴癌),,,,,not-started,,,,Do not publish as ConceptMap until reviewed.
breast,RTAR,https://erichuang777777.github.io/TW-Breast-Cancer-FHIR-IG/CodeSystem/tcr-breast-rtar,https://erichuang777777.github.io/TW-Breast-Cancer-FHIR-IG/ValueSet/tcr-breast-rtar-vs,16,全身/全骨髓,,,,,not-started,,,,Do not publish as ConceptMap until reviewed.
breast,RTAR,https://erichuang777777.github.io/TW-Breast-Cancer-FHIR-IG/CodeSystem/tcr-breast-rtar,https://erichuang777777.github.io/TW-Breast-Cancer-FHIR-IG/ValueSet/tcr-breast-rtar-vs,17,原發腫瘤(T)＋全身/全骨髓,,,,,not-started,,,,Do not publish as ConceptMap until reviewed.
breast,RTAR,https://erichuang777777.github.io/TW-Breast-Cancer-FHIR-IG/CodeSystem/tcr-breast-rtar,https://erichuang777777.github.io/TW-Breast-Cancer-FHIR-IG/ValueSet/tcr-breast-rtar-vs,18,區域淋巴結(N)＋全身/全骨髓,,,,,not-started,,,,Do not publish as ConceptMap until reviewed.
breast,RTAR,https://erichuang777777.github.io/TW-Breast-Cancer-FHIR-IG/CodeSystem/tcr-breast-rtar,https://erichuang777777.github.io/TW-Breast-Cancer-FHIR-IG/ValueSet/tcr-breast-rtar-vs,19,原發腫瘤(T)＋區域淋巴結(N)＋全身/全骨髓,,,,,not-started,,,,Do not publish as ConceptMap until reviewed.
breast,RTAR,https://erichuang777777.github.io/TW-Breast-Cancer-FHIR-IG/CodeSystem/tcr-breast-rtar,https://erichuang777777.github.io/TW-Breast-Cancer-FHIR-IG/ValueSet/tcr-breast-rtar-vs,20,遠端轉移(M)＋全身/全骨髓,,,,,not-started,,,,Do not publish as ConceptMap until reviewed.
breast,RTAR,https://erichuang777777.github.io/TW-Breast-Cancer-FHIR-IG/CodeSystem/tcr-breast-rtar,https://erichuang777777.github.io/TW-Breast-Cancer-FHIR-IG/ValueSet/tcr-breast-rtar-vs,21,原發腫瘤(T)＋遠端轉移(M)＋全身/全骨髓,,,,,not-started,,,,Do not publish as ConceptMap until reviewed.
breast,RTAR,https://erichuang777777.github.io/TW-Breast-Cancer-FHIR-IG/CodeSystem/tcr-breast-rtar,https://erichuang777777.github.io/TW-Breast-Cancer-FHIR-IG/ValueSet/tcr-breast-rtar-vs,22,區域淋巴結(N)＋遠端轉移(M)＋全身/全骨髓,,,,,not-started,,,,Do not publish as ConceptMap until reviewed.
breast,RTAR,https://erichuang777777.github.io/TW-Breast-Cancer-FHIR-IG/CodeSystem/tcr-breast-rtar,https://erichuang777777.github.io/TW-Breast-Cancer-FHIR-IG/ValueSet/tcr-breast-rtar-vs,23,原發腫瘤(T)＋區域淋巴結(N)＋遠端轉移(M)＋全身/全骨髓,,,,,not-started,,,,Do not publish as ConceptMap until reviewed.
breast,RTAR,https://erichuang777777.github.io/TW-Breast-Cancer-FHIR-IG/CodeSystem/tcr-breast-rtar,https://erichuang777777.github.io/TW-Breast-Cancer-FHIR-IG/ValueSet/tcr-breast-rtar-vs,24,廣泛淋巴區域(mini-mantle/mantle/inverted-Y 或全身淋巴照射；限何杰金氏及非何杰金氏淋巴癌)＋全身/全骨髓,,,,,not-started,,,,Do not publish as ConceptMap until reviewed.
breast,RTAR,https://erichuang777777.github.io/TW-Breast-Cancer-FHIR-IG/CodeSystem/tcr-breast-rtar,https://erichuang777777.github.io/TW-Breast-Cancer-FHIR-IG/ValueSet/tcr-breast-rtar-vs,25,原發腫瘤(T)＋廣泛淋巴區域(mini-mantle/mantle/inverted-Y 或全身淋巴照射；限何杰金氏及非何杰金氏淋巴癌)＋全身/全骨髓,,,,,not-started,,,,Do not publish as ConceptMap until reviewed.
breast,RTAR,https://erichuang777777.github.io/TW-Breast-Cancer-FHIR-IG/CodeSystem/tcr-breast-rtar,https://erichuang777777.github.io/TW-Breast-Cancer-FHIR-IG/ValueSet/tcr-breast-rtar-vs,26,區域淋巴結(N)＋廣泛淋巴區域(mini-mantle/mantle/inverted-Y 或全身淋巴照射；限何杰金氏及非何杰金氏淋巴癌)＋全身/全骨髓,,,,,not-started,,,,Do not publish as ConceptMap until reviewed.
breast,RTAR,https://erichuang777777.github.io/TW-Breast-Cancer-FHIR-IG/CodeSystem/tcr-breast-rtar,https://erichuang777777.github.io/TW-Breast-Cancer-FHIR-IG/ValueSet/tcr-breast-rtar-vs,27,原發腫瘤(T)＋區域淋巴結(N)＋廣泛淋巴區域(mini-mantle/mantle/inverted-Y 或全身淋巴照射；限何杰金氏及非何杰金氏淋巴癌)＋全身/全骨髓,,,,,not-started,,,,Do not publish as ConceptMap until reviewed.
breast,RTAR,https://erichuang777777.github.io/TW-Breast-Cancer-FHIR-IG/CodeSystem/tcr-breast-rtar,https://erichuang777777.github.io/TW-Breast-Cancer-FHIR-IG/ValueSet/tcr-breast-rtar-vs,28,遠端轉移(M)＋廣泛淋巴區域(mini-mantle/mantle/inverted-Y 或全身淋巴照射；限何杰金氏及非何杰金氏淋巴癌)＋全身/全骨髓,,,,,not-started,,,,Do not publish as ConceptMap until reviewed.
breast,RTAR,https://erichuang777777.github.io/TW-Breast-Cancer-FHIR-IG/CodeSystem/tcr-breast-rtar,https://erichuang777777.github.io/TW-Breast-Cancer-FHIR-IG/ValueSet/tcr-breast-rtar-vs,29,原發腫瘤(T)＋遠端轉移(M)＋廣泛淋巴區域(mini-mantle/mantle/inverted-Y 或全身淋巴照射；限何杰金氏及非何杰金氏淋巴癌)＋全身/全骨髓,,,,,not-started,,,,Do not publish as ConceptMap until reviewed.
breast,RTAR,https://erichuang777777.github.io/TW-Breast-Cancer-FHIR-IG/CodeSystem/tcr-breast-rtar,https://erichuang777777.github.io/TW-Breast-Cancer-FHIR-IG/ValueSet/tcr-breast-rtar-vs,30,區域淋巴結(N)＋遠端轉移(M)＋廣泛淋巴區域(mini-mantle/mantle/inverted-Y 或全身淋巴照射；限何杰金氏及非何杰金氏淋巴癌)＋全身/全骨髓,,,,,not-started,,,,Do not publish as ConceptMap until reviewed.
breast,RTAR,https://erichuang777777.github.io/TW-Breast-Cancer-FHIR-IG/CodeSystem/tcr-breast-rtar,https://erichuang777777.github.io/TW-Breast-Cancer-FHIR-IG/ValueSet/tcr-breast-rtar-vs,31,原發腫瘤(T)＋區域淋巴結(N)＋遠端轉移(M)＋廣泛淋巴區域(mini-mantle/mantle/inverted-Y 或全身淋巴照射；限何杰金氏及非何杰金氏淋巴癌)＋全身/全骨髓,,,,,not-started,,,,Do not publish as ConceptMap until reviewed.
breast,RTAR,https://erichuang777777.github.io/TW-Breast-Cancer-FHIR-IG/CodeSystem/tcr-breast-rtar,https://erichuang777777.github.io/TW-Breast-Cancer-FHIR-IG/ValueSet/tcr-breast-rtar-vs,32,全皮膚(限卡波西氏肉瘤、原發表皮淋巴癌或其他需全身皮膚電子射線放射治療者),,,,,not-started,,,,Do not publish as ConceptMap until reviewed.
breast,RTAR,https://erichuang777777.github.io/TW-Breast-Cancer-FHIR-IG/CodeSystem/tcr-breast-rtar,https://erichuang777777.github.io/TW-Breast-Cancer-FHIR-IG/ValueSet/tcr-breast-rtar-vs,33,原發腫瘤(T)＋全皮膚(限卡波西氏肉瘤、原發表皮淋巴癌或其他需全身皮膚電子射線放射治療者),,,,,not-started,,,,Do not publish as ConceptMap until reviewed.
breast,RTAR,https://erichuang777777.github.io/TW-Breast-Cancer-FHIR-IG/CodeSystem/tcr-breast-rtar,https://erichuang777777.github.io/TW-Breast-Cancer-FHIR-IG/ValueSet/tcr-breast-rtar-vs,34,區域淋巴結(N)＋全皮膚(限卡波西氏肉瘤、原發表皮淋巴癌或其他需全身皮膚電子射線放射治療者),,,,,not-started,,,,Do not publish as ConceptMap until reviewed.
breast,RTAR,https://erichuang777777.github.io/TW-Breast-Cancer-FHIR-IG/CodeSystem/tcr-breast-rtar,https://erichuang777777.github.io/TW-Breast-Cancer-FHIR-IG/ValueSet/tcr-breast-rtar-vs,35,原發腫瘤(T)＋區域淋巴結(N)＋全皮膚(限卡波西氏肉瘤、原發表皮淋巴癌或其他需全身皮膚電子射線放射治療者),,,,,not-started,,,,Do not publish as ConceptMap until reviewed.
breast,RTAR,https://erichuang777777.github.io/TW-Breast-Cancer-FHIR-IG/CodeSystem/tcr-breast-rtar,https://erichuang777777.github.io/TW-Breast-Cancer-FHIR-IG/ValueSet/tcr-breast-rtar-vs,36,遠端轉移(M)＋全皮膚(限卡波西氏肉瘤、原發表皮淋巴癌或其他需全身皮膚電子射線放射治療者),,,,,not-started,,,,Do not publish as ConceptMap until reviewed.
breast,RTAR,https://erichuang777777.github.io/TW-Breast-Cancer-FHIR-IG/CodeSystem/tcr-breast-rtar,https://erichuang777777.github.io/TW-Breast-Cancer-FHIR-IG/ValueSet/tcr-breast-rtar-vs,37,原發腫瘤(T)＋遠端轉移(M)＋全皮膚(限卡波西氏肉瘤、原發表皮淋巴癌或其他需全身皮膚電子射線放射治療者),,,,,not-started,,,,Do not publish as ConceptMap until reviewed.
breast,RTAR,https://erichuang777777.github.io/TW-Breast-Cancer-FHIR-IG/CodeSystem/tcr-breast-rtar,https://erichuang777777.github.io/TW-Breast-Cancer-FHIR-IG/ValueSet/tcr-breast-rtar-vs,38,區域淋巴結(N)＋遠端轉移(M)＋全皮膚(限卡波西氏肉瘤、原發表皮淋巴癌或其他需全身皮膚電子射線放射治療者),,,,,not-started,,,,Do not publish as ConceptMap until reviewed.
breast,RTAR,https://erichuang777777.github.io/TW-Breast-Cancer-FHIR-IG/CodeSystem/tcr-breast-rtar,https://erichuang777777.github.io/TW-Breast-Cancer-FHIR-IG/ValueSet/tcr-breast-rtar-vs,39,原發腫瘤(T)＋區域淋巴結(N)＋遠端轉移(M)＋全皮膚(限卡波西氏肉瘤、原發表皮淋巴癌或其他需全身皮膚電子射線放射治療者),,,,,not-started,,,,Do not publish as ConceptMap until reviewed.
breast,RTAR,https://erichuang777777.github.io/TW-Breast-Cancer-FHIR-IG/CodeSystem/tcr-breast-rtar,https://erichuang777777.github.io/TW-Breast-Cancer-FHIR-IG/ValueSet/tcr-breast-rtar-vs,40,廣泛淋巴區域(mini-mantle/mantle/inverted-Y 或全身淋巴照射；限何杰金氏及非何杰金氏淋巴癌)＋全皮膚(限卡波西氏肉瘤、原發表皮淋巴癌或其他需全身皮膚電子射線放射治療者),,,,,not-started,,,,Do not publish as ConceptMap until reviewed.
breast,RTAR,https://erichuang777777.github.io/TW-Breast-Cancer-FHIR-IG/CodeSystem/tcr-breast-rtar,https://erichuang777777.github.io/TW-Breast-Cancer-FHIR-IG/ValueSet/tcr-breast-rtar-vs,41,原發腫瘤(T)＋廣泛淋巴區域(mini-mantle/mantle/inverted-Y 或全身淋巴照射；限何杰金氏及非何杰金氏淋巴癌)＋全皮膚(限卡波西氏肉瘤、原發表皮淋巴癌或其他需全身皮膚電子射線放射治療者),,,,,not-started,,,,Do not publish as ConceptMap until reviewed.
breast,RTAR,https://erichuang777777.github.io/TW-Breast-Cancer-FHIR-IG/CodeSystem/tcr-breast-rtar,https://erichuang777777.github.io/TW-Breast-Cancer-FHIR-IG/ValueSet/tcr-breast-rtar-vs,42,區域淋巴結(N)＋廣泛淋巴區域(mini-mantle/mantle/inverted-Y 或全身淋巴照射；限何杰金氏及非何杰金氏淋巴癌)＋全皮膚(限卡波西氏肉瘤、原發表皮淋巴癌或其他需全身皮膚電子射線放射治療者),,,,,not-started,,,,Do not publish as ConceptMap until reviewed.
breast,RTAR,https://erichuang777777.github.io/TW-Breast-Cancer-FHIR-IG/CodeSystem/tcr-breast-rtar,https://erichuang777777.github.io/TW-Breast-Cancer-FHIR-IG/ValueSet/tcr-breast-rtar-vs,43,原發腫瘤(T)＋區域淋巴結(N)＋廣泛淋巴區域(mini-mantle/mantle/inverted-Y 或全身淋巴照射；限何杰金氏及非何杰金氏淋巴癌)＋全皮膚(限卡波西氏肉瘤、原發表皮淋巴癌或其他需全身皮膚電子射線放射治療者),,,,,not-started,,,,Do not publish as ConceptMap until reviewed.
breast,RTAR,https://erichuang777777.github.io/TW-Breast-Cancer-FHIR-IG/CodeSystem/tcr-breast-rtar,https://erichuang777777.github.io/TW-Breast-Cancer-FHIR-IG/ValueSet/tcr-breast-rtar-vs,44,遠端轉移(M)＋廣泛淋巴區域(mini-mantle/mantle/inverted-Y 或全身淋巴照射；限何杰金氏及非何杰金氏淋巴癌)＋全皮膚(限卡波西氏肉瘤、原發表皮淋巴癌或其他需全身皮膚電子射線放射治療者),,,,,not-started,,,,Do not publish as ConceptMap until reviewed.
breast,RTAR,https://erichuang777777.github.io/TW-Breast-Cancer-FHIR-IG/CodeSystem/tcr-breast-rtar,https://erichuang777777.github.io/TW-Breast-Cancer-FHIR-IG/ValueSet/tcr-breast-rtar-vs,45,原發腫瘤(T)＋遠端轉移(M)＋廣泛淋巴區域(mini-mantle/mantle/inverted-Y 或全身淋巴照射；限何杰金氏及非何杰金氏淋巴癌)＋全皮膚(限卡波西氏肉瘤、原發表皮淋巴癌或其他需全身皮膚電子射線放射治療者),,,,,not-started,,,,Do not publish as ConceptMap until reviewed.
breast,RTAR,https://erichuang777777.github.io/TW-Breast-Cancer-FHIR-IG/CodeSystem/tcr-breast-rtar,https://erichuang777777.github.io/TW-Breast-Cancer-FHIR-IG/ValueSet/tcr-breast-rtar-vs,46,區域淋巴結(N)＋遠端轉移(M)＋廣泛淋巴區域(mini-mantle/mantle/inverted-Y 或全身淋巴照射；限何杰金氏及非何杰金氏淋巴癌)＋全皮膚(限卡波西氏肉瘤、原發表皮淋巴癌或其他需全身皮膚電子射線放射治療者),,,,,not-started,,,,Do not publish as ConceptMap until reviewed.
breast,RTAR,https://erichuang777777.github.io/TW-Breast-Cancer-FHIR-IG/CodeSystem/tcr-breast-rtar,https://erichuang777777.github.io/TW-Breast-Cancer-FHIR-IG/ValueSet/tcr-breast-rtar-vs,47,原發腫瘤(T)＋區域淋巴結(N)＋遠端轉移(M)＋廣泛淋巴區域(mini-mantle/mantle/inverted-Y 或全身淋巴照射；限何杰金氏及非何杰金氏淋巴癌)＋全皮膚(限卡波西氏肉瘤、原發表皮淋巴癌或其他需全身皮膚電子射線放射治療者),,,,,not-started,,,,Do not publish as ConceptMap until reviewed.
breast,RTAR,https://erichuang777777.github.io/TW-Breast-Cancer-FHIR-IG/CodeSystem/tcr-breast-rtar,https://erichuang777777.github.io/TW-Breast-Cancer-FHIR-IG/ValueSet/tcr-breast-rtar-vs,48,全身/全骨髓＋全皮膚(限卡波西氏肉瘤、原發表皮淋巴癌或其他需全身皮膚電子射線放射治療者),,,,,not-started,,,,Do not publish as ConceptMap until reviewed.
breast,RTAR,https://erichuang777777.github.io/TW-Breast-Cancer-FHIR-IG/CodeSystem/tcr-breast-rtar,https://erichuang777777.github.io/TW-Breast-Cancer-FHIR-IG/ValueSet/tcr-breast-rtar-vs,49,原發腫瘤(T)＋全身/全骨髓＋全皮膚(限卡波西氏肉瘤、原發表皮淋巴癌或其他需全身皮膚電子射線放射治療者),,,,,not-started,,,,Do not publish as ConceptMap until reviewed.
breast,RTAR,https://erichuang777777.github.io/TW-Breast-Cancer-FHIR-IG/CodeSystem/tcr-breast-rtar,https://erichuang777777.github.io/TW-Breast-Cancer-FHIR-IG/ValueSet/tcr-breast-rtar-vs,50,區域淋巴結(N)＋全身/全骨髓＋全皮膚(限卡波西氏肉瘤、原發表皮淋巴癌或其他需全身皮膚電子射線放射治療者),,,,,not-started,,,,Do not publish as ConceptMap until reviewed.
breast,RTAR,https://erichuang777777.github.io/TW-Breast-Cancer-FHIR-IG/CodeSystem/tcr-breast-rtar,https://erichuang777777.github.io/TW-Breast-Cancer-FHIR-IG/ValueSet/tcr-breast-rtar-vs,51,原發腫瘤(T)＋區域淋巴結(N)＋全身/全骨髓＋全皮膚(限卡波西氏肉瘤、原發表皮淋巴癌或其他需全身皮膚電子射線放射治療者),,,,,not-started,,,,Do not publish as ConceptMap until reviewed.
breast,RTAR,https://erichuang777777.github.io/TW-Breast-Cancer-FHIR-IG/CodeSystem/tcr-breast-rtar,https://erichuang777777.github.io/TW-Breast-Cancer-FHIR-IG/ValueSet/tcr-breast-rtar-vs,52,遠端轉移(M)＋全身/全骨髓＋全皮膚(限卡波西氏肉瘤、原發表皮淋巴癌或其他需全身皮膚電子射線放射治療者),,,,,not-started,,,,Do not publish as ConceptMap until reviewed.
breast,RTAR,https://erichuang777777.github.io/TW-Breast-Cancer-FHIR-IG/CodeSystem/tcr-breast-rtar,https://erichuang777777.github.io/TW-Breast-Cancer-FHIR-IG/ValueSet/tcr-breast-rtar-vs,53,原發腫瘤(T)＋遠端轉移(M)＋全身/全骨髓＋全皮膚(限卡波西氏肉瘤、原發表皮淋巴癌或其他需全身皮膚電子射線放射治療者),,,,,not-started,,,,Do not publish as ConceptMap until reviewed.
breast,RTAR,https://erichuang777777.github.io/TW-Breast-Cancer-FHIR-IG/CodeSystem/tcr-breast-rtar,https://erichuang777777.github.io/TW-Breast-Cancer-FHIR-IG/ValueSet/tcr-breast-rtar-vs,54,區域淋巴結(N)＋遠端轉移(M)＋全身/全骨髓＋全皮膚(限卡波西氏肉瘤、原發表皮淋巴癌或其他需全身皮膚電子射線放射治療者),,,,,not-started,,,,Do not publish as ConceptMap until reviewed.
breast,RTAR,https://erichuang777777.github.io/TW-Breast-Cancer-FHIR-IG/CodeSystem/tcr-breast-rtar,https://erichuang777777.github.io/TW-Breast-Cancer-FHIR-IG/ValueSet/tcr-breast-rtar-vs,55,原發腫瘤(T)＋區域淋巴結(N)＋遠端轉移(M)＋全身/全骨髓＋全皮膚(限卡波西氏肉瘤、原發表皮淋巴癌或其他需全身皮膚電子射線放射治療者),,,,,not-started,,,,Do not publish as ConceptMap until reviewed.
breast,RTAR,https://erichuang777777.github.io/TW-Breast-Cancer-FHIR-IG/CodeSystem/tcr-breast-rtar,https://erichuang777777.github.io/TW-Breast-Cancer-FHIR-IG/ValueSet/tcr-breast-rtar-vs,56,廣泛淋巴區域(mini-mantle/mantle/inverted-Y 或全身淋巴照射；限何杰金氏及非何杰金氏淋巴癌)＋全身/全骨髓＋全皮膚(限卡波西氏肉瘤、原發表皮淋巴癌或其他需全身皮膚電子射線放射治療者),,,,,not-started,,,,Do not publish as ConceptMap until reviewed.
breast,RTAR,https://erichuang777777.github.io/TW-Breast-Cancer-FHIR-IG/CodeSystem/tcr-breast-rtar,https://erichuang777777.github.io/TW-Breast-Cancer-FHIR-IG/ValueSet/tcr-breast-rtar-vs,57,原發腫瘤(T)＋廣泛淋巴區域(mini-mantle/mantle/inverted-Y 或全身淋巴照射；限何杰金氏及非何杰金氏淋巴癌)＋全身/全骨髓＋全皮膚(限卡波西氏肉瘤、原發表皮淋巴癌或其他需全身皮膚電子射線放射治療者),,,,,not-started,,,,Do not publish as ConceptMap until reviewed.
breast,RTAR,https://erichuang777777.github.io/TW-Breast-Cancer-FHIR-IG/CodeSystem/tcr-breast-rtar,https://erichuang777777.github.io/TW-Breast-Cancer-FHIR-IG/ValueSet/tcr-breast-rtar-vs,58,區域淋巴結(N)＋廣泛淋巴區域(mini-mantle/mantle/inverted-Y 或全身淋巴照射；限何杰金氏及非何杰金氏淋巴癌)＋全身/全骨髓＋全皮膚(限卡波西氏肉瘤、原發表皮淋巴癌或其他需全身皮膚電子射線放射治療者),,,,,not-started,,,,Do not publish as ConceptMap until reviewed.
breast,RTAR,https://erichuang777777.github.io/TW-Breast-Cancer-FHIR-IG/CodeSystem/tcr-breast-rtar,https://erichuang777777.github.io/TW-Breast-Cancer-FHIR-IG/ValueSet/tcr-breast-rtar-vs,59,原發腫瘤(T)＋區域淋巴結(N)＋廣泛淋巴區域(mini-mantle/mantle/inverted-Y 或全身淋巴照射；限何杰金氏及非何杰金氏淋巴癌)＋全身/全骨髓＋全皮膚(限卡波西氏肉瘤、原發表皮淋巴癌或其他需全身皮膚電子射線放射治療者),,,,,not-started,,,,Do not publish as ConceptMap until reviewed.
breast,RTAR,https://erichuang777777.github.io/TW-Breast-Cancer-FHIR-IG/CodeSystem/tcr-breast-rtar,https://erichuang777777.github.io/TW-Breast-Cancer-FHIR-IG/ValueSet/tcr-breast-rtar-vs,60,遠端轉移(M)＋廣泛淋巴區域(mini-mantle/mantle/inverted-Y 或全身淋巴照射；限何杰金氏及非何杰金氏淋巴癌)＋全身/全骨髓＋全皮膚(限卡波西氏肉瘤、原發表皮淋巴癌或其他需全身皮膚電子射線放射治療者),,,,,not-started,,,,Do not publish as ConceptMap until reviewed.
breast,RTAR,https://erichuang777777.github.io/TW-Breast-Cancer-FHIR-IG/CodeSystem/tcr-breast-rtar,https://erichuang777777.github.io/TW-Breast-Cancer-FHIR-IG/ValueSet/tcr-breast-rtar-vs,61,原發腫瘤(T)＋遠端轉移(M)＋廣泛淋巴區域(mini-mantle/mantle/inverted-Y 或全身淋巴照射；限何杰金氏及非何杰金氏淋巴癌)＋全身/全骨髓＋全皮膚(限卡波西氏肉瘤、原發表皮淋巴癌或其他需全身皮膚電子射線放射治療者),,,,,not-started,,,,Do not publish as ConceptMap until reviewed.
breast,RTAR,https://erichuang777777.github.io/TW-Breast-Cancer-FHIR-IG/CodeSystem/tcr-breast-rtar,https://erichuang777777.github.io/TW-Breast-Cancer-FHIR-IG/ValueSet/tcr-breast-rtar-vs,62,區域淋巴結(N)＋遠端轉移(M)＋廣泛淋巴區域(mini-mantle/mantle/inverted-Y 或全身淋巴照射；限何杰金氏及非何杰金氏淋巴癌)＋全身/全骨髓＋全皮膚(限卡波西氏肉瘤、原發表皮淋巴癌或其他需全身皮膚電子射線放射治療者),,,,,not-started,,,,Do not publish as ConceptMap until reviewed.
breast,RTAR,https://erichuang777777.github.io/TW-Breast-Cancer-FHIR-IG/CodeSystem/tcr-breast-rtar,https://erichuang777777.github.io/TW-Breast-Cancer-FHIR-IG/ValueSet/tcr-breast-rtar-vs,63,原發腫瘤(T)＋區域淋巴結(N)＋遠端轉移(M)＋廣泛淋巴區域(mini-mantle/mantle/inverted-Y 或全身淋巴照射；限何杰金氏及非何杰金氏淋巴癌)＋全身/全骨髓＋全皮膚(限卡波西氏肉瘤、原發表皮淋巴癌或其他需全身皮膚電子射線放射治療者),,,,,not-started,,,,Do not publish as ConceptMap until reviewed.
breast,RMOD,https://erichuang777777.github.io/TW-Breast-Cancer-FHIR-IG/CodeSystem/tcr-breast-rmod,https://erichuang777777.github.io/TW-Breast-Cancer-FHIR-IG/ValueSet/tcr-breast-rmod-vs,-1,個案有接受放射治療，但未明示使用的治療儀器或方法。,,,,,not-started,,,,Do not publish as ConceptMap until reviewed.
breast,RMOD,https://erichuang777777.github.io/TW-Breast-Cancer-FHIR-IG/CodeSystem/tcr-breast-rmod,https://erichuang777777.github.io/TW-Breast-Cancer-FHIR-IG/ValueSet/tcr-breast-rmod-vs,-9,不知道個案是否有接受放射治療。,,,,,not-started,,,,Do not publish as ConceptMap until reviewed.
breast,RMOD,https://erichuang777777.github.io/TW-Breast-Cancer-FHIR-IG/CodeSystem/tcr-breast-rmod,https://erichuang777777.github.io/TW-Breast-Cancer-FHIR-IG/ValueSet/tcr-breast-rmod-vs,000,個案未接受放射治療。,,,,,not-started,,,,Do not publish as ConceptMap until reviewed.
breast,RMOD,https://erichuang777777.github.io/TW-Breast-Cancer-FHIR-IG/CodeSystem/tcr-breast-rmod,https://erichuang777777.github.io/TW-Breast-Cancer-FHIR-IG/ValueSet/tcr-breast-rmod-vs,001,一般體外放射治療(包括鈷六十機、光子/電子射線直線加速器、螺旋式斷層治療機),,,,,not-started,,,,Do not publish as ConceptMap until reviewed.
breast,RMOD,https://erichuang777777.github.io/TW-Breast-Cancer-FHIR-IG/CodeSystem/tcr-breast-rmod,https://erichuang777777.github.io/TW-Breast-Cancer-FHIR-IG/ValueSet/tcr-breast-rmod-vs,002,放射手術(加馬刀、Linac-based、電腦刀、Zap-X),,,,,not-started,,,,Do not publish as ConceptMap until reviewed.
breast,RMOD,https://erichuang777777.github.io/TW-Breast-Cancer-FHIR-IG/CodeSystem/tcr-breast-rmod,https://erichuang777777.github.io/TW-Breast-Cancer-FHIR-IG/ValueSet/tcr-breast-rmod-vs,003,一般體外放射治療(包括鈷六十機、光子/電子射線直線加速器、螺旋式斷層治療機)＋放射手術(加馬刀、Linac-based、電腦刀、Zap-X),,,,,not-started,,,,Do not publish as ConceptMap until reviewed.
breast,RMOD,https://erichuang777777.github.io/TW-Breast-Cancer-FHIR-IG/CodeSystem/tcr-breast-rmod,https://erichuang777777.github.io/TW-Breast-Cancer-FHIR-IG/ValueSet/tcr-breast-rmod-vs,004,近距放射治療(組織插種、molds、seeds、needles 或腔內放射性物質),,,,,not-started,,,,Do not publish as ConceptMap until reviewed.
breast,RMOD,https://erichuang777777.github.io/TW-Breast-Cancer-FHIR-IG/CodeSystem/tcr-breast-rmod,https://erichuang777777.github.io/TW-Breast-Cancer-FHIR-IG/ValueSet/tcr-breast-rmod-vs,005,一般體外放射治療(包括鈷六十機、光子/電子射線直線加速器、螺旋式斷層治療機)＋近距放射治療(組織插種、molds、seeds、needles 或腔內放射性物質),,,,,not-started,,,,Do not publish as ConceptMap until reviewed.
breast,RMOD,https://erichuang777777.github.io/TW-Breast-Cancer-FHIR-IG/CodeSystem/tcr-breast-rmod,https://erichuang777777.github.io/TW-Breast-Cancer-FHIR-IG/ValueSet/tcr-breast-rmod-vs,006,放射手術(加馬刀、Linac-based、電腦刀、Zap-X)＋近距放射治療(組織插種、molds、seeds、needles 或腔內放射性物質),,,,,not-started,,,,Do not publish as ConceptMap until reviewed.
breast,RMOD,https://erichuang777777.github.io/TW-Breast-Cancer-FHIR-IG/CodeSystem/tcr-breast-rmod,https://erichuang777777.github.io/TW-Breast-Cancer-FHIR-IG/ValueSet/tcr-breast-rmod-vs,007,一般體外放射治療(包括鈷六十機、光子/電子射線直線加速器、螺旋式斷層治療機)＋放射手術(加馬刀、Linac-based、電腦刀、Zap-X)＋近距放射治療(組織插種、molds、seeds、needles 或腔內放射性物質),,,,,not-started,,,,Do not publish as ConceptMap until reviewed.
breast,RMOD,https://erichuang777777.github.io/TW-Breast-Cancer-FHIR-IG/CodeSystem/tcr-breast-rmod,https://erichuang777777.github.io/TW-Breast-Cancer-FHIR-IG/ValueSet/tcr-breast-rmod-vs,008,放射線同位素治療(注射放射性同位素，如碘-131、鍶-89),,,,,not-started,,,,Do not publish as ConceptMap until reviewed.
breast,RMOD,https://erichuang777777.github.io/TW-Breast-Cancer-FHIR-IG/CodeSystem/tcr-breast-rmod,https://erichuang777777.github.io/TW-Breast-Cancer-FHIR-IG/ValueSet/tcr-breast-rmod-vs,009,一般體外放射治療(包括鈷六十機、光子/電子射線直線加速器、螺旋式斷層治療機)＋放射線同位素治療(注射放射性同位素，如碘-131、鍶-89),,,,,not-started,,,,Do not publish as ConceptMap until reviewed.
breast,RMOD,https://erichuang777777.github.io/TW-Breast-Cancer-FHIR-IG/CodeSystem/tcr-breast-rmod,https://erichuang777777.github.io/TW-Breast-Cancer-FHIR-IG/ValueSet/tcr-breast-rmod-vs,010,放射手術(加馬刀、Linac-based、電腦刀、Zap-X)＋放射線同位素治療(注射放射性同位素，如碘-131、鍶-89),,,,,not-started,,,,Do not publish as ConceptMap until reviewed.
breast,RMOD,https://erichuang777777.github.io/TW-Breast-Cancer-FHIR-IG/CodeSystem/tcr-breast-rmod,https://erichuang777777.github.io/TW-Breast-Cancer-FHIR-IG/ValueSet/tcr-breast-rmod-vs,011,一般體外放射治療(包括鈷六十機、光子/電子射線直線加速器、螺旋式斷層治療機)＋放射手術(加馬刀、Linac-based、電腦刀、Zap-X)＋放射線同位素治療(注射放射性同位素，如碘-131、鍶-89),,,,,not-started,,,,Do not publish as ConceptMap until reviewed.
breast,RMOD,https://erichuang777777.github.io/TW-Breast-Cancer-FHIR-IG/CodeSystem/tcr-breast-rmod,https://erichuang777777.github.io/TW-Breast-Cancer-FHIR-IG/ValueSet/tcr-breast-rmod-vs,012,近距放射治療(組織插種、molds、seeds、needles 或腔內放射性物質)＋放射線同位素治療(注射放射性同位素，如碘-131、鍶-89),,,,,not-started,,,,Do not publish as ConceptMap until reviewed.
breast,RMOD,https://erichuang777777.github.io/TW-Breast-Cancer-FHIR-IG/CodeSystem/tcr-breast-rmod,https://erichuang777777.github.io/TW-Breast-Cancer-FHIR-IG/ValueSet/tcr-breast-rmod-vs,013,一般體外放射治療(包括鈷六十機、光子/電子射線直線加速器、螺旋式斷層治療機)＋近距放射治療(組織插種、molds、seeds、needles 或腔內放射性物質)＋放射線同位素治療(注射放射性同位素，如碘-131、鍶-89),,,,,not-started,,,,Do not publish as ConceptMap until reviewed.
breast,RMOD,https://erichuang777777.github.io/TW-Breast-Cancer-FHIR-IG/CodeSystem/tcr-breast-rmod,https://erichuang777777.github.io/TW-Breast-Cancer-FHIR-IG/ValueSet/tcr-breast-rmod-vs,014,放射手術(加馬刀、Linac-based、電腦刀、Zap-X)＋近距放射治療(組織插種、molds、seeds、needles 或腔內放射性物質)＋放射線同位素治療(注射放射性同位素，如碘-131、鍶-89),,,,,not-started,,,,Do not publish as ConceptMap until reviewed.
breast,RMOD,https://erichuang777777.github.io/TW-Breast-Cancer-FHIR-IG/CodeSystem/tcr-breast-rmod,https://erichuang777777.github.io/TW-Breast-Cancer-FHIR-IG/ValueSet/tcr-breast-rmod-vs,015,一般體外放射治療(包括鈷六十機、光子/電子射線直線加速器、螺旋式斷層治療機)＋放射手術(加馬刀、Linac-based、電腦刀、Zap-X)＋近距放射治療(組織插種、molds、seeds、needles 或腔內放射性物質)＋放射線同位素治療(注射放射性同位素，如碘-131、鍶-89),,,,,not-started,,,,Do not publish as ConceptMap until reviewed.
breast,RMOD,https://erichuang777777.github.io/TW-Breast-Cancer-FHIR-IG/CodeSystem/tcr-breast-rmod,https://erichuang777777.github.io/TW-Breast-Cancer-FHIR-IG/ValueSet/tcr-breast-rmod-vs,016,質子治療,,,,,not-started,,,,Do not publish as ConceptMap until reviewed.
breast,RMOD,https://erichuang777777.github.io/TW-Breast-Cancer-FHIR-IG/CodeSystem/tcr-breast-rmod,https://erichuang777777.github.io/TW-Breast-Cancer-FHIR-IG/ValueSet/tcr-breast-rmod-vs,017,一般體外放射治療(包括鈷六十機、光子/電子射線直線加速器、螺旋式斷層治療機)＋質子治療,,,,,not-started,,,,Do not publish as ConceptMap until reviewed.
breast,RMOD,https://erichuang777777.github.io/TW-Breast-Cancer-FHIR-IG/CodeSystem/tcr-breast-rmod,https://erichuang777777.github.io/TW-Breast-Cancer-FHIR-IG/ValueSet/tcr-breast-rmod-vs,018,放射手術(加馬刀、Linac-based、電腦刀、Zap-X)＋質子治療,,,,,not-started,,,,Do not publish as ConceptMap until reviewed.
breast,RMOD,https://erichuang777777.github.io/TW-Breast-Cancer-FHIR-IG/CodeSystem/tcr-breast-rmod,https://erichuang777777.github.io/TW-Breast-Cancer-FHIR-IG/ValueSet/tcr-breast-rmod-vs,019,一般體外放射治療(包括鈷六十機、光子/電子射線直線加速器、螺旋式斷層治療機)＋放射手術(加馬刀、Linac-based、電腦刀、Zap-X)＋質子治療,,,,,not-started,,,,Do not publish as ConceptMap until reviewed.
breast,RMOD,https://erichuang777777.github.io/TW-Breast-Cancer-FHIR-IG/CodeSystem/tcr-breast-rmod,https://erichuang777777.github.io/TW-Breast-Cancer-FHIR-IG/ValueSet/tcr-breast-rmod-vs,020,近距放射治療(組織插種、molds、seeds、needles 或腔內放射性物質)＋質子治療,,,,,not-started,,,,Do not publish as ConceptMap until reviewed.
breast,RMOD,https://erichuang777777.github.io/TW-Breast-Cancer-FHIR-IG/CodeSystem/tcr-breast-rmod,https://erichuang777777.github.io/TW-Breast-Cancer-FHIR-IG/ValueSet/tcr-breast-rmod-vs,021,一般體外放射治療(包括鈷六十機、光子/電子射線直線加速器、螺旋式斷層治療機)＋近距放射治療(組織插種、molds、seeds、needles 或腔內放射性物質)＋質子治療,,,,,not-started,,,,Do not publish as ConceptMap until reviewed.
breast,RMOD,https://erichuang777777.github.io/TW-Breast-Cancer-FHIR-IG/CodeSystem/tcr-breast-rmod,https://erichuang777777.github.io/TW-Breast-Cancer-FHIR-IG/ValueSet/tcr-breast-rmod-vs,022,放射手術(加馬刀、Linac-based、電腦刀、Zap-X)＋近距放射治療(組織插種、molds、seeds、needles 或腔內放射性物質)＋質子治療,,,,,not-started,,,,Do not publish as ConceptMap until reviewed.
breast,RMOD,https://erichuang777777.github.io/TW-Breast-Cancer-FHIR-IG/CodeSystem/tcr-breast-rmod,https://erichuang777777.github.io/TW-Breast-Cancer-FHIR-IG/ValueSet/tcr-breast-rmod-vs,023,一般體外放射治療(包括鈷六十機、光子/電子射線直線加速器、螺旋式斷層治療機)＋放射手術(加馬刀、Linac-based、電腦刀、Zap-X)＋近距放射治療(組織插種、molds、seeds、needles 或腔內放射性物質)＋質子治療,,,,,not-started,,,,Do not publish as ConceptMap until reviewed.
breast,RMOD,https://erichuang777777.github.io/TW-Breast-Cancer-FHIR-IG/CodeSystem/tcr-breast-rmod,https://erichuang777777.github.io/TW-Breast-Cancer-FHIR-IG/ValueSet/tcr-breast-rmod-vs,024,放射線同位素治療(注射放射性同位素，如碘-131、鍶-89)＋質子治療,,,,,not-started,,,,Do not publish as ConceptMap until reviewed.
breast,RMOD,https://erichuang777777.github.io/TW-Breast-Cancer-FHIR-IG/CodeSystem/tcr-breast-rmod,https://erichuang777777.github.io/TW-Breast-Cancer-FHIR-IG/ValueSet/tcr-breast-rmod-vs,025,一般體外放射治療(包括鈷六十機、光子/電子射線直線加速器、螺旋式斷層治療機)＋放射線同位素治療(注射放射性同位素，如碘-131、鍶-89)＋質子治療,,,,,not-started,,,,Do not publish as ConceptMap until reviewed.
breast,RMOD,https://erichuang777777.github.io/TW-Breast-Cancer-FHIR-IG/CodeSystem/tcr-breast-rmod,https://erichuang777777.github.io/TW-Breast-Cancer-FHIR-IG/ValueSet/tcr-breast-rmod-vs,026,放射手術(加馬刀、Linac-based、電腦刀、Zap-X)＋放射線同位素治療(注射放射性同位素，如碘-131、鍶-89)＋質子治療,,,,,not-started,,,,Do not publish as ConceptMap until reviewed.
breast,RMOD,https://erichuang777777.github.io/TW-Breast-Cancer-FHIR-IG/CodeSystem/tcr-breast-rmod,https://erichuang777777.github.io/TW-Breast-Cancer-FHIR-IG/ValueSet/tcr-breast-rmod-vs,027,一般體外放射治療(包括鈷六十機、光子/電子射線直線加速器、螺旋式斷層治療機)＋放射手術(加馬刀、Linac-based、電腦刀、Zap-X)＋放射線同位素治療(注射放射性同位素，如碘-131、鍶-89)＋質子治療,,,,,not-started,,,,Do not publish as ConceptMap until reviewed.
breast,RMOD,https://erichuang777777.github.io/TW-Breast-Cancer-FHIR-IG/CodeSystem/tcr-breast-rmod,https://erichuang777777.github.io/TW-Breast-Cancer-FHIR-IG/ValueSet/tcr-breast-rmod-vs,028,近距放射治療(組織插種、molds、seeds、needles 或腔內放射性物質)＋放射線同位素治療(注射放射性同位素，如碘-131、鍶-89)＋質子治療,,,,,not-started,,,,Do not publish as ConceptMap until reviewed.
breast,RMOD,https://erichuang777777.github.io/TW-Breast-Cancer-FHIR-IG/CodeSystem/tcr-breast-rmod,https://erichuang777777.github.io/TW-Breast-Cancer-FHIR-IG/ValueSet/tcr-breast-rmod-vs,029,一般體外放射治療(包括鈷六十機、光子/電子射線直線加速器、螺旋式斷層治療機)＋近距放射治療(組織插種、molds、seeds、needles 或腔內放射性物質)＋放射線同位素治療(注射放射性同位素，如碘-131、鍶-89)＋質子治療,,,,,not-started,,,,Do not publish as ConceptMap until reviewed.
breast,RMOD,https://erichuang777777.github.io/TW-Breast-Cancer-FHIR-IG/CodeSystem/tcr-breast-rmod,https://erichuang777777.github.io/TW-Breast-Cancer-FHIR-IG/ValueSet/tcr-breast-rmod-vs,030,放射手術(加馬刀、Linac-based、電腦刀、Zap-X)＋近距放射治療(組織插種、molds、seeds、needles 或腔內放射性物質)＋放射線同位素治療(注射放射性同位素，如碘-131、鍶-89)＋質子治療,,,,,not-started,,,,Do not publish as ConceptMap until reviewed.
breast,RMOD,https://erichuang777777.github.io/TW-Breast-Cancer-FHIR-IG/CodeSystem/tcr-breast-rmod,https://erichuang777777.github.io/TW-Breast-Cancer-FHIR-IG/ValueSet/tcr-breast-rmod-vs,031,一般體外放射治療(包括鈷六十機、光子/電子射線直線加速器、螺旋式斷層治療機)＋放射手術(加馬刀、Linac-based、電腦刀、Zap-X)＋近距放射治療(組織插種、molds、seeds、needles 或腔內放射性物質)＋放射線同位素治療(注射放射性同位素，如碘-131、鍶-89)＋質子治療,,,,,not-started,,,,Do not publish as ConceptMap until reviewed.
breast,RMOD,https://erichuang777777.github.io/TW-Breast-Cancer-FHIR-IG/CodeSystem/tcr-breast-rmod,https://erichuang777777.github.io/TW-Breast-Cancer-FHIR-IG/ValueSet/tcr-breast-rmod-vs,032,其他帶電荷粒子或中子治療,,,,,not-started,,,,Do not publish as ConceptMap until reviewed.
breast,RMOD,https://erichuang777777.github.io/TW-Breast-Cancer-FHIR-IG/CodeSystem/tcr-breast-rmod,https://erichuang777777.github.io/TW-Breast-Cancer-FHIR-IG/ValueSet/tcr-breast-rmod-vs,033,一般體外放射治療(包括鈷六十機、光子/電子射線直線加速器、螺旋式斷層治療機)＋其他帶電荷粒子或中子治療,,,,,not-started,,,,Do not publish as ConceptMap until reviewed.
breast,RMOD,https://erichuang777777.github.io/TW-Breast-Cancer-FHIR-IG/CodeSystem/tcr-breast-rmod,https://erichuang777777.github.io/TW-Breast-Cancer-FHIR-IG/ValueSet/tcr-breast-rmod-vs,034,放射手術(加馬刀、Linac-based、電腦刀、Zap-X)＋其他帶電荷粒子或中子治療,,,,,not-started,,,,Do not publish as ConceptMap until reviewed.
breast,RMOD,https://erichuang777777.github.io/TW-Breast-Cancer-FHIR-IG/CodeSystem/tcr-breast-rmod,https://erichuang777777.github.io/TW-Breast-Cancer-FHIR-IG/ValueSet/tcr-breast-rmod-vs,035,一般體外放射治療(包括鈷六十機、光子/電子射線直線加速器、螺旋式斷層治療機)＋放射手術(加馬刀、Linac-based、電腦刀、Zap-X)＋其他帶電荷粒子或中子治療,,,,,not-started,,,,Do not publish as ConceptMap until reviewed.
breast,RMOD,https://erichuang777777.github.io/TW-Breast-Cancer-FHIR-IG/CodeSystem/tcr-breast-rmod,https://erichuang777777.github.io/TW-Breast-Cancer-FHIR-IG/ValueSet/tcr-breast-rmod-vs,036,近距放射治療(組織插種、molds、seeds、needles 或腔內放射性物質)＋其他帶電荷粒子或中子治療,,,,,not-started,,,,Do not publish as ConceptMap until reviewed.
breast,RMOD,https://erichuang777777.github.io/TW-Breast-Cancer-FHIR-IG/CodeSystem/tcr-breast-rmod,https://erichuang777777.github.io/TW-Breast-Cancer-FHIR-IG/ValueSet/tcr-breast-rmod-vs,037,一般體外放射治療(包括鈷六十機、光子/電子射線直線加速器、螺旋式斷層治療機)＋近距放射治療(組織插種、molds、seeds、needles 或腔內放射性物質)＋其他帶電荷粒子或中子治療,,,,,not-started,,,,Do not publish as ConceptMap until reviewed.
breast,RMOD,https://erichuang777777.github.io/TW-Breast-Cancer-FHIR-IG/CodeSystem/tcr-breast-rmod,https://erichuang777777.github.io/TW-Breast-Cancer-FHIR-IG/ValueSet/tcr-breast-rmod-vs,038,放射手術(加馬刀、Linac-based、電腦刀、Zap-X)＋近距放射治療(組織插種、molds、seeds、needles 或腔內放射性物質)＋其他帶電荷粒子或中子治療,,,,,not-started,,,,Do not publish as ConceptMap until reviewed.
breast,RMOD,https://erichuang777777.github.io/TW-Breast-Cancer-FHIR-IG/CodeSystem/tcr-breast-rmod,https://erichuang777777.github.io/TW-Breast-Cancer-FHIR-IG/ValueSet/tcr-breast-rmod-vs,039,一般體外放射治療(包括鈷六十機、光子/電子射線直線加速器、螺旋式斷層治療機)＋放射手術(加馬刀、Linac-based、電腦刀、Zap-X)＋近距放射治療(組織插種、molds、seeds、needles 或腔內放射性物質)＋其他帶電荷粒子或中子治療,,,,,not-started,,,,Do not publish as ConceptMap until reviewed.
breast,RMOD,https://erichuang777777.github.io/TW-Breast-Cancer-FHIR-IG/CodeSystem/tcr-breast-rmod,https://erichuang777777.github.io/TW-Breast-Cancer-FHIR-IG/ValueSet/tcr-breast-rmod-vs,040,放射線同位素治療(注射放射性同位素，如碘-131、鍶-89)＋其他帶電荷粒子或中子治療,,,,,not-started,,,,Do not publish as ConceptMap until reviewed.
breast,RMOD,https://erichuang777777.github.io/TW-Breast-Cancer-FHIR-IG/CodeSystem/tcr-breast-rmod,https://erichuang777777.github.io/TW-Breast-Cancer-FHIR-IG/ValueSet/tcr-breast-rmod-vs,041,一般體外放射治療(包括鈷六十機、光子/電子射線直線加速器、螺旋式斷層治療機)＋放射線同位素治療(注射放射性同位素，如碘-131、鍶-89)＋其他帶電荷粒子或中子治療,,,,,not-started,,,,Do not publish as ConceptMap until reviewed.
breast,RMOD,https://erichuang777777.github.io/TW-Breast-Cancer-FHIR-IG/CodeSystem/tcr-breast-rmod,https://erichuang777777.github.io/TW-Breast-Cancer-FHIR-IG/ValueSet/tcr-breast-rmod-vs,042,放射手術(加馬刀、Linac-based、電腦刀、Zap-X)＋放射線同位素治療(注射放射性同位素，如碘-131、鍶-89)＋其他帶電荷粒子或中子治療,,,,,not-started,,,,Do not publish as ConceptMap until reviewed.
breast,RMOD,https://erichuang777777.github.io/TW-Breast-Cancer-FHIR-IG/CodeSystem/tcr-breast-rmod,https://erichuang777777.github.io/TW-Breast-Cancer-FHIR-IG/ValueSet/tcr-breast-rmod-vs,043,一般體外放射治療(包括鈷六十機、光子/電子射線直線加速器、螺旋式斷層治療機)＋放射手術(加馬刀、Linac-based、電腦刀、Zap-X)＋放射線同位素治療(注射放射性同位素，如碘-131、鍶-89)＋其他帶電荷粒子或中子治療,,,,,not-started,,,,Do not publish as ConceptMap until reviewed.
breast,RMOD,https://erichuang777777.github.io/TW-Breast-Cancer-FHIR-IG/CodeSystem/tcr-breast-rmod,https://erichuang777777.github.io/TW-Breast-Cancer-FHIR-IG/ValueSet/tcr-breast-rmod-vs,044,近距放射治療(組織插種、molds、seeds、needles 或腔內放射性物質)＋放射線同位素治療(注射放射性同位素，如碘-131、鍶-89)＋其他帶電荷粒子或中子治療,,,,,not-started,,,,Do not publish as ConceptMap until reviewed.
breast,RMOD,https://erichuang777777.github.io/TW-Breast-Cancer-FHIR-IG/CodeSystem/tcr-breast-rmod,https://erichuang777777.github.io/TW-Breast-Cancer-FHIR-IG/ValueSet/tcr-breast-rmod-vs,045,一般體外放射治療(包括鈷六十機、光子/電子射線直線加速器、螺旋式斷層治療機)＋近距放射治療(組織插種、molds、seeds、needles 或腔內放射性物質)＋放射線同位素治療(注射放射性同位素，如碘-131、鍶-89)＋其他帶電荷粒子或中子治療,,,,,not-started,,,,Do not publish as ConceptMap until reviewed.
breast,RMOD,https://erichuang777777.github.io/TW-Breast-Cancer-FHIR-IG/CodeSystem/tcr-breast-rmod,https://erichuang777777.github.io/TW-Breast-Cancer-FHIR-IG/ValueSet/tcr-breast-rmod-vs,046,放射手術(加馬刀、Linac-based、電腦刀、Zap-X)＋近距放射治療(組織插種、molds、seeds、needles 或腔內放射性物質)＋放射線同位素治療(注射放射性同位素，如碘-131、鍶-89)＋其他帶電荷粒子或中子治療,,,,,not-started,,,,Do not publish as ConceptMap until reviewed.
breast,RMOD,https://erichuang777777.github.io/TW-Breast-Cancer-FHIR-IG/CodeSystem/tcr-breast-rmod,https://erichuang777777.github.io/TW-Breast-Cancer-FHIR-IG/ValueSet/tcr-breast-rmod-vs,047,一般體外放射治療(包括鈷六十機、光子/電子射線直線加速器、螺旋式斷層治療機)＋放射手術(加馬刀、Linac-based、電腦刀、Zap-X)＋近距放射治療(組織插種、molds、seeds、needles 或腔內放射性物質)＋放射線同位素治療(注射放射性同位素，如碘-131、鍶-89)＋其他帶電荷粒子或中子治療,,,,,not-started,,,,Do not publish as ConceptMap until reviewed.
breast,RMOD,https://erichuang777777.github.io/TW-Breast-Cancer-FHIR-IG/CodeSystem/tcr-breast-rmod,https://erichuang777777.github.io/TW-Breast-Cancer-FHIR-IG/ValueSet/tcr-breast-rmod-vs,048,質子治療＋其他帶電荷粒子或中子治療,,,,,not-started,,,,Do not publish as ConceptMap until reviewed.
breast,RMOD,https://erichuang777777.github.io/TW-Breast-Cancer-FHIR-IG/CodeSystem/tcr-breast-rmod,https://erichuang777777.github.io/TW-Breast-Cancer-FHIR-IG/ValueSet/tcr-breast-rmod-vs,049,一般體外放射治療(包括鈷六十機、光子/電子射線直線加速器、螺旋式斷層治療機)＋質子治療＋其他帶電荷粒子或中子治療,,,,,not-started,,,,Do not publish as ConceptMap until reviewed.
breast,RMOD,https://erichuang777777.github.io/TW-Breast-Cancer-FHIR-IG/CodeSystem/tcr-breast-rmod,https://erichuang777777.github.io/TW-Breast-Cancer-FHIR-IG/ValueSet/tcr-breast-rmod-vs,050,放射手術(加馬刀、Linac-based、電腦刀、Zap-X)＋質子治療＋其他帶電荷粒子或中子治療,,,,,not-started,,,,Do not publish as ConceptMap until reviewed.
breast,RMOD,https://erichuang777777.github.io/TW-Breast-Cancer-FHIR-IG/CodeSystem/tcr-breast-rmod,https://erichuang777777.github.io/TW-Breast-Cancer-FHIR-IG/ValueSet/tcr-breast-rmod-vs,051,一般體外放射治療(包括鈷六十機、光子/電子射線直線加速器、螺旋式斷層治療機)＋放射手術(加馬刀、Linac-based、電腦刀、Zap-X)＋質子治療＋其他帶電荷粒子或中子治療,,,,,not-started,,,,Do not publish as ConceptMap until reviewed.
breast,RMOD,https://erichuang777777.github.io/TW-Breast-Cancer-FHIR-IG/CodeSystem/tcr-breast-rmod,https://erichuang777777.github.io/TW-Breast-Cancer-FHIR-IG/ValueSet/tcr-breast-rmod-vs,052,近距放射治療(組織插種、molds、seeds、needles 或腔內放射性物質)＋質子治療＋其他帶電荷粒子或中子治療,,,,,not-started,,,,Do not publish as ConceptMap until reviewed.
breast,RMOD,https://erichuang777777.github.io/TW-Breast-Cancer-FHIR-IG/CodeSystem/tcr-breast-rmod,https://erichuang777777.github.io/TW-Breast-Cancer-FHIR-IG/ValueSet/tcr-breast-rmod-vs,053,一般體外放射治療(包括鈷六十機、光子/電子射線直線加速器、螺旋式斷層治療機)＋近距放射治療(組織插種、molds、seeds、needles 或腔內放射性物質)＋質子治療＋其他帶電荷粒子或中子治療,,,,,not-started,,,,Do not publish as ConceptMap until reviewed.
breast,RMOD,https://erichuang777777.github.io/TW-Breast-Cancer-FHIR-IG/CodeSystem/tcr-breast-rmod,https://erichuang777777.github.io/TW-Breast-Cancer-FHIR-IG/ValueSet/tcr-breast-rmod-vs,054,放射手術(加馬刀、Linac-based、電腦刀、Zap-X)＋近距放射治療(組織插種、molds、seeds、needles 或腔內放射性物質)＋質子治療＋其他帶電荷粒子或中子治療,,,,,not-started,,,,Do not publish as ConceptMap until reviewed.
breast,RMOD,https://erichuang777777.github.io/TW-Breast-Cancer-FHIR-IG/CodeSystem/tcr-breast-rmod,https://erichuang777777.github.io/TW-Breast-Cancer-FHIR-IG/ValueSet/tcr-breast-rmod-vs,055,一般體外放射治療(包括鈷六十機、光子/電子射線直線加速器、螺旋式斷層治療機)＋放射手術(加馬刀、Linac-based、電腦刀、Zap-X)＋近距放射治療(組織插種、molds、seeds、needles 或腔內放射性物質)＋質子治療＋其他帶電荷粒子或中子治療,,,,,not-started,,,,Do not publish as ConceptMap until reviewed.
breast,RMOD,https://erichuang777777.github.io/TW-Breast-Cancer-FHIR-IG/CodeSystem/tcr-breast-rmod,https://erichuang777777.github.io/TW-Breast-Cancer-FHIR-IG/ValueSet/tcr-breast-rmod-vs,056,放射線同位素治療(注射放射性同位素，如碘-131、鍶-89)＋質子治療＋其他帶電荷粒子或中子治療,,,,,not-started,,,,Do not publish as ConceptMap until reviewed.
breast,RMOD,https://erichuang777777.github.io/TW-Breast-Cancer-FHIR-IG/CodeSystem/tcr-breast-rmod,https://erichuang777777.github.io/TW-Breast-Cancer-FHIR-IG/ValueSet/tcr-breast-rmod-vs,057,一般體外放射治療(包括鈷六十機、光子/電子射線直線加速器、螺旋式斷層治療機)＋放射線同位素治療(注射放射性同位素，如碘-131、鍶-89)＋質子治療＋其他帶電荷粒子或中子治療,,,,,not-started,,,,Do not publish as ConceptMap until reviewed.
breast,RMOD,https://erichuang777777.github.io/TW-Breast-Cancer-FHIR-IG/CodeSystem/tcr-breast-rmod,https://erichuang777777.github.io/TW-Breast-Cancer-FHIR-IG/ValueSet/tcr-breast-rmod-vs,058,放射手術(加馬刀、Linac-based、電腦刀、Zap-X)＋放射線同位素治療(注射放射性同位素，如碘-131、鍶-89)＋質子治療＋其他帶電荷粒子或中子治療,,,,,not-started,,,,Do not publish as ConceptMap until reviewed.
breast,RMOD,https://erichuang777777.github.io/TW-Breast-Cancer-FHIR-IG/CodeSystem/tcr-breast-rmod,https://erichuang777777.github.io/TW-Breast-Cancer-FHIR-IG/ValueSet/tcr-breast-rmod-vs,059,一般體外放射治療(包括鈷六十機、光子/電子射線直線加速器、螺旋式斷層治療機)＋放射手術(加馬刀、Linac-based、電腦刀、Zap-X)＋放射線同位素治療(注射放射性同位素，如碘-131、鍶-89)＋質子治療＋其他帶電荷粒子或中子治療,,,,,not-started,,,,Do not publish as ConceptMap until reviewed.
breast,RMOD,https://erichuang777777.github.io/TW-Breast-Cancer-FHIR-IG/CodeSystem/tcr-breast-rmod,https://erichuang777777.github.io/TW-Breast-Cancer-FHIR-IG/ValueSet/tcr-breast-rmod-vs,060,近距放射治療(組織插種、molds、seeds、needles 或腔內放射性物質)＋放射線同位素治療(注射放射性同位素，如碘-131、鍶-89)＋質子治療＋其他帶電荷粒子或中子治療,,,,,not-started,,,,Do not publish as ConceptMap until reviewed.
breast,RMOD,https://erichuang777777.github.io/TW-Breast-Cancer-FHIR-IG/CodeSystem/tcr-breast-rmod,https://erichuang777777.github.io/TW-Breast-Cancer-FHIR-IG/ValueSet/tcr-breast-rmod-vs,061,一般體外放射治療(包括鈷六十機、光子/電子射線直線加速器、螺旋式斷層治療機)＋近距放射治療(組織插種、molds、seeds、needles 或腔內放射性物質)＋放射線同位素治療(注射放射性同位素，如碘-131、鍶-89)＋質子治療＋其他帶電荷粒子或中子治療,,,,,not-started,,,,Do not publish as ConceptMap until reviewed.
breast,RMOD,https://erichuang777777.github.io/TW-Breast-Cancer-FHIR-IG/CodeSystem/tcr-breast-rmod,https://erichuang777777.github.io/TW-Breast-Cancer-FHIR-IG/ValueSet/tcr-breast-rmod-vs,062,放射手術(加馬刀、Linac-based、電腦刀、Zap-X)＋近距放射治療(組織插種、molds、seeds、needles 或腔內放射性物質)＋放射線同位素治療(注射放射性同位素，如碘-131、鍶-89)＋質子治療＋其他帶電荷粒子或中子治療,,,,,not-started,,,,Do not publish as ConceptMap until reviewed.
breast,RMOD,https://erichuang777777.github.io/TW-Breast-Cancer-FHIR-IG/CodeSystem/tcr-breast-rmod,https://erichuang777777.github.io/TW-Breast-Cancer-FHIR-IG/ValueSet/tcr-breast-rmod-vs,063,一般體外放射治療(包括鈷六十機、光子/電子射線直線加速器、螺旋式斷層治療機)＋放射手術(加馬刀、Linac-based、電腦刀、Zap-X)＋近距放射治療(組織插種、molds、seeds、needles 或腔內放射性物質)＋放射線同位素治療(注射放射性同位素，如碘-131、鍶-89)＋質子治療＋其他帶電荷粒子或中子治療,,,,,not-started,,,,Do not publish as ConceptMap until reviewed.
breast,RMOD,https://erichuang777777.github.io/TW-Breast-Cancer-FHIR-IG/CodeSystem/tcr-breast-rmod,https://erichuang777777.github.io/TW-Breast-Cancer-FHIR-IG/ValueSet/tcr-breast-rmod-vs,064,硼捉中子治療(BNCT),,,,,not-started,,,,Do not publish as ConceptMap until reviewed.
breast,RMOD,https://erichuang777777.github.io/TW-Breast-Cancer-FHIR-IG/CodeSystem/tcr-breast-rmod,https://erichuang777777.github.io/TW-Breast-Cancer-FHIR-IG/ValueSet/tcr-breast-rmod-vs,065,一般體外放射治療(包括鈷六十機、光子/電子射線直線加速器、螺旋式斷層治療機)＋硼捉中子治療(BNCT),,,,,not-started,,,,Do not publish as ConceptMap until reviewed.
breast,RMOD,https://erichuang777777.github.io/TW-Breast-Cancer-FHIR-IG/CodeSystem/tcr-breast-rmod,https://erichuang777777.github.io/TW-Breast-Cancer-FHIR-IG/ValueSet/tcr-breast-rmod-vs,066,放射手術(加馬刀、Linac-based、電腦刀、Zap-X)＋硼捉中子治療(BNCT),,,,,not-started,,,,Do not publish as ConceptMap until reviewed.
breast,RMOD,https://erichuang777777.github.io/TW-Breast-Cancer-FHIR-IG/CodeSystem/tcr-breast-rmod,https://erichuang777777.github.io/TW-Breast-Cancer-FHIR-IG/ValueSet/tcr-breast-rmod-vs,067,一般體外放射治療(包括鈷六十機、光子/電子射線直線加速器、螺旋式斷層治療機)＋放射手術(加馬刀、Linac-based、電腦刀、Zap-X)＋硼捉中子治療(BNCT),,,,,not-started,,,,Do not publish as ConceptMap until reviewed.
breast,RMOD,https://erichuang777777.github.io/TW-Breast-Cancer-FHIR-IG/CodeSystem/tcr-breast-rmod,https://erichuang777777.github.io/TW-Breast-Cancer-FHIR-IG/ValueSet/tcr-breast-rmod-vs,068,近距放射治療(組織插種、molds、seeds、needles 或腔內放射性物質)＋硼捉中子治療(BNCT),,,,,not-started,,,,Do not publish as ConceptMap until reviewed.
breast,RMOD,https://erichuang777777.github.io/TW-Breast-Cancer-FHIR-IG/CodeSystem/tcr-breast-rmod,https://erichuang777777.github.io/TW-Breast-Cancer-FHIR-IG/ValueSet/tcr-breast-rmod-vs,069,一般體外放射治療(包括鈷六十機、光子/電子射線直線加速器、螺旋式斷層治療機)＋近距放射治療(組織插種、molds、seeds、needles 或腔內放射性物質)＋硼捉中子治療(BNCT),,,,,not-started,,,,Do not publish as ConceptMap until reviewed.
breast,RMOD,https://erichuang777777.github.io/TW-Breast-Cancer-FHIR-IG/CodeSystem/tcr-breast-rmod,https://erichuang777777.github.io/TW-Breast-Cancer-FHIR-IG/ValueSet/tcr-breast-rmod-vs,070,放射手術(加馬刀、Linac-based、電腦刀、Zap-X)＋近距放射治療(組織插種、molds、seeds、needles 或腔內放射性物質)＋硼捉中子治療(BNCT),,,,,not-started,,,,Do not publish as ConceptMap until reviewed.
breast,RMOD,https://erichuang777777.github.io/TW-Breast-Cancer-FHIR-IG/CodeSystem/tcr-breast-rmod,https://erichuang777777.github.io/TW-Breast-Cancer-FHIR-IG/ValueSet/tcr-breast-rmod-vs,071,一般體外放射治療(包括鈷六十機、光子/電子射線直線加速器、螺旋式斷層治療機)＋放射手術(加馬刀、Linac-based、電腦刀、Zap-X)＋近距放射治療(組織插種、molds、seeds、needles 或腔內放射性物質)＋硼捉中子治療(BNCT),,,,,not-started,,,,Do not publish as ConceptMap until reviewed.
breast,RMOD,https://erichuang777777.github.io/TW-Breast-Cancer-FHIR-IG/CodeSystem/tcr-breast-rmod,https://erichuang777777.github.io/TW-Breast-Cancer-FHIR-IG/ValueSet/tcr-breast-rmod-vs,072,放射線同位素治療(注射放射性同位素，如碘-131、鍶-89)＋硼捉中子治療(BNCT),,,,,not-started,,,,Do not publish as ConceptMap until reviewed.
breast,RMOD,https://erichuang777777.github.io/TW-Breast-Cancer-FHIR-IG/CodeSystem/tcr-breast-rmod,https://erichuang777777.github.io/TW-Breast-Cancer-FHIR-IG/ValueSet/tcr-breast-rmod-vs,073,一般體外放射治療(包括鈷六十機、光子/電子射線直線加速器、螺旋式斷層治療機)＋放射線同位素治療(注射放射性同位素，如碘-131、鍶-89)＋硼捉中子治療(BNCT),,,,,not-started,,,,Do not publish as ConceptMap until reviewed.
breast,RMOD,https://erichuang777777.github.io/TW-Breast-Cancer-FHIR-IG/CodeSystem/tcr-breast-rmod,https://erichuang777777.github.io/TW-Breast-Cancer-FHIR-IG/ValueSet/tcr-breast-rmod-vs,074,放射手術(加馬刀、Linac-based、電腦刀、Zap-X)＋放射線同位素治療(注射放射性同位素，如碘-131、鍶-89)＋硼捉中子治療(BNCT),,,,,not-started,,,,Do not publish as ConceptMap until reviewed.
breast,RMOD,https://erichuang777777.github.io/TW-Breast-Cancer-FHIR-IG/CodeSystem/tcr-breast-rmod,https://erichuang777777.github.io/TW-Breast-Cancer-FHIR-IG/ValueSet/tcr-breast-rmod-vs,075,一般體外放射治療(包括鈷六十機、光子/電子射線直線加速器、螺旋式斷層治療機)＋放射手術(加馬刀、Linac-based、電腦刀、Zap-X)＋放射線同位素治療(注射放射性同位素，如碘-131、鍶-89)＋硼捉中子治療(BNCT),,,,,not-started,,,,Do not publish as ConceptMap until reviewed.
breast,RMOD,https://erichuang777777.github.io/TW-Breast-Cancer-FHIR-IG/CodeSystem/tcr-breast-rmod,https://erichuang777777.github.io/TW-Breast-Cancer-FHIR-IG/ValueSet/tcr-breast-rmod-vs,076,近距放射治療(組織插種、molds、seeds、needles 或腔內放射性物質)＋放射線同位素治療(注射放射性同位素，如碘-131、鍶-89)＋硼捉中子治療(BNCT),,,,,not-started,,,,Do not publish as ConceptMap until reviewed.
breast,RMOD,https://erichuang777777.github.io/TW-Breast-Cancer-FHIR-IG/CodeSystem/tcr-breast-rmod,https://erichuang777777.github.io/TW-Breast-Cancer-FHIR-IG/ValueSet/tcr-breast-rmod-vs,077,一般體外放射治療(包括鈷六十機、光子/電子射線直線加速器、螺旋式斷層治療機)＋近距放射治療(組織插種、molds、seeds、needles 或腔內放射性物質)＋放射線同位素治療(注射放射性同位素，如碘-131、鍶-89)＋硼捉中子治療(BNCT),,,,,not-started,,,,Do not publish as ConceptMap until reviewed.
breast,RMOD,https://erichuang777777.github.io/TW-Breast-Cancer-FHIR-IG/CodeSystem/tcr-breast-rmod,https://erichuang777777.github.io/TW-Breast-Cancer-FHIR-IG/ValueSet/tcr-breast-rmod-vs,078,放射手術(加馬刀、Linac-based、電腦刀、Zap-X)＋近距放射治療(組織插種、molds、seeds、needles 或腔內放射性物質)＋放射線同位素治療(注射放射性同位素，如碘-131、鍶-89)＋硼捉中子治療(BNCT),,,,,not-started,,,,Do not publish as ConceptMap until reviewed.
breast,RMOD,https://erichuang777777.github.io/TW-Breast-Cancer-FHIR-IG/CodeSystem/tcr-breast-rmod,https://erichuang777777.github.io/TW-Breast-Cancer-FHIR-IG/ValueSet/tcr-breast-rmod-vs,079,一般體外放射治療(包括鈷六十機、光子/電子射線直線加速器、螺旋式斷層治療機)＋放射手術(加馬刀、Linac-based、電腦刀、Zap-X)＋近距放射治療(組織插種、molds、seeds、needles 或腔內放射性物質)＋放射線同位素治療(注射放射性同位素，如碘-131、鍶-89)＋硼捉中子治療(BNCT),,,,,not-started,,,,Do not publish as ConceptMap until reviewed.
breast,RMOD,https://erichuang777777.github.io/TW-Breast-Cancer-FHIR-IG/CodeSystem/tcr-breast-rmod,https://erichuang777777.github.io/TW-Breast-Cancer-FHIR-IG/ValueSet/tcr-breast-rmod-vs,080,質子治療＋硼捉中子治療(BNCT),,,,,not-started,,,,Do not publish as ConceptMap until reviewed.
breast,RMOD,https://erichuang777777.github.io/TW-Breast-Cancer-FHIR-IG/CodeSystem/tcr-breast-rmod,https://erichuang777777.github.io/TW-Breast-Cancer-FHIR-IG/ValueSet/tcr-breast-rmod-vs,081,一般體外放射治療(包括鈷六十機、光子/電子射線直線加速器、螺旋式斷層治療機)＋質子治療＋硼捉中子治療(BNCT),,,,,not-started,,,,Do not publish as ConceptMap until reviewed.
breast,RMOD,https://erichuang777777.github.io/TW-Breast-Cancer-FHIR-IG/CodeSystem/tcr-breast-rmod,https://erichuang777777.github.io/TW-Breast-Cancer-FHIR-IG/ValueSet/tcr-breast-rmod-vs,082,放射手術(加馬刀、Linac-based、電腦刀、Zap-X)＋質子治療＋硼捉中子治療(BNCT),,,,,not-started,,,,Do not publish as ConceptMap until reviewed.
breast,RMOD,https://erichuang777777.github.io/TW-Breast-Cancer-FHIR-IG/CodeSystem/tcr-breast-rmod,https://erichuang777777.github.io/TW-Breast-Cancer-FHIR-IG/ValueSet/tcr-breast-rmod-vs,083,一般體外放射治療(包括鈷六十機、光子/電子射線直線加速器、螺旋式斷層治療機)＋放射手術(加馬刀、Linac-based、電腦刀、Zap-X)＋質子治療＋硼捉中子治療(BNCT),,,,,not-started,,,,Do not publish as ConceptMap until reviewed.
breast,RMOD,https://erichuang777777.github.io/TW-Breast-Cancer-FHIR-IG/CodeSystem/tcr-breast-rmod,https://erichuang777777.github.io/TW-Breast-Cancer-FHIR-IG/ValueSet/tcr-breast-rmod-vs,084,近距放射治療(組織插種、molds、seeds、needles 或腔內放射性物質)＋質子治療＋硼捉中子治療(BNCT),,,,,not-started,,,,Do not publish as ConceptMap until reviewed.
breast,RMOD,https://erichuang777777.github.io/TW-Breast-Cancer-FHIR-IG/CodeSystem/tcr-breast-rmod,https://erichuang777777.github.io/TW-Breast-Cancer-FHIR-IG/ValueSet/tcr-breast-rmod-vs,085,一般體外放射治療(包括鈷六十機、光子/電子射線直線加速器、螺旋式斷層治療機)＋近距放射治療(組織插種、molds、seeds、needles 或腔內放射性物質)＋質子治療＋硼捉中子治療(BNCT),,,,,not-started,,,,Do not publish as ConceptMap until reviewed.
breast,RMOD,https://erichuang777777.github.io/TW-Breast-Cancer-FHIR-IG/CodeSystem/tcr-breast-rmod,https://erichuang777777.github.io/TW-Breast-Cancer-FHIR-IG/ValueSet/tcr-breast-rmod-vs,086,放射手術(加馬刀、Linac-based、電腦刀、Zap-X)＋近距放射治療(組織插種、molds、seeds、needles 或腔內放射性物質)＋質子治療＋硼捉中子治療(BNCT),,,,,not-started,,,,Do not publish as ConceptMap until reviewed.
breast,RMOD,https://erichuang777777.github.io/TW-Breast-Cancer-FHIR-IG/CodeSystem/tcr-breast-rmod,https://erichuang777777.github.io/TW-Breast-Cancer-FHIR-IG/ValueSet/tcr-breast-rmod-vs,087,一般體外放射治療(包括鈷六十機、光子/電子射線直線加速器、螺旋式斷層治療機)＋放射手術(加馬刀、Linac-based、電腦刀、Zap-X)＋近距放射治療(組織插種、molds、seeds、needles 或腔內放射性物質)＋質子治療＋硼捉中子治療(BNCT),,,,,not-started,,,,Do not publish as ConceptMap until reviewed.
breast,RMOD,https://erichuang777777.github.io/TW-Breast-Cancer-FHIR-IG/CodeSystem/tcr-breast-rmod,https://erichuang777777.github.io/TW-Breast-Cancer-FHIR-IG/ValueSet/tcr-breast-rmod-vs,088,放射線同位素治療(注射放射性同位素，如碘-131、鍶-89)＋質子治療＋硼捉中子治療(BNCT),,,,,not-started,,,,Do not publish as ConceptMap until reviewed.
breast,RMOD,https://erichuang777777.github.io/TW-Breast-Cancer-FHIR-IG/CodeSystem/tcr-breast-rmod,https://erichuang777777.github.io/TW-Breast-Cancer-FHIR-IG/ValueSet/tcr-breast-rmod-vs,089,一般體外放射治療(包括鈷六十機、光子/電子射線直線加速器、螺旋式斷層治療機)＋放射線同位素治療(注射放射性同位素，如碘-131、鍶-89)＋質子治療＋硼捉中子治療(BNCT),,,,,not-started,,,,Do not publish as ConceptMap until reviewed.
breast,RMOD,https://erichuang777777.github.io/TW-Breast-Cancer-FHIR-IG/CodeSystem/tcr-breast-rmod,https://erichuang777777.github.io/TW-Breast-Cancer-FHIR-IG/ValueSet/tcr-breast-rmod-vs,090,放射手術(加馬刀、Linac-based、電腦刀、Zap-X)＋放射線同位素治療(注射放射性同位素，如碘-131、鍶-89)＋質子治療＋硼捉中子治療(BNCT),,,,,not-started,,,,Do not publish as ConceptMap until reviewed.
breast,RMOD,https://erichuang777777.github.io/TW-Breast-Cancer-FHIR-IG/CodeSystem/tcr-breast-rmod,https://erichuang777777.github.io/TW-Breast-Cancer-FHIR-IG/ValueSet/tcr-breast-rmod-vs,091,一般體外放射治療(包括鈷六十機、光子/電子射線直線加速器、螺旋式斷層治療機)＋放射手術(加馬刀、Linac-based、電腦刀、Zap-X)＋放射線同位素治療(注射放射性同位素，如碘-131、鍶-89)＋質子治療＋硼捉中子治療(BNCT),,,,,not-started,,,,Do not publish as ConceptMap until reviewed.
breast,RMOD,https://erichuang777777.github.io/TW-Breast-Cancer-FHIR-IG/CodeSystem/tcr-breast-rmod,https://erichuang777777.github.io/TW-Breast-Cancer-FHIR-IG/ValueSet/tcr-breast-rmod-vs,092,近距放射治療(組織插種、molds、seeds、needles 或腔內放射性物質)＋放射線同位素治療(注射放射性同位素，如碘-131、鍶-89)＋質子治療＋硼捉中子治療(BNCT),,,,,not-started,,,,Do not publish as ConceptMap until reviewed.
breast,RMOD,https://erichuang777777.github.io/TW-Breast-Cancer-FHIR-IG/CodeSystem/tcr-breast-rmod,https://erichuang777777.github.io/TW-Breast-Cancer-FHIR-IG/ValueSet/tcr-breast-rmod-vs,093,一般體外放射治療(包括鈷六十機、光子/電子射線直線加速器、螺旋式斷層治療機)＋近距放射治療(組織插種、molds、seeds、needles 或腔內放射性物質)＋放射線同位素治療(注射放射性同位素，如碘-131、鍶-89)＋質子治療＋硼捉中子治療(BNCT),,,,,not-started,,,,Do not publish as ConceptMap until reviewed.
breast,RMOD,https://erichuang777777.github.io/TW-Breast-Cancer-FHIR-IG/CodeSystem/tcr-breast-rmod,https://erichuang777777.github.io/TW-Breast-Cancer-FHIR-IG/ValueSet/tcr-breast-rmod-vs,094,放射手術(加馬刀、Linac-based、電腦刀、Zap-X)＋近距放射治療(組織插種、molds、seeds、needles 或腔內放射性物質)＋放射線同位素治療(注射放射性同位素，如碘-131、鍶-89)＋質子治療＋硼捉中子治療(BNCT),,,,,not-started,,,,Do not publish as ConceptMap until reviewed.
breast,RMOD,https://erichuang777777.github.io/TW-Breast-Cancer-FHIR-IG/CodeSystem/tcr-breast-rmod,https://erichuang777777.github.io/TW-Breast-Cancer-FHIR-IG/ValueSet/tcr-breast-rmod-vs,095,一般體外放射治療(包括鈷六十機、光子/電子射線直線加速器、螺旋式斷層治療機)＋放射手術(加馬刀、Linac-based、電腦刀、Zap-X)＋近距放射治療(組織插種、molds、seeds、needles 或腔內放射性物質)＋放射線同位素治療(注射放射性同位素，如碘-131、鍶-89)＋質子治療＋硼捉中子治療(BNCT),,,,,not-started,,,,Do not publish as ConceptMap until reviewed.
breast,RMOD,https://erichuang777777.github.io/TW-Breast-Cancer-FHIR-IG/CodeSystem/tcr-breast-rmod,https://erichuang777777.github.io/TW-Breast-Cancer-FHIR-IG/ValueSet/tcr-breast-rmod-vs,096,其他帶電荷粒子或中子治療＋硼捉中子治療(BNCT),,,,,not-started,,,,Do not publish as ConceptMap until reviewed.
breast,RMOD,https://erichuang777777.github.io/TW-Breast-Cancer-FHIR-IG/CodeSystem/tcr-breast-rmod,https://erichuang777777.github.io/TW-Breast-Cancer-FHIR-IG/ValueSet/tcr-breast-rmod-vs,097,一般體外放射治療(包括鈷六十機、光子/電子射線直線加速器、螺旋式斷層治療機)＋其他帶電荷粒子或中子治療＋硼捉中子治療(BNCT),,,,,not-started,,,,Do not publish as ConceptMap until reviewed.
breast,RMOD,https://erichuang777777.github.io/TW-Breast-Cancer-FHIR-IG/CodeSystem/tcr-breast-rmod,https://erichuang777777.github.io/TW-Breast-Cancer-FHIR-IG/ValueSet/tcr-breast-rmod-vs,098,放射手術(加馬刀、Linac-based、電腦刀、Zap-X)＋其他帶電荷粒子或中子治療＋硼捉中子治療(BNCT),,,,,not-started,,,,Do not publish as ConceptMap until reviewed.
breast,RMOD,https://erichuang777777.github.io/TW-Breast-Cancer-FHIR-IG/CodeSystem/tcr-breast-rmod,https://erichuang777777.github.io/TW-Breast-Cancer-FHIR-IG/ValueSet/tcr-breast-rmod-vs,099,一般體外放射治療(包括鈷六十機、光子/電子射線直線加速器、螺旋式斷層治療機)＋放射手術(加馬刀、Linac-based、電腦刀、Zap-X)＋其他帶電荷粒子或中子治療＋硼捉中子治療(BNCT),,,,,not-started,,,,Do not publish as ConceptMap until reviewed.
breast,RMOD,https://erichuang777777.github.io/TW-Breast-Cancer-FHIR-IG/CodeSystem/tcr-breast-rmod,https://erichuang777777.github.io/TW-Breast-Cancer-FHIR-IG/ValueSet/tcr-breast-rmod-vs,100,近距放射治療(組織插種、molds、seeds、needles 或腔內放射性物質)＋其他帶電荷粒子或中子治療＋硼捉中子治療(BNCT),,,,,not-started,,,,Do not publish as ConceptMap until reviewed.
breast,RMOD,https://erichuang777777.github.io/TW-Breast-Cancer-FHIR-IG/CodeSystem/tcr-breast-rmod,https://erichuang777777.github.io/TW-Breast-Cancer-FHIR-IG/ValueSet/tcr-breast-rmod-vs,101,一般體外放射治療(包括鈷六十機、光子/電子射線直線加速器、螺旋式斷層治療機)＋近距放射治療(組織插種、molds、seeds、needles 或腔內放射性物質)＋其他帶電荷粒子或中子治療＋硼捉中子治療(BNCT),,,,,not-started,,,,Do not publish as ConceptMap until reviewed.
breast,RMOD,https://erichuang777777.github.io/TW-Breast-Cancer-FHIR-IG/CodeSystem/tcr-breast-rmod,https://erichuang777777.github.io/TW-Breast-Cancer-FHIR-IG/ValueSet/tcr-breast-rmod-vs,102,放射手術(加馬刀、Linac-based、電腦刀、Zap-X)＋近距放射治療(組織插種、molds、seeds、needles 或腔內放射性物質)＋其他帶電荷粒子或中子治療＋硼捉中子治療(BNCT),,,,,not-started,,,,Do not publish as ConceptMap until reviewed.
breast,RMOD,https://erichuang777777.github.io/TW-Breast-Cancer-FHIR-IG/CodeSystem/tcr-breast-rmod,https://erichuang777777.github.io/TW-Breast-Cancer-FHIR-IG/ValueSet/tcr-breast-rmod-vs,103,一般體外放射治療(包括鈷六十機、光子/電子射線直線加速器、螺旋式斷層治療機)＋放射手術(加馬刀、Linac-based、電腦刀、Zap-X)＋近距放射治療(組織插種、molds、seeds、needles 或腔內放射性物質)＋其他帶電荷粒子或中子治療＋硼捉中子治療(BNCT),,,,,not-started,,,,Do not publish as ConceptMap until reviewed.
breast,RMOD,https://erichuang777777.github.io/TW-Breast-Cancer-FHIR-IG/CodeSystem/tcr-breast-rmod,https://erichuang777777.github.io/TW-Breast-Cancer-FHIR-IG/ValueSet/tcr-breast-rmod-vs,104,放射線同位素治療(注射放射性同位素，如碘-131、鍶-89)＋其他帶電荷粒子或中子治療＋硼捉中子治療(BNCT),,,,,not-started,,,,Do not publish as ConceptMap until reviewed.
breast,RMOD,https://erichuang777777.github.io/TW-Breast-Cancer-FHIR-IG/CodeSystem/tcr-breast-rmod,https://erichuang777777.github.io/TW-Breast-Cancer-FHIR-IG/ValueSet/tcr-breast-rmod-vs,105,一般體外放射治療(包括鈷六十機、光子/電子射線直線加速器、螺旋式斷層治療機)＋放射線同位素治療(注射放射性同位素，如碘-131、鍶-89)＋其他帶電荷粒子或中子治療＋硼捉中子治療(BNCT),,,,,not-started,,,,Do not publish as ConceptMap until reviewed.
breast,RMOD,https://erichuang777777.github.io/TW-Breast-Cancer-FHIR-IG/CodeSystem/tcr-breast-rmod,https://erichuang777777.github.io/TW-Breast-Cancer-FHIR-IG/ValueSet/tcr-breast-rmod-vs,106,放射手術(加馬刀、Linac-based、電腦刀、Zap-X)＋放射線同位素治療(注射放射性同位素，如碘-131、鍶-89)＋其他帶電荷粒子或中子治療＋硼捉中子治療(BNCT),,,,,not-started,,,,Do not publish as ConceptMap until reviewed.
breast,RMOD,https://erichuang777777.github.io/TW-Breast-Cancer-FHIR-IG/CodeSystem/tcr-breast-rmod,https://erichuang777777.github.io/TW-Breast-Cancer-FHIR-IG/ValueSet/tcr-breast-rmod-vs,107,一般體外放射治療(包括鈷六十機、光子/電子射線直線加速器、螺旋式斷層治療機)＋放射手術(加馬刀、Linac-based、電腦刀、Zap-X)＋放射線同位素治療(注射放射性同位素，如碘-131、鍶-89)＋其他帶電荷粒子或中子治療＋硼捉中子治療(BNCT),,,,,not-started,,,,Do not publish as ConceptMap until reviewed.
breast,RMOD,https://erichuang777777.github.io/TW-Breast-Cancer-FHIR-IG/CodeSystem/tcr-breast-rmod,https://erichuang777777.github.io/TW-Breast-Cancer-FHIR-IG/ValueSet/tcr-breast-rmod-vs,108,近距放射治療(組織插種、molds、seeds、needles 或腔內放射性物質)＋放射線同位素治療(注射放射性同位素，如碘-131、鍶-89)＋其他帶電荷粒子或中子治療＋硼捉中子治療(BNCT),,,,,not-started,,,,Do not publish as ConceptMap until reviewed.
breast,RMOD,https://erichuang777777.github.io/TW-Breast-Cancer-FHIR-IG/CodeSystem/tcr-breast-rmod,https://erichuang777777.github.io/TW-Breast-Cancer-FHIR-IG/ValueSet/tcr-breast-rmod-vs,109,一般體外放射治療(包括鈷六十機、光子/電子射線直線加速器、螺旋式斷層治療機)＋近距放射治療(組織插種、molds、seeds、needles 或腔內放射性物質)＋放射線同位素治療(注射放射性同位素，如碘-131、鍶-89)＋其他帶電荷粒子或中子治療＋硼捉中子治療(BNCT),,,,,not-started,,,,Do not publish as ConceptMap until reviewed.
breast,RMOD,https://erichuang777777.github.io/TW-Breast-Cancer-FHIR-IG/CodeSystem/tcr-breast-rmod,https://erichuang777777.github.io/TW-Breast-Cancer-FHIR-IG/ValueSet/tcr-breast-rmod-vs,110,放射手術(加馬刀、Linac-based、電腦刀、Zap-X)＋近距放射治療(組織插種、molds、seeds、needles 或腔內放射性物質)＋放射線同位素治療(注射放射性同位素，如碘-131、鍶-89)＋其他帶電荷粒子或中子治療＋硼捉中子治療(BNCT),,,,,not-started,,,,Do not publish as ConceptMap until reviewed.
breast,RMOD,https://erichuang777777.github.io/TW-Breast-Cancer-FHIR-IG/CodeSystem/tcr-breast-rmod,https://erichuang777777.github.io/TW-Breast-Cancer-FHIR-IG/ValueSet/tcr-breast-rmod-vs,111,一般體外放射治療(包括鈷六十機、光子/電子射線直線加速器、螺旋式斷層治療機)＋放射手術(加馬刀、Linac-based、電腦刀、Zap-X)＋近距放射治療(組織插種、molds、seeds、needles 或腔內放射性物質)＋放射線同位素治療(注射放射性同位素，如碘-131、鍶-89)＋其他帶電荷粒子或中子治療＋硼捉中子治療(BNCT),,,,,not-started,,,,Do not publish as ConceptMap until reviewed.
breast,RMOD,https://erichuang777777.github.io/TW-Breast-Cancer-FHIR-IG/CodeSystem/tcr-breast-rmod,https://erichuang777777.github.io/TW-Breast-Cancer-FHIR-IG/ValueSet/tcr-breast-rmod-vs,112,質子治療＋其他帶電荷粒子或中子治療＋硼捉中子治療(BNCT),,,,,not-started,,,,Do not publish as ConceptMap until reviewed.
breast,RMOD,https://erichuang777777.github.io/TW-Breast-Cancer-FHIR-IG/CodeSystem/tcr-breast-rmod,https://erichuang777777.github.io/TW-Breast-Cancer-FHIR-IG/ValueSet/tcr-breast-rmod-vs,113,一般體外放射治療(包括鈷六十機、光子/電子射線直線加速器、螺旋式斷層治療機)＋質子治療＋其他帶電荷粒子或中子治療＋硼捉中子治療(BNCT),,,,,not-started,,,,Do not publish as ConceptMap until reviewed.
breast,RMOD,https://erichuang777777.github.io/TW-Breast-Cancer-FHIR-IG/CodeSystem/tcr-breast-rmod,https://erichuang777777.github.io/TW-Breast-Cancer-FHIR-IG/ValueSet/tcr-breast-rmod-vs,114,放射手術(加馬刀、Linac-based、電腦刀、Zap-X)＋質子治療＋其他帶電荷粒子或中子治療＋硼捉中子治療(BNCT),,,,,not-started,,,,Do not publish as ConceptMap until reviewed.
breast,RMOD,https://erichuang777777.github.io/TW-Breast-Cancer-FHIR-IG/CodeSystem/tcr-breast-rmod,https://erichuang777777.github.io/TW-Breast-Cancer-FHIR-IG/ValueSet/tcr-breast-rmod-vs,115,一般體外放射治療(包括鈷六十機、光子/電子射線直線加速器、螺旋式斷層治療機)＋放射手術(加馬刀、Linac-based、電腦刀、Zap-X)＋質子治療＋其他帶電荷粒子或中子治療＋硼捉中子治療(BNCT),,,,,not-started,,,,Do not publish as ConceptMap until reviewed.
breast,RMOD,https://erichuang777777.github.io/TW-Breast-Cancer-FHIR-IG/CodeSystem/tcr-breast-rmod,https://erichuang777777.github.io/TW-Breast-Cancer-FHIR-IG/ValueSet/tcr-breast-rmod-vs,116,近距放射治療(組織插種、molds、seeds、needles 或腔內放射性物質)＋質子治療＋其他帶電荷粒子或中子治療＋硼捉中子治療(BNCT),,,,,not-started,,,,Do not publish as ConceptMap until reviewed.
breast,RMOD,https://erichuang777777.github.io/TW-Breast-Cancer-FHIR-IG/CodeSystem/tcr-breast-rmod,https://erichuang777777.github.io/TW-Breast-Cancer-FHIR-IG/ValueSet/tcr-breast-rmod-vs,117,一般體外放射治療(包括鈷六十機、光子/電子射線直線加速器、螺旋式斷層治療機)＋近距放射治療(組織插種、molds、seeds、needles 或腔內放射性物質)＋質子治療＋其他帶電荷粒子或中子治療＋硼捉中子治療(BNCT),,,,,not-started,,,,Do not publish as ConceptMap until reviewed.
breast,RMOD,https://erichuang777777.github.io/TW-Breast-Cancer-FHIR-IG/CodeSystem/tcr-breast-rmod,https://erichuang777777.github.io/TW-Breast-Cancer-FHIR-IG/ValueSet/tcr-breast-rmod-vs,118,放射手術(加馬刀、Linac-based、電腦刀、Zap-X)＋近距放射治療(組織插種、molds、seeds、needles 或腔內放射性物質)＋質子治療＋其他帶電荷粒子或中子治療＋硼捉中子治療(BNCT),,,,,not-started,,,,Do not publish as ConceptMap until reviewed.
breast,RMOD,https://erichuang777777.github.io/TW-Breast-Cancer-FHIR-IG/CodeSystem/tcr-breast-rmod,https://erichuang777777.github.io/TW-Breast-Cancer-FHIR-IG/ValueSet/tcr-breast-rmod-vs,119,一般體外放射治療(包括鈷六十機、光子/電子射線直線加速器、螺旋式斷層治療機)＋放射手術(加馬刀、Linac-based、電腦刀、Zap-X)＋近距放射治療(組織插種、molds、seeds、needles 或腔內放射性物質)＋質子治療＋其他帶電荷粒子或中子治療＋硼捉中子治療(BNCT),,,,,not-started,,,,Do not publish as ConceptMap until reviewed.
breast,RMOD,https://erichuang777777.github.io/TW-Breast-Cancer-FHIR-IG/CodeSystem/tcr-breast-rmod,https://erichuang777777.github.io/TW-Breast-Cancer-FHIR-IG/ValueSet/tcr-breast-rmod-vs,120,放射線同位素治療(注射放射性同位素，如碘-131、鍶-89)＋質子治療＋其他帶電荷粒子或中子治療＋硼捉中子治療(BNCT),,,,,not-started,,,,Do not publish as ConceptMap until reviewed.
breast,RMOD,https://erichuang777777.github.io/TW-Breast-Cancer-FHIR-IG/CodeSystem/tcr-breast-rmod,https://erichuang777777.github.io/TW-Breast-Cancer-FHIR-IG/ValueSet/tcr-breast-rmod-vs,121,一般體外放射治療(包括鈷六十機、光子/電子射線直線加速器、螺旋式斷層治療機)＋放射線同位素治療(注射放射性同位素，如碘-131、鍶-89)＋質子治療＋其他帶電荷粒子或中子治療＋硼捉中子治療(BNCT),,,,,not-started,,,,Do not publish as ConceptMap until reviewed.
breast,RMOD,https://erichuang777777.github.io/TW-Breast-Cancer-FHIR-IG/CodeSystem/tcr-breast-rmod,https://erichuang777777.github.io/TW-Breast-Cancer-FHIR-IG/ValueSet/tcr-breast-rmod-vs,122,放射手術(加馬刀、Linac-based、電腦刀、Zap-X)＋放射線同位素治療(注射放射性同位素，如碘-131、鍶-89)＋質子治療＋其他帶電荷粒子或中子治療＋硼捉中子治療(BNCT),,,,,not-started,,,,Do not publish as ConceptMap until reviewed.
breast,RMOD,https://erichuang777777.github.io/TW-Breast-Cancer-FHIR-IG/CodeSystem/tcr-breast-rmod,https://erichuang777777.github.io/TW-Breast-Cancer-FHIR-IG/ValueSet/tcr-breast-rmod-vs,123,一般體外放射治療(包括鈷六十機、光子/電子射線直線加速器、螺旋式斷層治療機)＋放射手術(加馬刀、Linac-based、電腦刀、Zap-X)＋放射線同位素治療(注射放射性同位素，如碘-131、鍶-89)＋質子治療＋其他帶電荷粒子或中子治療＋硼捉中子治療(BNCT),,,,,not-started,,,,Do not publish as ConceptMap until reviewed.
breast,RMOD,https://erichuang777777.github.io/TW-Breast-Cancer-FHIR-IG/CodeSystem/tcr-breast-rmod,https://erichuang777777.github.io/TW-Breast-Cancer-FHIR-IG/ValueSet/tcr-breast-rmod-vs,124,近距放射治療(組織插種、molds、seeds、needles 或腔內放射性物質)＋放射線同位素治療(注射放射性同位素，如碘-131、鍶-89)＋質子治療＋其他帶電荷粒子或中子治療＋硼捉中子治療(BNCT),,,,,not-started,,,,Do not publish as ConceptMap until reviewed.
breast,RMOD,https://erichuang777777.github.io/TW-Breast-Cancer-FHIR-IG/CodeSystem/tcr-breast-rmod,https://erichuang777777.github.io/TW-Breast-Cancer-FHIR-IG/ValueSet/tcr-breast-rmod-vs,125,一般體外放射治療(包括鈷六十機、光子/電子射線直線加速器、螺旋式斷層治療機)＋近距放射治療(組織插種、molds、seeds、needles 或腔內放射性物質)＋放射線同位素治療(注射放射性同位素，如碘-131、鍶-89)＋質子治療＋其他帶電荷粒子或中子治療＋硼捉中子治療(BNCT),,,,,not-started,,,,Do not publish as ConceptMap until reviewed.
breast,RMOD,https://erichuang777777.github.io/TW-Breast-Cancer-FHIR-IG/CodeSystem/tcr-breast-rmod,https://erichuang777777.github.io/TW-Breast-Cancer-FHIR-IG/ValueSet/tcr-breast-rmod-vs,126,放射手術(加馬刀、Linac-based、電腦刀、Zap-X)＋近距放射治療(組織插種、molds、seeds、needles 或腔內放射性物質)＋放射線同位素治療(注射放射性同位素，如碘-131、鍶-89)＋質子治療＋其他帶電荷粒子或中子治療＋硼捉中子治療(BNCT),,,,,not-started,,,,Do not publish as ConceptMap until reviewed.
breast,RMOD,https://erichuang777777.github.io/TW-Breast-Cancer-FHIR-IG/CodeSystem/tcr-breast-rmod,https://erichuang777777.github.io/TW-Breast-Cancer-FHIR-IG/ValueSet/tcr-breast-rmod-vs,127,一般體外放射治療(包括鈷六十機、光子/電子射線直線加速器、螺旋式斷層治療機)＋放射手術(加馬刀、Linac-based、電腦刀、Zap-X)＋近距放射治療(組織插種、molds、seeds、needles 或腔內放射性物質)＋放射線同位素治療(注射放射性同位素，如碘-131、鍶-89)＋質子治療＋其他帶電荷粒子或中子治療＋硼捉中子治療(BNCT),,,,,not-started,,,,Do not publish as ConceptMap until reviewed.
breast,EBRT,https://erichuang777777.github.io/TW-Breast-Cancer-FHIR-IG/CodeSystem/tcr-breast-ebrt,https://erichuang777777.github.io/TW-Breast-Cancer-FHIR-IG/ValueSet/tcr-breast-ebrt-vs,1,2D/Simple,,,,,not-started,,,,Do not publish as ConceptMap until reviewed.
breast,EBRT,https://erichuang777777.github.io/TW-Breast-Cancer-FHIR-IG/CodeSystem/tcr-breast-ebrt,https://erichuang777777.github.io/TW-Breast-Cancer-FHIR-IG/ValueSet/tcr-breast-ebrt-vs,2,3D-CRT,,,,,not-started,,,,Do not publish as ConceptMap until reviewed.
breast,EBRT,https://erichuang777777.github.io/TW-Breast-Cancer-FHIR-IG/CodeSystem/tcr-breast-ebrt,https://erichuang777777.github.io/TW-Breast-Cancer-FHIR-IG/ValueSet/tcr-breast-ebrt-vs,4,IMRT,,,,,not-started,,,,Do not publish as ConceptMap until reviewed.
breast,EBRT,https://erichuang777777.github.io/TW-Breast-Cancer-FHIR-IG/CodeSystem/tcr-breast-ebrt,https://erichuang777777.github.io/TW-Breast-Cancer-FHIR-IG/ValueSet/tcr-breast-ebrt-vs,8,VMAT/Tomotherapy,,,,,not-started,,,,Do not publish as ConceptMap until reviewed.
breast,EBRT,https://erichuang777777.github.io/TW-Breast-Cancer-FHIR-IG/CodeSystem/tcr-breast-ebrt,https://erichuang777777.github.io/TW-Breast-Cancer-FHIR-IG/ValueSet/tcr-breast-ebrt-vs,16,Mixed Photon+Particle,,,,,not-started,,,,Do not publish as ConceptMap until reviewed.
breast,EBRT,https://erichuang777777.github.io/TW-Breast-Cancer-FHIR-IG/CodeSystem/tcr-breast-ebrt,https://erichuang777777.github.io/TW-Breast-Cancer-FHIR-IG/ValueSet/tcr-breast-ebrt-vs,32,IGRT,,,,,not-started,,,,Do not publish as ConceptMap until reviewed.
breast,EBRT,https://erichuang777777.github.io/TW-Breast-Cancer-FHIR-IG/CodeSystem/tcr-breast-ebrt,https://erichuang777777.github.io/TW-Breast-Cancer-FHIR-IG/ValueSet/tcr-breast-ebrt-vs,64,Respiratory Control,,,,,not-started,,,,Do not publish as ConceptMap until reviewed.
breast,EBRT,https://erichuang777777.github.io/TW-Breast-Cancer-FHIR-IG/CodeSystem/tcr-breast-ebrt,https://erichuang777777.github.io/TW-Breast-Cancer-FHIR-IG/ValueSet/tcr-breast-ebrt-vs,0,No EBRT,,,,,not-started,,,,Do not publish as ConceptMap until reviewed.
breast,EBRT,https://erichuang777777.github.io/TW-Breast-Cancer-FHIR-IG/CodeSystem/tcr-breast-ebrt,https://erichuang777777.github.io/TW-Breast-Cancer-FHIR-IG/ValueSet/tcr-breast-ebrt-vs,-1,EBRT NOS,,,,,not-started,,,,Do not publish as ConceptMap until reviewed.
breast,EBRT,https://erichuang777777.github.io/TW-Breast-Cancer-FHIR-IG/CodeSystem/tcr-breast-ebrt,https://erichuang777777.github.io/TW-Breast-Cancer-FHIR-IG/ValueSet/tcr-breast-ebrt-vs,999,Unknown,,,,,not-started,,,,Do not publish as ConceptMap until reviewed.
breast,HTAR,https://erichuang777777.github.io/TW-Breast-Cancer-FHIR-IG/CodeSystem/tcr-breast-htar,https://erichuang777777.github.io/TW-Breast-Cancer-FHIR-IG/ValueSet/tcr-breast-htar-vs,-1,個案有接受放射治療，但放射範圍未明示；或放射治療是單純內分泌處置。,,,,,not-started,,,,Do not publish as ConceptMap until reviewed.
breast,HTAR,https://erichuang777777.github.io/TW-Breast-Cancer-FHIR-IG/CodeSystem/tcr-breast-htar,https://erichuang777777.github.io/TW-Breast-Cancer-FHIR-IG/ValueSet/tcr-breast-htar-vs,-9,不知道個案是否有接受體外放射治療。,,,,,not-started,,,,Do not publish as ConceptMap until reviewed.
breast,HTAR,https://erichuang777777.github.io/TW-Breast-Cancer-FHIR-IG/CodeSystem/tcr-breast-htar,https://erichuang777777.github.io/TW-Breast-Cancer-FHIR-IG/ValueSet/tcr-breast-htar-vs,00,個案未接受體外放射治療，或是有體外放射治療但沒有 CTV。,,,,,not-started,,,,Do not publish as ConceptMap until reviewed.
breast,HTAR,https://erichuang777777.github.io/TW-Breast-Cancer-FHIR-IG/CodeSystem/tcr-breast-htar,https://erichuang777777.github.io/TW-Breast-Cancer-FHIR-IG/ValueSet/tcr-breast-htar-vs,01,原發腫瘤(T),,,,,not-started,,,,Do not publish as ConceptMap until reviewed.
breast,HTAR,https://erichuang777777.github.io/TW-Breast-Cancer-FHIR-IG/CodeSystem/tcr-breast-htar,https://erichuang777777.github.io/TW-Breast-Cancer-FHIR-IG/ValueSet/tcr-breast-htar-vs,02,區域淋巴結(N),,,,,not-started,,,,Do not publish as ConceptMap until reviewed.
breast,HTAR,https://erichuang777777.github.io/TW-Breast-Cancer-FHIR-IG/CodeSystem/tcr-breast-htar,https://erichuang777777.github.io/TW-Breast-Cancer-FHIR-IG/ValueSet/tcr-breast-htar-vs,03,原發腫瘤(T)＋區域淋巴結(N),,,,,not-started,,,,Do not publish as ConceptMap until reviewed.
breast,HTAR,https://erichuang777777.github.io/TW-Breast-Cancer-FHIR-IG/CodeSystem/tcr-breast-htar,https://erichuang777777.github.io/TW-Breast-Cancer-FHIR-IG/ValueSet/tcr-breast-htar-vs,04,遠端轉移(M),,,,,not-started,,,,Do not publish as ConceptMap until reviewed.
breast,HTAR,https://erichuang777777.github.io/TW-Breast-Cancer-FHIR-IG/CodeSystem/tcr-breast-htar,https://erichuang777777.github.io/TW-Breast-Cancer-FHIR-IG/ValueSet/tcr-breast-htar-vs,05,原發腫瘤(T)＋遠端轉移(M),,,,,not-started,,,,Do not publish as ConceptMap until reviewed.
breast,HTAR,https://erichuang777777.github.io/TW-Breast-Cancer-FHIR-IG/CodeSystem/tcr-breast-htar,https://erichuang777777.github.io/TW-Breast-Cancer-FHIR-IG/ValueSet/tcr-breast-htar-vs,06,區域淋巴結(N)＋遠端轉移(M),,,,,not-started,,,,Do not publish as ConceptMap until reviewed.
breast,HTAR,https://erichuang777777.github.io/TW-Breast-Cancer-FHIR-IG/CodeSystem/tcr-breast-htar,https://erichuang777777.github.io/TW-Breast-Cancer-FHIR-IG/ValueSet/tcr-breast-htar-vs,07,原發腫瘤(T)＋區域淋巴結(N)＋遠端轉移(M),,,,,not-started,,,,Do not publish as ConceptMap until reviewed.
breast,HTAR,https://erichuang777777.github.io/TW-Breast-Cancer-FHIR-IG/CodeSystem/tcr-breast-htar,https://erichuang777777.github.io/TW-Breast-Cancer-FHIR-IG/ValueSet/tcr-breast-htar-vs,08,廣泛淋巴區域(mini-mantle/mantle/inverted-Y 或全身淋巴照射；限何杰金氏及非何杰金氏淋巴癌),,,,,not-started,,,,Do not publish as ConceptMap until reviewed.
breast,HTAR,https://erichuang777777.github.io/TW-Breast-Cancer-FHIR-IG/CodeSystem/tcr-breast-htar,https://erichuang777777.github.io/TW-Breast-Cancer-FHIR-IG/ValueSet/tcr-breast-htar-vs,09,原發腫瘤(T)＋廣泛淋巴區域(mini-mantle/mantle/inverted-Y 或全身淋巴照射；限何杰金氏及非何杰金氏淋巴癌),,,,,not-started,,,,Do not publish as ConceptMap until reviewed.
breast,HTAR,https://erichuang777777.github.io/TW-Breast-Cancer-FHIR-IG/CodeSystem/tcr-breast-htar,https://erichuang777777.github.io/TW-Breast-Cancer-FHIR-IG/ValueSet/tcr-breast-htar-vs,10,區域淋巴結(N)＋廣泛淋巴區域(mini-mantle/mantle/inverted-Y 或全身淋巴照射；限何杰金氏及非何杰金氏淋巴癌),,,,,not-started,,,,Do not publish as ConceptMap until reviewed.
breast,HTAR,https://erichuang777777.github.io/TW-Breast-Cancer-FHIR-IG/CodeSystem/tcr-breast-htar,https://erichuang777777.github.io/TW-Breast-Cancer-FHIR-IG/ValueSet/tcr-breast-htar-vs,11,原發腫瘤(T)＋區域淋巴結(N)＋廣泛淋巴區域(mini-mantle/mantle/inverted-Y 或全身淋巴照射；限何杰金氏及非何杰金氏淋巴癌),,,,,not-started,,,,Do not publish as ConceptMap until reviewed.
breast,HTAR,https://erichuang777777.github.io/TW-Breast-Cancer-FHIR-IG/CodeSystem/tcr-breast-htar,https://erichuang777777.github.io/TW-Breast-Cancer-FHIR-IG/ValueSet/tcr-breast-htar-vs,12,遠端轉移(M)＋廣泛淋巴區域(mini-mantle/mantle/inverted-Y 或全身淋巴照射；限何杰金氏及非何杰金氏淋巴癌),,,,,not-started,,,,Do not publish as ConceptMap until reviewed.
breast,HTAR,https://erichuang777777.github.io/TW-Breast-Cancer-FHIR-IG/CodeSystem/tcr-breast-htar,https://erichuang777777.github.io/TW-Breast-Cancer-FHIR-IG/ValueSet/tcr-breast-htar-vs,13,原發腫瘤(T)＋遠端轉移(M)＋廣泛淋巴區域(mini-mantle/mantle/inverted-Y 或全身淋巴照射；限何杰金氏及非何杰金氏淋巴癌),,,,,not-started,,,,Do not publish as ConceptMap until reviewed.
breast,HTAR,https://erichuang777777.github.io/TW-Breast-Cancer-FHIR-IG/CodeSystem/tcr-breast-htar,https://erichuang777777.github.io/TW-Breast-Cancer-FHIR-IG/ValueSet/tcr-breast-htar-vs,14,區域淋巴結(N)＋遠端轉移(M)＋廣泛淋巴區域(mini-mantle/mantle/inverted-Y 或全身淋巴照射；限何杰金氏及非何杰金氏淋巴癌),,,,,not-started,,,,Do not publish as ConceptMap until reviewed.
breast,HTAR,https://erichuang777777.github.io/TW-Breast-Cancer-FHIR-IG/CodeSystem/tcr-breast-htar,https://erichuang777777.github.io/TW-Breast-Cancer-FHIR-IG/ValueSet/tcr-breast-htar-vs,15,原發腫瘤(T)＋區域淋巴結(N)＋遠端轉移(M)＋廣泛淋巴區域(mini-mantle/mantle/inverted-Y 或全身淋巴照射；限何杰金氏及非何杰金氏淋巴癌),,,,,not-started,,,,Do not publish as ConceptMap until reviewed.
breast,HTAR,https://erichuang777777.github.io/TW-Breast-Cancer-FHIR-IG/CodeSystem/tcr-breast-htar,https://erichuang777777.github.io/TW-Breast-Cancer-FHIR-IG/ValueSet/tcr-breast-htar-vs,16,全身/全骨髓,,,,,not-started,,,,Do not publish as ConceptMap until reviewed.
breast,HTAR,https://erichuang777777.github.io/TW-Breast-Cancer-FHIR-IG/CodeSystem/tcr-breast-htar,https://erichuang777777.github.io/TW-Breast-Cancer-FHIR-IG/ValueSet/tcr-breast-htar-vs,17,原發腫瘤(T)＋全身/全骨髓,,,,,not-started,,,,Do not publish as ConceptMap until reviewed.
breast,HTAR,https://erichuang777777.github.io/TW-Breast-Cancer-FHIR-IG/CodeSystem/tcr-breast-htar,https://erichuang777777.github.io/TW-Breast-Cancer-FHIR-IG/ValueSet/tcr-breast-htar-vs,18,區域淋巴結(N)＋全身/全骨髓,,,,,not-started,,,,Do not publish as ConceptMap until reviewed.
breast,HTAR,https://erichuang777777.github.io/TW-Breast-Cancer-FHIR-IG/CodeSystem/tcr-breast-htar,https://erichuang777777.github.io/TW-Breast-Cancer-FHIR-IG/ValueSet/tcr-breast-htar-vs,19,原發腫瘤(T)＋區域淋巴結(N)＋全身/全骨髓,,,,,not-started,,,,Do not publish as ConceptMap until reviewed.
breast,HTAR,https://erichuang777777.github.io/TW-Breast-Cancer-FHIR-IG/CodeSystem/tcr-breast-htar,https://erichuang777777.github.io/TW-Breast-Cancer-FHIR-IG/ValueSet/tcr-breast-htar-vs,20,遠端轉移(M)＋全身/全骨髓,,,,,not-started,,,,Do not publish as ConceptMap until reviewed.
breast,HTAR,https://erichuang777777.github.io/TW-Breast-Cancer-FHIR-IG/CodeSystem/tcr-breast-htar,https://erichuang777777.github.io/TW-Breast-Cancer-FHIR-IG/ValueSet/tcr-breast-htar-vs,21,原發腫瘤(T)＋遠端轉移(M)＋全身/全骨髓,,,,,not-started,,,,Do not publish as ConceptMap until reviewed.
breast,HTAR,https://erichuang777777.github.io/TW-Breast-Cancer-FHIR-IG/CodeSystem/tcr-breast-htar,https://erichuang777777.github.io/TW-Breast-Cancer-FHIR-IG/ValueSet/tcr-breast-htar-vs,22,區域淋巴結(N)＋遠端轉移(M)＋全身/全骨髓,,,,,not-started,,,,Do not publish as ConceptMap until reviewed.
breast,HTAR,https://erichuang777777.github.io/TW-Breast-Cancer-FHIR-IG/CodeSystem/tcr-breast-htar,https://erichuang777777.github.io/TW-Breast-Cancer-FHIR-IG/ValueSet/tcr-breast-htar-vs,23,原發腫瘤(T)＋區域淋巴結(N)＋遠端轉移(M)＋全身/全骨髓,,,,,not-started,,,,Do not publish as ConceptMap until reviewed.
breast,HTAR,https://erichuang777777.github.io/TW-Breast-Cancer-FHIR-IG/CodeSystem/tcr-breast-htar,https://erichuang777777.github.io/TW-Breast-Cancer-FHIR-IG/ValueSet/tcr-breast-htar-vs,24,廣泛淋巴區域(mini-mantle/mantle/inverted-Y 或全身淋巴照射；限何杰金氏及非何杰金氏淋巴癌)＋全身/全骨髓,,,,,not-started,,,,Do not publish as ConceptMap until reviewed.
breast,HTAR,https://erichuang777777.github.io/TW-Breast-Cancer-FHIR-IG/CodeSystem/tcr-breast-htar,https://erichuang777777.github.io/TW-Breast-Cancer-FHIR-IG/ValueSet/tcr-breast-htar-vs,25,原發腫瘤(T)＋廣泛淋巴區域(mini-mantle/mantle/inverted-Y 或全身淋巴照射；限何杰金氏及非何杰金氏淋巴癌)＋全身/全骨髓,,,,,not-started,,,,Do not publish as ConceptMap until reviewed.
breast,HTAR,https://erichuang777777.github.io/TW-Breast-Cancer-FHIR-IG/CodeSystem/tcr-breast-htar,https://erichuang777777.github.io/TW-Breast-Cancer-FHIR-IG/ValueSet/tcr-breast-htar-vs,26,區域淋巴結(N)＋廣泛淋巴區域(mini-mantle/mantle/inverted-Y 或全身淋巴照射；限何杰金氏及非何杰金氏淋巴癌)＋全身/全骨髓,,,,,not-started,,,,Do not publish as ConceptMap until reviewed.
breast,HTAR,https://erichuang777777.github.io/TW-Breast-Cancer-FHIR-IG/CodeSystem/tcr-breast-htar,https://erichuang777777.github.io/TW-Breast-Cancer-FHIR-IG/ValueSet/tcr-breast-htar-vs,27,原發腫瘤(T)＋區域淋巴結(N)＋廣泛淋巴區域(mini-mantle/mantle/inverted-Y 或全身淋巴照射；限何杰金氏及非何杰金氏淋巴癌)＋全身/全骨髓,,,,,not-started,,,,Do not publish as ConceptMap until reviewed.
breast,HTAR,https://erichuang777777.github.io/TW-Breast-Cancer-FHIR-IG/CodeSystem/tcr-breast-htar,https://erichuang777777.github.io/TW-Breast-Cancer-FHIR-IG/ValueSet/tcr-breast-htar-vs,28,遠端轉移(M)＋廣泛淋巴區域(mini-mantle/mantle/inverted-Y 或全身淋巴照射；限何杰金氏及非何杰金氏淋巴癌)＋全身/全骨髓,,,,,not-started,,,,Do not publish as ConceptMap until reviewed.
breast,HTAR,https://erichuang777777.github.io/TW-Breast-Cancer-FHIR-IG/CodeSystem/tcr-breast-htar,https://erichuang777777.github.io/TW-Breast-Cancer-FHIR-IG/ValueSet/tcr-breast-htar-vs,29,原發腫瘤(T)＋遠端轉移(M)＋廣泛淋巴區域(mini-mantle/mantle/inverted-Y 或全身淋巴照射；限何杰金氏及非何杰金氏淋巴癌)＋全身/全骨髓,,,,,not-started,,,,Do not publish as ConceptMap until reviewed.
breast,HTAR,https://erichuang777777.github.io/TW-Breast-Cancer-FHIR-IG/CodeSystem/tcr-breast-htar,https://erichuang777777.github.io/TW-Breast-Cancer-FHIR-IG/ValueSet/tcr-breast-htar-vs,30,區域淋巴結(N)＋遠端轉移(M)＋廣泛淋巴區域(mini-mantle/mantle/inverted-Y 或全身淋巴照射；限何杰金氏及非何杰金氏淋巴癌)＋全身/全骨髓,,,,,not-started,,,,Do not publish as ConceptMap until reviewed.
breast,HTAR,https://erichuang777777.github.io/TW-Breast-Cancer-FHIR-IG/CodeSystem/tcr-breast-htar,https://erichuang777777.github.io/TW-Breast-Cancer-FHIR-IG/ValueSet/tcr-breast-htar-vs,31,原發腫瘤(T)＋區域淋巴結(N)＋遠端轉移(M)＋廣泛淋巴區域(mini-mantle/mantle/inverted-Y 或全身淋巴照射；限何杰金氏及非何杰金氏淋巴癌)＋全身/全骨髓,,,,,not-started,,,,Do not publish as ConceptMap until reviewed.
breast,HTAR,https://erichuang777777.github.io/TW-Breast-Cancer-FHIR-IG/CodeSystem/tcr-breast-htar,https://erichuang777777.github.io/TW-Breast-Cancer-FHIR-IG/ValueSet/tcr-breast-htar-vs,32,全皮膚(限卡波西氏肉瘤、原發表皮淋巴癌或其他需全身皮膚電子射線放射治療者),,,,,not-started,,,,Do not publish as ConceptMap until reviewed.
breast,HTAR,https://erichuang777777.github.io/TW-Breast-Cancer-FHIR-IG/CodeSystem/tcr-breast-htar,https://erichuang777777.github.io/TW-Breast-Cancer-FHIR-IG/ValueSet/tcr-breast-htar-vs,33,原發腫瘤(T)＋全皮膚(限卡波西氏肉瘤、原發表皮淋巴癌或其他需全身皮膚電子射線放射治療者),,,,,not-started,,,,Do not publish as ConceptMap until reviewed.
breast,HTAR,https://erichuang777777.github.io/TW-Breast-Cancer-FHIR-IG/CodeSystem/tcr-breast-htar,https://erichuang777777.github.io/TW-Breast-Cancer-FHIR-IG/ValueSet/tcr-breast-htar-vs,34,區域淋巴結(N)＋全皮膚(限卡波西氏肉瘤、原發表皮淋巴癌或其他需全身皮膚電子射線放射治療者),,,,,not-started,,,,Do not publish as ConceptMap until reviewed.
breast,HTAR,https://erichuang777777.github.io/TW-Breast-Cancer-FHIR-IG/CodeSystem/tcr-breast-htar,https://erichuang777777.github.io/TW-Breast-Cancer-FHIR-IG/ValueSet/tcr-breast-htar-vs,35,原發腫瘤(T)＋區域淋巴結(N)＋全皮膚(限卡波西氏肉瘤、原發表皮淋巴癌或其他需全身皮膚電子射線放射治療者),,,,,not-started,,,,Do not publish as ConceptMap until reviewed.
breast,HTAR,https://erichuang777777.github.io/TW-Breast-Cancer-FHIR-IG/CodeSystem/tcr-breast-htar,https://erichuang777777.github.io/TW-Breast-Cancer-FHIR-IG/ValueSet/tcr-breast-htar-vs,36,遠端轉移(M)＋全皮膚(限卡波西氏肉瘤、原發表皮淋巴癌或其他需全身皮膚電子射線放射治療者),,,,,not-started,,,,Do not publish as ConceptMap until reviewed.
breast,HTAR,https://erichuang777777.github.io/TW-Breast-Cancer-FHIR-IG/CodeSystem/tcr-breast-htar,https://erichuang777777.github.io/TW-Breast-Cancer-FHIR-IG/ValueSet/tcr-breast-htar-vs,37,原發腫瘤(T)＋遠端轉移(M)＋全皮膚(限卡波西氏肉瘤、原發表皮淋巴癌或其他需全身皮膚電子射線放射治療者),,,,,not-started,,,,Do not publish as ConceptMap until reviewed.
breast,HTAR,https://erichuang777777.github.io/TW-Breast-Cancer-FHIR-IG/CodeSystem/tcr-breast-htar,https://erichuang777777.github.io/TW-Breast-Cancer-FHIR-IG/ValueSet/tcr-breast-htar-vs,38,區域淋巴結(N)＋遠端轉移(M)＋全皮膚(限卡波西氏肉瘤、原發表皮淋巴癌或其他需全身皮膚電子射線放射治療者),,,,,not-started,,,,Do not publish as ConceptMap until reviewed.
breast,HTAR,https://erichuang777777.github.io/TW-Breast-Cancer-FHIR-IG/CodeSystem/tcr-breast-htar,https://erichuang777777.github.io/TW-Breast-Cancer-FHIR-IG/ValueSet/tcr-breast-htar-vs,39,原發腫瘤(T)＋區域淋巴結(N)＋遠端轉移(M)＋全皮膚(限卡波西氏肉瘤、原發表皮淋巴癌或其他需全身皮膚電子射線放射治療者),,,,,not-started,,,,Do not publish as ConceptMap until reviewed.
breast,HTAR,https://erichuang777777.github.io/TW-Breast-Cancer-FHIR-IG/CodeSystem/tcr-breast-htar,https://erichuang777777.github.io/TW-Breast-Cancer-FHIR-IG/ValueSet/tcr-breast-htar-vs,40,廣泛淋巴區域(mini-mantle/mantle/inverted-Y 或全身淋巴照射；限何杰金氏及非何杰金氏淋巴癌)＋全皮膚(限卡波西氏肉瘤、原發表皮淋巴癌或其他需全身皮膚電子射線放射治療者),,,,,not-started,,,,Do not publish as ConceptMap until reviewed.
breast,HTAR,https://erichuang777777.github.io/TW-Breast-Cancer-FHIR-IG/CodeSystem/tcr-breast-htar,https://erichuang777777.github.io/TW-Breast-Cancer-FHIR-IG/ValueSet/tcr-breast-htar-vs,41,原發腫瘤(T)＋廣泛淋巴區域(mini-mantle/mantle/inverted-Y 或全身淋巴照射；限何杰金氏及非何杰金氏淋巴癌)＋全皮膚(限卡波西氏肉瘤、原發表皮淋巴癌或其他需全身皮膚電子射線放射治療者),,,,,not-started,,,,Do not publish as ConceptMap until reviewed.
breast,HTAR,https://erichuang777777.github.io/TW-Breast-Cancer-FHIR-IG/CodeSystem/tcr-breast-htar,https://erichuang777777.github.io/TW-Breast-Cancer-FHIR-IG/ValueSet/tcr-breast-htar-vs,42,區域淋巴結(N)＋廣泛淋巴區域(mini-mantle/mantle/inverted-Y 或全身淋巴照射；限何杰金氏及非何杰金氏淋巴癌)＋全皮膚(限卡波西氏肉瘤、原發表皮淋巴癌或其他需全身皮膚電子射線放射治療者),,,,,not-started,,,,Do not publish as ConceptMap until reviewed.
breast,HTAR,https://erichuang777777.github.io/TW-Breast-Cancer-FHIR-IG/CodeSystem/tcr-breast-htar,https://erichuang777777.github.io/TW-Breast-Cancer-FHIR-IG/ValueSet/tcr-breast-htar-vs,43,原發腫瘤(T)＋區域淋巴結(N)＋廣泛淋巴區域(mini-mantle/mantle/inverted-Y 或全身淋巴照射；限何杰金氏及非何杰金氏淋巴癌)＋全皮膚(限卡波西氏肉瘤、原發表皮淋巴癌或其他需全身皮膚電子射線放射治療者),,,,,not-started,,,,Do not publish as ConceptMap until reviewed.
breast,HTAR,https://erichuang777777.github.io/TW-Breast-Cancer-FHIR-IG/CodeSystem/tcr-breast-htar,https://erichuang777777.github.io/TW-Breast-Cancer-FHIR-IG/ValueSet/tcr-breast-htar-vs,44,遠端轉移(M)＋廣泛淋巴區域(mini-mantle/mantle/inverted-Y 或全身淋巴照射；限何杰金氏及非何杰金氏淋巴癌)＋全皮膚(限卡波西氏肉瘤、原發表皮淋巴癌或其他需全身皮膚電子射線放射治療者),,,,,not-started,,,,Do not publish as ConceptMap until reviewed.
breast,HTAR,https://erichuang777777.github.io/TW-Breast-Cancer-FHIR-IG/CodeSystem/tcr-breast-htar,https://erichuang777777.github.io/TW-Breast-Cancer-FHIR-IG/ValueSet/tcr-breast-htar-vs,45,原發腫瘤(T)＋遠端轉移(M)＋廣泛淋巴區域(mini-mantle/mantle/inverted-Y 或全身淋巴照射；限何杰金氏及非何杰金氏淋巴癌)＋全皮膚(限卡波西氏肉瘤、原發表皮淋巴癌或其他需全身皮膚電子射線放射治療者),,,,,not-started,,,,Do not publish as ConceptMap until reviewed.
breast,HTAR,https://erichuang777777.github.io/TW-Breast-Cancer-FHIR-IG/CodeSystem/tcr-breast-htar,https://erichuang777777.github.io/TW-Breast-Cancer-FHIR-IG/ValueSet/tcr-breast-htar-vs,46,區域淋巴結(N)＋遠端轉移(M)＋廣泛淋巴區域(mini-mantle/mantle/inverted-Y 或全身淋巴照射；限何杰金氏及非何杰金氏淋巴癌)＋全皮膚(限卡波西氏肉瘤、原發表皮淋巴癌或其他需全身皮膚電子射線放射治療者),,,,,not-started,,,,Do not publish as ConceptMap until reviewed.
breast,HTAR,https://erichuang777777.github.io/TW-Breast-Cancer-FHIR-IG/CodeSystem/tcr-breast-htar,https://erichuang777777.github.io/TW-Breast-Cancer-FHIR-IG/ValueSet/tcr-breast-htar-vs,47,原發腫瘤(T)＋區域淋巴結(N)＋遠端轉移(M)＋廣泛淋巴區域(mini-mantle/mantle/inverted-Y 或全身淋巴照射；限何杰金氏及非何杰金氏淋巴癌)＋全皮膚(限卡波西氏肉瘤、原發表皮淋巴癌或其他需全身皮膚電子射線放射治療者),,,,,not-started,,,,Do not publish as ConceptMap until reviewed.
breast,HTAR,https://erichuang777777.github.io/TW-Breast-Cancer-FHIR-IG/CodeSystem/tcr-breast-htar,https://erichuang777777.github.io/TW-Breast-Cancer-FHIR-IG/ValueSet/tcr-breast-htar-vs,48,全身/全骨髓＋全皮膚(限卡波西氏肉瘤、原發表皮淋巴癌或其他需全身皮膚電子射線放射治療者),,,,,not-started,,,,Do not publish as ConceptMap until reviewed.
breast,HTAR,https://erichuang777777.github.io/TW-Breast-Cancer-FHIR-IG/CodeSystem/tcr-breast-htar,https://erichuang777777.github.io/TW-Breast-Cancer-FHIR-IG/ValueSet/tcr-breast-htar-vs,49,原發腫瘤(T)＋全身/全骨髓＋全皮膚(限卡波西氏肉瘤、原發表皮淋巴癌或其他需全身皮膚電子射線放射治療者),,,,,not-started,,,,Do not publish as ConceptMap until reviewed.
breast,HTAR,https://erichuang777777.github.io/TW-Breast-Cancer-FHIR-IG/CodeSystem/tcr-breast-htar,https://erichuang777777.github.io/TW-Breast-Cancer-FHIR-IG/ValueSet/tcr-breast-htar-vs,50,區域淋巴結(N)＋全身/全骨髓＋全皮膚(限卡波西氏肉瘤、原發表皮淋巴癌或其他需全身皮膚電子射線放射治療者),,,,,not-started,,,,Do not publish as ConceptMap until reviewed.
breast,HTAR,https://erichuang777777.github.io/TW-Breast-Cancer-FHIR-IG/CodeSystem/tcr-breast-htar,https://erichuang777777.github.io/TW-Breast-Cancer-FHIR-IG/ValueSet/tcr-breast-htar-vs,51,原發腫瘤(T)＋區域淋巴結(N)＋全身/全骨髓＋全皮膚(限卡波西氏肉瘤、原發表皮淋巴癌或其他需全身皮膚電子射線放射治療者),,,,,not-started,,,,Do not publish as ConceptMap until reviewed.
breast,HTAR,https://erichuang777777.github.io/TW-Breast-Cancer-FHIR-IG/CodeSystem/tcr-breast-htar,https://erichuang777777.github.io/TW-Breast-Cancer-FHIR-IG/ValueSet/tcr-breast-htar-vs,52,遠端轉移(M)＋全身/全骨髓＋全皮膚(限卡波西氏肉瘤、原發表皮淋巴癌或其他需全身皮膚電子射線放射治療者),,,,,not-started,,,,Do not publish as ConceptMap until reviewed.
breast,HTAR,https://erichuang777777.github.io/TW-Breast-Cancer-FHIR-IG/CodeSystem/tcr-breast-htar,https://erichuang777777.github.io/TW-Breast-Cancer-FHIR-IG/ValueSet/tcr-breast-htar-vs,53,原發腫瘤(T)＋遠端轉移(M)＋全身/全骨髓＋全皮膚(限卡波西氏肉瘤、原發表皮淋巴癌或其他需全身皮膚電子射線放射治療者),,,,,not-started,,,,Do not publish as ConceptMap until reviewed.
breast,HTAR,https://erichuang777777.github.io/TW-Breast-Cancer-FHIR-IG/CodeSystem/tcr-breast-htar,https://erichuang777777.github.io/TW-Breast-Cancer-FHIR-IG/ValueSet/tcr-breast-htar-vs,54,區域淋巴結(N)＋遠端轉移(M)＋全身/全骨髓＋全皮膚(限卡波西氏肉瘤、原發表皮淋巴癌或其他需全身皮膚電子射線放射治療者),,,,,not-started,,,,Do not publish as ConceptMap until reviewed.
breast,HTAR,https://erichuang777777.github.io/TW-Breast-Cancer-FHIR-IG/CodeSystem/tcr-breast-htar,https://erichuang777777.github.io/TW-Breast-Cancer-FHIR-IG/ValueSet/tcr-breast-htar-vs,55,原發腫瘤(T)＋區域淋巴結(N)＋遠端轉移(M)＋全身/全骨髓＋全皮膚(限卡波西氏肉瘤、原發表皮淋巴癌或其他需全身皮膚電子射線放射治療者),,,,,not-started,,,,Do not publish as ConceptMap until reviewed.
breast,HTAR,https://erichuang777777.github.io/TW-Breast-Cancer-FHIR-IG/CodeSystem/tcr-breast-htar,https://erichuang777777.github.io/TW-Breast-Cancer-FHIR-IG/ValueSet/tcr-breast-htar-vs,56,廣泛淋巴區域(mini-mantle/mantle/inverted-Y 或全身淋巴照射；限何杰金氏及非何杰金氏淋巴癌)＋全身/全骨髓＋全皮膚(限卡波西氏肉瘤、原發表皮淋巴癌或其他需全身皮膚電子射線放射治療者),,,,,not-started,,,,Do not publish as ConceptMap until reviewed.
breast,HTAR,https://erichuang777777.github.io/TW-Breast-Cancer-FHIR-IG/CodeSystem/tcr-breast-htar,https://erichuang777777.github.io/TW-Breast-Cancer-FHIR-IG/ValueSet/tcr-breast-htar-vs,57,原發腫瘤(T)＋廣泛淋巴區域(mini-mantle/mantle/inverted-Y 或全身淋巴照射；限何杰金氏及非何杰金氏淋巴癌)＋全身/全骨髓＋全皮膚(限卡波西氏肉瘤、原發表皮淋巴癌或其他需全身皮膚電子射線放射治療者),,,,,not-started,,,,Do not publish as ConceptMap until reviewed.
breast,HTAR,https://erichuang777777.github.io/TW-Breast-Cancer-FHIR-IG/CodeSystem/tcr-breast-htar,https://erichuang777777.github.io/TW-Breast-Cancer-FHIR-IG/ValueSet/tcr-breast-htar-vs,58,區域淋巴結(N)＋廣泛淋巴區域(mini-mantle/mantle/inverted-Y 或全身淋巴照射；限何杰金氏及非何杰金氏淋巴癌)＋全身/全骨髓＋全皮膚(限卡波西氏肉瘤、原發表皮淋巴癌或其他需全身皮膚電子射線放射治療者),,,,,not-started,,,,Do not publish as ConceptMap until reviewed.
breast,HTAR,https://erichuang777777.github.io/TW-Breast-Cancer-FHIR-IG/CodeSystem/tcr-breast-htar,https://erichuang777777.github.io/TW-Breast-Cancer-FHIR-IG/ValueSet/tcr-breast-htar-vs,59,原發腫瘤(T)＋區域淋巴結(N)＋廣泛淋巴區域(mini-mantle/mantle/inverted-Y 或全身淋巴照射；限何杰金氏及非何杰金氏淋巴癌)＋全身/全骨髓＋全皮膚(限卡波西氏肉瘤、原發表皮淋巴癌或其他需全身皮膚電子射線放射治療者),,,,,not-started,,,,Do not publish as ConceptMap until reviewed.
breast,HTAR,https://erichuang777777.github.io/TW-Breast-Cancer-FHIR-IG/CodeSystem/tcr-breast-htar,https://erichuang777777.github.io/TW-Breast-Cancer-FHIR-IG/ValueSet/tcr-breast-htar-vs,60,遠端轉移(M)＋廣泛淋巴區域(mini-mantle/mantle/inverted-Y 或全身淋巴照射；限何杰金氏及非何杰金氏淋巴癌)＋全身/全骨髓＋全皮膚(限卡波西氏肉瘤、原發表皮淋巴癌或其他需全身皮膚電子射線放射治療者),,,,,not-started,,,,Do not publish as ConceptMap until reviewed.
breast,HTAR,https://erichuang777777.github.io/TW-Breast-Cancer-FHIR-IG/CodeSystem/tcr-breast-htar,https://erichuang777777.github.io/TW-Breast-Cancer-FHIR-IG/ValueSet/tcr-breast-htar-vs,61,原發腫瘤(T)＋遠端轉移(M)＋廣泛淋巴區域(mini-mantle/mantle/inverted-Y 或全身淋巴照射；限何杰金氏及非何杰金氏淋巴癌)＋全身/全骨髓＋全皮膚(限卡波西氏肉瘤、原發表皮淋巴癌或其他需全身皮膚電子射線放射治療者),,,,,not-started,,,,Do not publish as ConceptMap until reviewed.
breast,HTAR,https://erichuang777777.github.io/TW-Breast-Cancer-FHIR-IG/CodeSystem/tcr-breast-htar,https://erichuang777777.github.io/TW-Breast-Cancer-FHIR-IG/ValueSet/tcr-breast-htar-vs,62,區域淋巴結(N)＋遠端轉移(M)＋廣泛淋巴區域(mini-mantle/mantle/inverted-Y 或全身淋巴照射；限何杰金氏及非何杰金氏淋巴癌)＋全身/全骨髓＋全皮膚(限卡波西氏肉瘤、原發表皮淋巴癌或其他需全身皮膚電子射線放射治療者),,,,,not-started,,,,Do not publish as ConceptMap until reviewed.
breast,HTAR,https://erichuang777777.github.io/TW-Breast-Cancer-FHIR-IG/CodeSystem/tcr-breast-htar,https://erichuang777777.github.io/TW-Breast-Cancer-FHIR-IG/ValueSet/tcr-breast-htar-vs,63,原發腫瘤(T)＋區域淋巴結(N)＋遠端轉移(M)＋廣泛淋巴區域(mini-mantle/mantle/inverted-Y 或全身淋巴照射；限何杰金氏及非何杰金氏淋巴癌)＋全身/全骨髓＋全皮膚(限卡波西氏肉瘤、原發表皮淋巴癌或其他需全身皮膚電子射線放射治療者),,,,,not-started,,,,Do not publish as ConceptMap until reviewed.
breast,LTAR,https://erichuang777777.github.io/TW-Breast-Cancer-FHIR-IG/CodeSystem/tcr-breast-ltar,https://erichuang777777.github.io/TW-Breast-Cancer-FHIR-IG/ValueSet/tcr-breast-ltar-vs,-1,個案有接受放射治療，但放射範圍未明示；或放射治療是單純內分泌處置。,,,,,not-started,,,,Do not publish as ConceptMap until reviewed.
breast,LTAR,https://erichuang777777.github.io/TW-Breast-Cancer-FHIR-IG/CodeSystem/tcr-breast-ltar,https://erichuang777777.github.io/TW-Breast-Cancer-FHIR-IG/ValueSet/tcr-breast-ltar-vs,-9,不知道個案是否有接受體外放射治療。,,,,,not-started,,,,Do not publish as ConceptMap until reviewed.
breast,LTAR,https://erichuang777777.github.io/TW-Breast-Cancer-FHIR-IG/CodeSystem/tcr-breast-ltar,https://erichuang777777.github.io/TW-Breast-Cancer-FHIR-IG/ValueSet/tcr-breast-ltar-vs,00,個案未接受體外放射治療，或是有體外放射治療但沒有 CTV。,,,,,not-started,,,,Do not publish as ConceptMap until reviewed.
breast,LTAR,https://erichuang777777.github.io/TW-Breast-Cancer-FHIR-IG/CodeSystem/tcr-breast-ltar,https://erichuang777777.github.io/TW-Breast-Cancer-FHIR-IG/ValueSet/tcr-breast-ltar-vs,01,原發腫瘤(T),,,,,not-started,,,,Do not publish as ConceptMap until reviewed.
breast,LTAR,https://erichuang777777.github.io/TW-Breast-Cancer-FHIR-IG/CodeSystem/tcr-breast-ltar,https://erichuang777777.github.io/TW-Breast-Cancer-FHIR-IG/ValueSet/tcr-breast-ltar-vs,02,區域淋巴結(N),,,,,not-started,,,,Do not publish as ConceptMap until reviewed.
breast,LTAR,https://erichuang777777.github.io/TW-Breast-Cancer-FHIR-IG/CodeSystem/tcr-breast-ltar,https://erichuang777777.github.io/TW-Breast-Cancer-FHIR-IG/ValueSet/tcr-breast-ltar-vs,03,原發腫瘤(T)＋區域淋巴結(N),,,,,not-started,,,,Do not publish as ConceptMap until reviewed.
breast,LTAR,https://erichuang777777.github.io/TW-Breast-Cancer-FHIR-IG/CodeSystem/tcr-breast-ltar,https://erichuang777777.github.io/TW-Breast-Cancer-FHIR-IG/ValueSet/tcr-breast-ltar-vs,04,遠端轉移(M),,,,,not-started,,,,Do not publish as ConceptMap until reviewed.
breast,LTAR,https://erichuang777777.github.io/TW-Breast-Cancer-FHIR-IG/CodeSystem/tcr-breast-ltar,https://erichuang777777.github.io/TW-Breast-Cancer-FHIR-IG/ValueSet/tcr-breast-ltar-vs,05,原發腫瘤(T)＋遠端轉移(M),,,,,not-started,,,,Do not publish as ConceptMap until reviewed.
breast,LTAR,https://erichuang777777.github.io/TW-Breast-Cancer-FHIR-IG/CodeSystem/tcr-breast-ltar,https://erichuang777777.github.io/TW-Breast-Cancer-FHIR-IG/ValueSet/tcr-breast-ltar-vs,06,區域淋巴結(N)＋遠端轉移(M),,,,,not-started,,,,Do not publish as ConceptMap until reviewed.
breast,LTAR,https://erichuang777777.github.io/TW-Breast-Cancer-FHIR-IG/CodeSystem/tcr-breast-ltar,https://erichuang777777.github.io/TW-Breast-Cancer-FHIR-IG/ValueSet/tcr-breast-ltar-vs,07,原發腫瘤(T)＋區域淋巴結(N)＋遠端轉移(M),,,,,not-started,,,,Do not publish as ConceptMap until reviewed.
breast,LTAR,https://erichuang777777.github.io/TW-Breast-Cancer-FHIR-IG/CodeSystem/tcr-breast-ltar,https://erichuang777777.github.io/TW-Breast-Cancer-FHIR-IG/ValueSet/tcr-breast-ltar-vs,08,廣泛淋巴區域(mini-mantle/mantle/inverted-Y 或全身淋巴照射；限何杰金氏及非何杰金氏淋巴癌),,,,,not-started,,,,Do not publish as ConceptMap until reviewed.
breast,LTAR,https://erichuang777777.github.io/TW-Breast-Cancer-FHIR-IG/CodeSystem/tcr-breast-ltar,https://erichuang777777.github.io/TW-Breast-Cancer-FHIR-IG/ValueSet/tcr-breast-ltar-vs,09,原發腫瘤(T)＋廣泛淋巴區域(mini-mantle/mantle/inverted-Y 或全身淋巴照射；限何杰金氏及非何杰金氏淋巴癌),,,,,not-started,,,,Do not publish as ConceptMap until reviewed.
breast,LTAR,https://erichuang777777.github.io/TW-Breast-Cancer-FHIR-IG/CodeSystem/tcr-breast-ltar,https://erichuang777777.github.io/TW-Breast-Cancer-FHIR-IG/ValueSet/tcr-breast-ltar-vs,10,區域淋巴結(N)＋廣泛淋巴區域(mini-mantle/mantle/inverted-Y 或全身淋巴照射；限何杰金氏及非何杰金氏淋巴癌),,,,,not-started,,,,Do not publish as ConceptMap until reviewed.
breast,LTAR,https://erichuang777777.github.io/TW-Breast-Cancer-FHIR-IG/CodeSystem/tcr-breast-ltar,https://erichuang777777.github.io/TW-Breast-Cancer-FHIR-IG/ValueSet/tcr-breast-ltar-vs,11,原發腫瘤(T)＋區域淋巴結(N)＋廣泛淋巴區域(mini-mantle/mantle/inverted-Y 或全身淋巴照射；限何杰金氏及非何杰金氏淋巴癌),,,,,not-started,,,,Do not publish as ConceptMap until reviewed.
breast,LTAR,https://erichuang777777.github.io/TW-Breast-Cancer-FHIR-IG/CodeSystem/tcr-breast-ltar,https://erichuang777777.github.io/TW-Breast-Cancer-FHIR-IG/ValueSet/tcr-breast-ltar-vs,12,遠端轉移(M)＋廣泛淋巴區域(mini-mantle/mantle/inverted-Y 或全身淋巴照射；限何杰金氏及非何杰金氏淋巴癌),,,,,not-started,,,,Do not publish as ConceptMap until reviewed.
breast,LTAR,https://erichuang777777.github.io/TW-Breast-Cancer-FHIR-IG/CodeSystem/tcr-breast-ltar,https://erichuang777777.github.io/TW-Breast-Cancer-FHIR-IG/ValueSet/tcr-breast-ltar-vs,13,原發腫瘤(T)＋遠端轉移(M)＋廣泛淋巴區域(mini-mantle/mantle/inverted-Y 或全身淋巴照射；限何杰金氏及非何杰金氏淋巴癌),,,,,not-started,,,,Do not publish as ConceptMap until reviewed.
breast,LTAR,https://erichuang777777.github.io/TW-Breast-Cancer-FHIR-IG/CodeSystem/tcr-breast-ltar,https://erichuang777777.github.io/TW-Breast-Cancer-FHIR-IG/ValueSet/tcr-breast-ltar-vs,14,區域淋巴結(N)＋遠端轉移(M)＋廣泛淋巴區域(mini-mantle/mantle/inverted-Y 或全身淋巴照射；限何杰金氏及非何杰金氏淋巴癌),,,,,not-started,,,,Do not publish as ConceptMap until reviewed.
breast,LTAR,https://erichuang777777.github.io/TW-Breast-Cancer-FHIR-IG/CodeSystem/tcr-breast-ltar,https://erichuang777777.github.io/TW-Breast-Cancer-FHIR-IG/ValueSet/tcr-breast-ltar-vs,15,原發腫瘤(T)＋區域淋巴結(N)＋遠端轉移(M)＋廣泛淋巴區域(mini-mantle/mantle/inverted-Y 或全身淋巴照射；限何杰金氏及非何杰金氏淋巴癌),,,,,not-started,,,,Do not publish as ConceptMap until reviewed.
breast,LTAR,https://erichuang777777.github.io/TW-Breast-Cancer-FHIR-IG/CodeSystem/tcr-breast-ltar,https://erichuang777777.github.io/TW-Breast-Cancer-FHIR-IG/ValueSet/tcr-breast-ltar-vs,16,全身/全骨髓,,,,,not-started,,,,Do not publish as ConceptMap until reviewed.
breast,LTAR,https://erichuang777777.github.io/TW-Breast-Cancer-FHIR-IG/CodeSystem/tcr-breast-ltar,https://erichuang777777.github.io/TW-Breast-Cancer-FHIR-IG/ValueSet/tcr-breast-ltar-vs,17,原發腫瘤(T)＋全身/全骨髓,,,,,not-started,,,,Do not publish as ConceptMap until reviewed.
breast,LTAR,https://erichuang777777.github.io/TW-Breast-Cancer-FHIR-IG/CodeSystem/tcr-breast-ltar,https://erichuang777777.github.io/TW-Breast-Cancer-FHIR-IG/ValueSet/tcr-breast-ltar-vs,18,區域淋巴結(N)＋全身/全骨髓,,,,,not-started,,,,Do not publish as ConceptMap until reviewed.
breast,LTAR,https://erichuang777777.github.io/TW-Breast-Cancer-FHIR-IG/CodeSystem/tcr-breast-ltar,https://erichuang777777.github.io/TW-Breast-Cancer-FHIR-IG/ValueSet/tcr-breast-ltar-vs,19,原發腫瘤(T)＋區域淋巴結(N)＋全身/全骨髓,,,,,not-started,,,,Do not publish as ConceptMap until reviewed.
breast,LTAR,https://erichuang777777.github.io/TW-Breast-Cancer-FHIR-IG/CodeSystem/tcr-breast-ltar,https://erichuang777777.github.io/TW-Breast-Cancer-FHIR-IG/ValueSet/tcr-breast-ltar-vs,20,遠端轉移(M)＋全身/全骨髓,,,,,not-started,,,,Do not publish as ConceptMap until reviewed.
breast,LTAR,https://erichuang777777.github.io/TW-Breast-Cancer-FHIR-IG/CodeSystem/tcr-breast-ltar,https://erichuang777777.github.io/TW-Breast-Cancer-FHIR-IG/ValueSet/tcr-breast-ltar-vs,21,原發腫瘤(T)＋遠端轉移(M)＋全身/全骨髓,,,,,not-started,,,,Do not publish as ConceptMap until reviewed.
breast,LTAR,https://erichuang777777.github.io/TW-Breast-Cancer-FHIR-IG/CodeSystem/tcr-breast-ltar,https://erichuang777777.github.io/TW-Breast-Cancer-FHIR-IG/ValueSet/tcr-breast-ltar-vs,22,區域淋巴結(N)＋遠端轉移(M)＋全身/全骨髓,,,,,not-started,,,,Do not publish as ConceptMap until reviewed.
breast,LTAR,https://erichuang777777.github.io/TW-Breast-Cancer-FHIR-IG/CodeSystem/tcr-breast-ltar,https://erichuang777777.github.io/TW-Breast-Cancer-FHIR-IG/ValueSet/tcr-breast-ltar-vs,23,原發腫瘤(T)＋區域淋巴結(N)＋遠端轉移(M)＋全身/全骨髓,,,,,not-started,,,,Do not publish as ConceptMap until reviewed.
breast,LTAR,https://erichuang777777.github.io/TW-Breast-Cancer-FHIR-IG/CodeSystem/tcr-breast-ltar,https://erichuang777777.github.io/TW-Breast-Cancer-FHIR-IG/ValueSet/tcr-breast-ltar-vs,24,廣泛淋巴區域(mini-mantle/mantle/inverted-Y 或全身淋巴照射；限何杰金氏及非何杰金氏淋巴癌)＋全身/全骨髓,,,,,not-started,,,,Do not publish as ConceptMap until reviewed.
breast,LTAR,https://erichuang777777.github.io/TW-Breast-Cancer-FHIR-IG/CodeSystem/tcr-breast-ltar,https://erichuang777777.github.io/TW-Breast-Cancer-FHIR-IG/ValueSet/tcr-breast-ltar-vs,25,原發腫瘤(T)＋廣泛淋巴區域(mini-mantle/mantle/inverted-Y 或全身淋巴照射；限何杰金氏及非何杰金氏淋巴癌)＋全身/全骨髓,,,,,not-started,,,,Do not publish as ConceptMap until reviewed.
breast,LTAR,https://erichuang777777.github.io/TW-Breast-Cancer-FHIR-IG/CodeSystem/tcr-breast-ltar,https://erichuang777777.github.io/TW-Breast-Cancer-FHIR-IG/ValueSet/tcr-breast-ltar-vs,26,區域淋巴結(N)＋廣泛淋巴區域(mini-mantle/mantle/inverted-Y 或全身淋巴照射；限何杰金氏及非何杰金氏淋巴癌)＋全身/全骨髓,,,,,not-started,,,,Do not publish as ConceptMap until reviewed.
breast,LTAR,https://erichuang777777.github.io/TW-Breast-Cancer-FHIR-IG/CodeSystem/tcr-breast-ltar,https://erichuang777777.github.io/TW-Breast-Cancer-FHIR-IG/ValueSet/tcr-breast-ltar-vs,27,原發腫瘤(T)＋區域淋巴結(N)＋廣泛淋巴區域(mini-mantle/mantle/inverted-Y 或全身淋巴照射；限何杰金氏及非何杰金氏淋巴癌)＋全身/全骨髓,,,,,not-started,,,,Do not publish as ConceptMap until reviewed.
breast,LTAR,https://erichuang777777.github.io/TW-Breast-Cancer-FHIR-IG/CodeSystem/tcr-breast-ltar,https://erichuang777777.github.io/TW-Breast-Cancer-FHIR-IG/ValueSet/tcr-breast-ltar-vs,28,遠端轉移(M)＋廣泛淋巴區域(mini-mantle/mantle/inverted-Y 或全身淋巴照射；限何杰金氏及非何杰金氏淋巴癌)＋全身/全骨髓,,,,,not-started,,,,Do not publish as ConceptMap until reviewed.
breast,LTAR,https://erichuang777777.github.io/TW-Breast-Cancer-FHIR-IG/CodeSystem/tcr-breast-ltar,https://erichuang777777.github.io/TW-Breast-Cancer-FHIR-IG/ValueSet/tcr-breast-ltar-vs,29,原發腫瘤(T)＋遠端轉移(M)＋廣泛淋巴區域(mini-mantle/mantle/inverted-Y 或全身淋巴照射；限何杰金氏及非何杰金氏淋巴癌)＋全身/全骨髓,,,,,not-started,,,,Do not publish as ConceptMap until reviewed.
breast,LTAR,https://erichuang777777.github.io/TW-Breast-Cancer-FHIR-IG/CodeSystem/tcr-breast-ltar,https://erichuang777777.github.io/TW-Breast-Cancer-FHIR-IG/ValueSet/tcr-breast-ltar-vs,30,區域淋巴結(N)＋遠端轉移(M)＋廣泛淋巴區域(mini-mantle/mantle/inverted-Y 或全身淋巴照射；限何杰金氏及非何杰金氏淋巴癌)＋全身/全骨髓,,,,,not-started,,,,Do not publish as ConceptMap until reviewed.
breast,LTAR,https://erichuang777777.github.io/TW-Breast-Cancer-FHIR-IG/CodeSystem/tcr-breast-ltar,https://erichuang777777.github.io/TW-Breast-Cancer-FHIR-IG/ValueSet/tcr-breast-ltar-vs,31,原發腫瘤(T)＋區域淋巴結(N)＋遠端轉移(M)＋廣泛淋巴區域(mini-mantle/mantle/inverted-Y 或全身淋巴照射；限何杰金氏及非何杰金氏淋巴癌)＋全身/全骨髓,,,,,not-started,,,,Do not publish as ConceptMap until reviewed.
breast,LTAR,https://erichuang777777.github.io/TW-Breast-Cancer-FHIR-IG/CodeSystem/tcr-breast-ltar,https://erichuang777777.github.io/TW-Breast-Cancer-FHIR-IG/ValueSet/tcr-breast-ltar-vs,32,全皮膚(限卡波西氏肉瘤、原發表皮淋巴癌或其他需全身皮膚電子射線放射治療者),,,,,not-started,,,,Do not publish as ConceptMap until reviewed.
breast,LTAR,https://erichuang777777.github.io/TW-Breast-Cancer-FHIR-IG/CodeSystem/tcr-breast-ltar,https://erichuang777777.github.io/TW-Breast-Cancer-FHIR-IG/ValueSet/tcr-breast-ltar-vs,33,原發腫瘤(T)＋全皮膚(限卡波西氏肉瘤、原發表皮淋巴癌或其他需全身皮膚電子射線放射治療者),,,,,not-started,,,,Do not publish as ConceptMap until reviewed.
breast,LTAR,https://erichuang777777.github.io/TW-Breast-Cancer-FHIR-IG/CodeSystem/tcr-breast-ltar,https://erichuang777777.github.io/TW-Breast-Cancer-FHIR-IG/ValueSet/tcr-breast-ltar-vs,34,區域淋巴結(N)＋全皮膚(限卡波西氏肉瘤、原發表皮淋巴癌或其他需全身皮膚電子射線放射治療者),,,,,not-started,,,,Do not publish as ConceptMap until reviewed.
breast,LTAR,https://erichuang777777.github.io/TW-Breast-Cancer-FHIR-IG/CodeSystem/tcr-breast-ltar,https://erichuang777777.github.io/TW-Breast-Cancer-FHIR-IG/ValueSet/tcr-breast-ltar-vs,35,原發腫瘤(T)＋區域淋巴結(N)＋全皮膚(限卡波西氏肉瘤、原發表皮淋巴癌或其他需全身皮膚電子射線放射治療者),,,,,not-started,,,,Do not publish as ConceptMap until reviewed.
breast,LTAR,https://erichuang777777.github.io/TW-Breast-Cancer-FHIR-IG/CodeSystem/tcr-breast-ltar,https://erichuang777777.github.io/TW-Breast-Cancer-FHIR-IG/ValueSet/tcr-breast-ltar-vs,36,遠端轉移(M)＋全皮膚(限卡波西氏肉瘤、原發表皮淋巴癌或其他需全身皮膚電子射線放射治療者),,,,,not-started,,,,Do not publish as ConceptMap until reviewed.
breast,LTAR,https://erichuang777777.github.io/TW-Breast-Cancer-FHIR-IG/CodeSystem/tcr-breast-ltar,https://erichuang777777.github.io/TW-Breast-Cancer-FHIR-IG/ValueSet/tcr-breast-ltar-vs,37,原發腫瘤(T)＋遠端轉移(M)＋全皮膚(限卡波西氏肉瘤、原發表皮淋巴癌或其他需全身皮膚電子射線放射治療者),,,,,not-started,,,,Do not publish as ConceptMap until reviewed.
breast,LTAR,https://erichuang777777.github.io/TW-Breast-Cancer-FHIR-IG/CodeSystem/tcr-breast-ltar,https://erichuang777777.github.io/TW-Breast-Cancer-FHIR-IG/ValueSet/tcr-breast-ltar-vs,38,區域淋巴結(N)＋遠端轉移(M)＋全皮膚(限卡波西氏肉瘤、原發表皮淋巴癌或其他需全身皮膚電子射線放射治療者),,,,,not-started,,,,Do not publish as ConceptMap until reviewed.
breast,LTAR,https://erichuang777777.github.io/TW-Breast-Cancer-FHIR-IG/CodeSystem/tcr-breast-ltar,https://erichuang777777.github.io/TW-Breast-Cancer-FHIR-IG/ValueSet/tcr-breast-ltar-vs,39,原發腫瘤(T)＋區域淋巴結(N)＋遠端轉移(M)＋全皮膚(限卡波西氏肉瘤、原發表皮淋巴癌或其他需全身皮膚電子射線放射治療者),,,,,not-started,,,,Do not publish as ConceptMap until reviewed.
breast,LTAR,https://erichuang777777.github.io/TW-Breast-Cancer-FHIR-IG/CodeSystem/tcr-breast-ltar,https://erichuang777777.github.io/TW-Breast-Cancer-FHIR-IG/ValueSet/tcr-breast-ltar-vs,40,廣泛淋巴區域(mini-mantle/mantle/inverted-Y 或全身淋巴照射；限何杰金氏及非何杰金氏淋巴癌)＋全皮膚(限卡波西氏肉瘤、原發表皮淋巴癌或其他需全身皮膚電子射線放射治療者),,,,,not-started,,,,Do not publish as ConceptMap until reviewed.
breast,LTAR,https://erichuang777777.github.io/TW-Breast-Cancer-FHIR-IG/CodeSystem/tcr-breast-ltar,https://erichuang777777.github.io/TW-Breast-Cancer-FHIR-IG/ValueSet/tcr-breast-ltar-vs,41,原發腫瘤(T)＋廣泛淋巴區域(mini-mantle/mantle/inverted-Y 或全身淋巴照射；限何杰金氏及非何杰金氏淋巴癌)＋全皮膚(限卡波西氏肉瘤、原發表皮淋巴癌或其他需全身皮膚電子射線放射治療者),,,,,not-started,,,,Do not publish as ConceptMap until reviewed.
breast,LTAR,https://erichuang777777.github.io/TW-Breast-Cancer-FHIR-IG/CodeSystem/tcr-breast-ltar,https://erichuang777777.github.io/TW-Breast-Cancer-FHIR-IG/ValueSet/tcr-breast-ltar-vs,42,區域淋巴結(N)＋廣泛淋巴區域(mini-mantle/mantle/inverted-Y 或全身淋巴照射；限何杰金氏及非何杰金氏淋巴癌)＋全皮膚(限卡波西氏肉瘤、原發表皮淋巴癌或其他需全身皮膚電子射線放射治療者),,,,,not-started,,,,Do not publish as ConceptMap until reviewed.
breast,LTAR,https://erichuang777777.github.io/TW-Breast-Cancer-FHIR-IG/CodeSystem/tcr-breast-ltar,https://erichuang777777.github.io/TW-Breast-Cancer-FHIR-IG/ValueSet/tcr-breast-ltar-vs,43,原發腫瘤(T)＋區域淋巴結(N)＋廣泛淋巴區域(mini-mantle/mantle/inverted-Y 或全身淋巴照射；限何杰金氏及非何杰金氏淋巴癌)＋全皮膚(限卡波西氏肉瘤、原發表皮淋巴癌或其他需全身皮膚電子射線放射治療者),,,,,not-started,,,,Do not publish as ConceptMap until reviewed.
breast,LTAR,https://erichuang777777.github.io/TW-Breast-Cancer-FHIR-IG/CodeSystem/tcr-breast-ltar,https://erichuang777777.github.io/TW-Breast-Cancer-FHIR-IG/ValueSet/tcr-breast-ltar-vs,44,遠端轉移(M)＋廣泛淋巴區域(mini-mantle/mantle/inverted-Y 或全身淋巴照射；限何杰金氏及非何杰金氏淋巴癌)＋全皮膚(限卡波西氏肉瘤、原發表皮淋巴癌或其他需全身皮膚電子射線放射治療者),,,,,not-started,,,,Do not publish as ConceptMap until reviewed.
breast,LTAR,https://erichuang777777.github.io/TW-Breast-Cancer-FHIR-IG/CodeSystem/tcr-breast-ltar,https://erichuang777777.github.io/TW-Breast-Cancer-FHIR-IG/ValueSet/tcr-breast-ltar-vs,45,原發腫瘤(T)＋遠端轉移(M)＋廣泛淋巴區域(mini-mantle/mantle/inverted-Y 或全身淋巴照射；限何杰金氏及非何杰金氏淋巴癌)＋全皮膚(限卡波西氏肉瘤、原發表皮淋巴癌或其他需全身皮膚電子射線放射治療者),,,,,not-started,,,,Do not publish as ConceptMap until reviewed.
breast,LTAR,https://erichuang777777.github.io/TW-Breast-Cancer-FHIR-IG/CodeSystem/tcr-breast-ltar,https://erichuang777777.github.io/TW-Breast-Cancer-FHIR-IG/ValueSet/tcr-breast-ltar-vs,46,區域淋巴結(N)＋遠端轉移(M)＋廣泛淋巴區域(mini-mantle/mantle/inverted-Y 或全身淋巴照射；限何杰金氏及非何杰金氏淋巴癌)＋全皮膚(限卡波西氏肉瘤、原發表皮淋巴癌或其他需全身皮膚電子射線放射治療者),,,,,not-started,,,,Do not publish as ConceptMap until reviewed.
breast,LTAR,https://erichuang777777.github.io/TW-Breast-Cancer-FHIR-IG/CodeSystem/tcr-breast-ltar,https://erichuang777777.github.io/TW-Breast-Cancer-FHIR-IG/ValueSet/tcr-breast-ltar-vs,47,原發腫瘤(T)＋區域淋巴結(N)＋遠端轉移(M)＋廣泛淋巴區域(mini-mantle/mantle/inverted-Y 或全身淋巴照射；限何杰金氏及非何杰金氏淋巴癌)＋全皮膚(限卡波西氏肉瘤、原發表皮淋巴癌或其他需全身皮膚電子射線放射治療者),,,,,not-started,,,,Do not publish as ConceptMap until reviewed.
breast,LTAR,https://erichuang777777.github.io/TW-Breast-Cancer-FHIR-IG/CodeSystem/tcr-breast-ltar,https://erichuang777777.github.io/TW-Breast-Cancer-FHIR-IG/ValueSet/tcr-breast-ltar-vs,48,全身/全骨髓＋全皮膚(限卡波西氏肉瘤、原發表皮淋巴癌或其他需全身皮膚電子射線放射治療者),,,,,not-started,,,,Do not publish as ConceptMap until reviewed.
breast,LTAR,https://erichuang777777.github.io/TW-Breast-Cancer-FHIR-IG/CodeSystem/tcr-breast-ltar,https://erichuang777777.github.io/TW-Breast-Cancer-FHIR-IG/ValueSet/tcr-breast-ltar-vs,49,原發腫瘤(T)＋全身/全骨髓＋全皮膚(限卡波西氏肉瘤、原發表皮淋巴癌或其他需全身皮膚電子射線放射治療者),,,,,not-started,,,,Do not publish as ConceptMap until reviewed.
breast,LTAR,https://erichuang777777.github.io/TW-Breast-Cancer-FHIR-IG/CodeSystem/tcr-breast-ltar,https://erichuang777777.github.io/TW-Breast-Cancer-FHIR-IG/ValueSet/tcr-breast-ltar-vs,50,區域淋巴結(N)＋全身/全骨髓＋全皮膚(限卡波西氏肉瘤、原發表皮淋巴癌或其他需全身皮膚電子射線放射治療者),,,,,not-started,,,,Do not publish as ConceptMap until reviewed.
breast,LTAR,https://erichuang777777.github.io/TW-Breast-Cancer-FHIR-IG/CodeSystem/tcr-breast-ltar,https://erichuang777777.github.io/TW-Breast-Cancer-FHIR-IG/ValueSet/tcr-breast-ltar-vs,51,原發腫瘤(T)＋區域淋巴結(N)＋全身/全骨髓＋全皮膚(限卡波西氏肉瘤、原發表皮淋巴癌或其他需全身皮膚電子射線放射治療者),,,,,not-started,,,,Do not publish as ConceptMap until reviewed.
breast,LTAR,https://erichuang777777.github.io/TW-Breast-Cancer-FHIR-IG/CodeSystem/tcr-breast-ltar,https://erichuang777777.github.io/TW-Breast-Cancer-FHIR-IG/ValueSet/tcr-breast-ltar-vs,52,遠端轉移(M)＋全身/全骨髓＋全皮膚(限卡波西氏肉瘤、原發表皮淋巴癌或其他需全身皮膚電子射線放射治療者),,,,,not-started,,,,Do not publish as ConceptMap until reviewed.
breast,LTAR,https://erichuang777777.github.io/TW-Breast-Cancer-FHIR-IG/CodeSystem/tcr-breast-ltar,https://erichuang777777.github.io/TW-Breast-Cancer-FHIR-IG/ValueSet/tcr-breast-ltar-vs,53,原發腫瘤(T)＋遠端轉移(M)＋全身/全骨髓＋全皮膚(限卡波西氏肉瘤、原發表皮淋巴癌或其他需全身皮膚電子射線放射治療者),,,,,not-started,,,,Do not publish as ConceptMap until reviewed.
breast,LTAR,https://erichuang777777.github.io/TW-Breast-Cancer-FHIR-IG/CodeSystem/tcr-breast-ltar,https://erichuang777777.github.io/TW-Breast-Cancer-FHIR-IG/ValueSet/tcr-breast-ltar-vs,54,區域淋巴結(N)＋遠端轉移(M)＋全身/全骨髓＋全皮膚(限卡波西氏肉瘤、原發表皮淋巴癌或其他需全身皮膚電子射線放射治療者),,,,,not-started,,,,Do not publish as ConceptMap until reviewed.
breast,LTAR,https://erichuang777777.github.io/TW-Breast-Cancer-FHIR-IG/CodeSystem/tcr-breast-ltar,https://erichuang777777.github.io/TW-Breast-Cancer-FHIR-IG/ValueSet/tcr-breast-ltar-vs,55,原發腫瘤(T)＋區域淋巴結(N)＋遠端轉移(M)＋全身/全骨髓＋全皮膚(限卡波西氏肉瘤、原發表皮淋巴癌或其他需全身皮膚電子射線放射治療者),,,,,not-started,,,,Do not publish as ConceptMap until reviewed.
breast,LTAR,https://erichuang777777.github.io/TW-Breast-Cancer-FHIR-IG/CodeSystem/tcr-breast-ltar,https://erichuang777777.github.io/TW-Breast-Cancer-FHIR-IG/ValueSet/tcr-breast-ltar-vs,56,廣泛淋巴區域(mini-mantle/mantle/inverted-Y 或全身淋巴照射；限何杰金氏及非何杰金氏淋巴癌)＋全身/全骨髓＋全皮膚(限卡波西氏肉瘤、原發表皮淋巴癌或其他需全身皮膚電子射線放射治療者),,,,,not-started,,,,Do not publish as ConceptMap until reviewed.
breast,LTAR,https://erichuang777777.github.io/TW-Breast-Cancer-FHIR-IG/CodeSystem/tcr-breast-ltar,https://erichuang777777.github.io/TW-Breast-Cancer-FHIR-IG/ValueSet/tcr-breast-ltar-vs,57,原發腫瘤(T)＋廣泛淋巴區域(mini-mantle/mantle/inverted-Y 或全身淋巴照射；限何杰金氏及非何杰金氏淋巴癌)＋全身/全骨髓＋全皮膚(限卡波西氏肉瘤、原發表皮淋巴癌或其他需全身皮膚電子射線放射治療者),,,,,not-started,,,,Do not publish as ConceptMap until reviewed.
breast,LTAR,https://erichuang777777.github.io/TW-Breast-Cancer-FHIR-IG/CodeSystem/tcr-breast-ltar,https://erichuang777777.github.io/TW-Breast-Cancer-FHIR-IG/ValueSet/tcr-breast-ltar-vs,58,區域淋巴結(N)＋廣泛淋巴區域(mini-mantle/mantle/inverted-Y 或全身淋巴照射；限何杰金氏及非何杰金氏淋巴癌)＋全身/全骨髓＋全皮膚(限卡波西氏肉瘤、原發表皮淋巴癌或其他需全身皮膚電子射線放射治療者),,,,,not-started,,,,Do not publish as ConceptMap until reviewed.
breast,LTAR,https://erichuang777777.github.io/TW-Breast-Cancer-FHIR-IG/CodeSystem/tcr-breast-ltar,https://erichuang777777.github.io/TW-Breast-Cancer-FHIR-IG/ValueSet/tcr-breast-ltar-vs,59,原發腫瘤(T)＋區域淋巴結(N)＋廣泛淋巴區域(mini-mantle/mantle/inverted-Y 或全身淋巴照射；限何杰金氏及非何杰金氏淋巴癌)＋全身/全骨髓＋全皮膚(限卡波西氏肉瘤、原發表皮淋巴癌或其他需全身皮膚電子射線放射治療者),,,,,not-started,,,,Do not publish as ConceptMap until reviewed.
breast,LTAR,https://erichuang777777.github.io/TW-Breast-Cancer-FHIR-IG/CodeSystem/tcr-breast-ltar,https://erichuang777777.github.io/TW-Breast-Cancer-FHIR-IG/ValueSet/tcr-breast-ltar-vs,60,遠端轉移(M)＋廣泛淋巴區域(mini-mantle/mantle/inverted-Y 或全身淋巴照射；限何杰金氏及非何杰金氏淋巴癌)＋全身/全骨髓＋全皮膚(限卡波西氏肉瘤、原發表皮淋巴癌或其他需全身皮膚電子射線放射治療者),,,,,not-started,,,,Do not publish as ConceptMap until reviewed.
breast,LTAR,https://erichuang777777.github.io/TW-Breast-Cancer-FHIR-IG/CodeSystem/tcr-breast-ltar,https://erichuang777777.github.io/TW-Breast-Cancer-FHIR-IG/ValueSet/tcr-breast-ltar-vs,61,原發腫瘤(T)＋遠端轉移(M)＋廣泛淋巴區域(mini-mantle/mantle/inverted-Y 或全身淋巴照射；限何杰金氏及非何杰金氏淋巴癌)＋全身/全骨髓＋全皮膚(限卡波西氏肉瘤、原發表皮淋巴癌或其他需全身皮膚電子射線放射治療者),,,,,not-started,,,,Do not publish as ConceptMap until reviewed.
breast,LTAR,https://erichuang777777.github.io/TW-Breast-Cancer-FHIR-IG/CodeSystem/tcr-breast-ltar,https://erichuang777777.github.io/TW-Breast-Cancer-FHIR-IG/ValueSet/tcr-breast-ltar-vs,62,區域淋巴結(N)＋遠端轉移(M)＋廣泛淋巴區域(mini-mantle/mantle/inverted-Y 或全身淋巴照射；限何杰金氏及非何杰金氏淋巴癌)＋全身/全骨髓＋全皮膚(限卡波西氏肉瘤、原發表皮淋巴癌或其他需全身皮膚電子射線放射治療者),,,,,not-started,,,,Do not publish as ConceptMap until reviewed.
breast,LTAR,https://erichuang777777.github.io/TW-Breast-Cancer-FHIR-IG/CodeSystem/tcr-breast-ltar,https://erichuang777777.github.io/TW-Breast-Cancer-FHIR-IG/ValueSet/tcr-breast-ltar-vs,63,原發腫瘤(T)＋區域淋巴結(N)＋遠端轉移(M)＋廣泛淋巴區域(mini-mantle/mantle/inverted-Y 或全身淋巴照射；限何杰金氏及非何杰金氏淋巴癌)＋全身/全骨髓＋全皮膚(限卡波西氏肉瘤、原發表皮淋巴癌或其他需全身皮膚電子射線放射治療者),,,,,not-started,,,,Do not publish as ConceptMap until reviewed.
breast,SEQRS,https://erichuang777777.github.io/TW-Breast-Cancer-FHIR-IG/CodeSystem/tcr-breast-seqrs,https://erichuang777777.github.io/TW-Breast-Cancer-FHIR-IG/ValueSet/tcr-breast-seqrs-vs,-1,首次癌症療程中有手術也有放射治療，但順序未明。,,,,,not-started,,,,Do not publish as ConceptMap until reviewed.
breast,SEQRS,https://erichuang777777.github.io/TW-Breast-Cancer-FHIR-IG/CodeSystem/tcr-breast-seqrs,https://erichuang777777.github.io/TW-Breast-Cancer-FHIR-IG/ValueSet/tcr-breast-seqrs-vs,-6,有兩次以上原發部位或區域淋巴結手術，無法決定與放射治療的順序。,,,,,not-started,,,,Do not publish as ConceptMap until reviewed.
breast,SEQRS,https://erichuang777777.github.io/TW-Breast-Cancer-FHIR-IG/CodeSystem/tcr-breast-seqrs,https://erichuang777777.github.io/TW-Breast-Cancer-FHIR-IG/ValueSet/tcr-breast-seqrs-vs,-7,結內淋巴癌、血液腫瘤疾病或遠端轉移個案；或首次療程包含手術及放射治療，但治療範圍不同。,,,,,not-started,,,,Do not publish as ConceptMap until reviewed.
breast,SEQRS,https://erichuang777777.github.io/TW-Breast-Cancer-FHIR-IG/CodeSystem/tcr-breast-seqrs,https://erichuang777777.github.io/TW-Breast-Cancer-FHIR-IG/ValueSet/tcr-breast-seqrs-vs,-8,首次療程中個案有原發部位及區域淋巴結放射治療，但未接受原發部位及區域淋巴結手術；或無原發部位或區域淋巴結手術，接受遠端部位預防性放射治療。,,,,,not-started,,,,Do not publish as ConceptMap until reviewed.
breast,SEQRS,https://erichuang777777.github.io/TW-Breast-Cancer-FHIR-IG/CodeSystem/tcr-breast-seqrs,https://erichuang777777.github.io/TW-Breast-Cancer-FHIR-IG/ValueSet/tcr-breast-seqrs-vs,-9,不清楚是否有手術或放射治療。,,,,,not-started,,,,Do not publish as ConceptMap until reviewed.
breast,SEQRS,https://erichuang777777.github.io/TW-Breast-Cancer-FHIR-IG/CodeSystem/tcr-breast-seqrs,https://erichuang777777.github.io/TW-Breast-Cancer-FHIR-IG/ValueSet/tcr-breast-seqrs-vs,00,首次癌症療程中個案未接受放射治療；或首次療程不含放射治療亦不含手術。,,,,,not-started,,,,Do not publish as ConceptMap until reviewed.
breast,SEQRS,https://erichuang777777.github.io/TW-Breast-Cancer-FHIR-IG/CodeSystem/tcr-breast-seqrs,https://erichuang777777.github.io/TW-Breast-Cancer-FHIR-IG/ValueSet/tcr-breast-seqrs-vs,01,手術前放射治療(縮小腫瘤),,,,,not-started,,,,Do not publish as ConceptMap until reviewed.
breast,SEQRS,https://erichuang777777.github.io/TW-Breast-Cancer-FHIR-IG/CodeSystem/tcr-breast-seqrs,https://erichuang777777.github.io/TW-Breast-Cancer-FHIR-IG/ValueSet/tcr-breast-seqrs-vs,02,手術中放射治療(IORT),,,,,not-started,,,,Do not publish as ConceptMap until reviewed.
breast,SEQRS,https://erichuang777777.github.io/TW-Breast-Cancer-FHIR-IG/CodeSystem/tcr-breast-seqrs,https://erichuang777777.github.io/TW-Breast-Cancer-FHIR-IG/ValueSet/tcr-breast-seqrs-vs,03,手術前放射治療(縮小腫瘤)＋手術中放射治療(IORT),,,,,not-started,,,,Do not publish as ConceptMap until reviewed.
breast,SEQRS,https://erichuang777777.github.io/TW-Breast-Cancer-FHIR-IG/CodeSystem/tcr-breast-seqrs,https://erichuang777777.github.io/TW-Breast-Cancer-FHIR-IG/ValueSet/tcr-breast-seqrs-vs,04,手術後放射治療(降低局部復發率),,,,,not-started,,,,Do not publish as ConceptMap until reviewed.
breast,SEQRS,https://erichuang777777.github.io/TW-Breast-Cancer-FHIR-IG/CodeSystem/tcr-breast-seqrs,https://erichuang777777.github.io/TW-Breast-Cancer-FHIR-IG/ValueSet/tcr-breast-seqrs-vs,05,手術前放射治療(縮小腫瘤)＋手術後放射治療(降低局部復發率),,,,,not-started,,,,Do not publish as ConceptMap until reviewed.
breast,SEQRS,https://erichuang777777.github.io/TW-Breast-Cancer-FHIR-IG/CodeSystem/tcr-breast-seqrs,https://erichuang777777.github.io/TW-Breast-Cancer-FHIR-IG/ValueSet/tcr-breast-seqrs-vs,06,手術中放射治療(IORT)＋手術後放射治療(降低局部復發率),,,,,not-started,,,,Do not publish as ConceptMap until reviewed.
breast,SEQRS,https://erichuang777777.github.io/TW-Breast-Cancer-FHIR-IG/CodeSystem/tcr-breast-seqrs,https://erichuang777777.github.io/TW-Breast-Cancer-FHIR-IG/ValueSet/tcr-breast-seqrs-vs,07,手術前放射治療(縮小腫瘤)＋手術中放射治療(IORT)＋手術後放射治療(降低局部復發率),,,,,not-started,,,,Do not publish as ConceptMap until reviewed.
breast,SEQLS,https://erichuang777777.github.io/TW-Breast-Cancer-FHIR-IG/CodeSystem/tcr-breast-seqls,https://erichuang777777.github.io/TW-Breast-Cancer-FHIR-IG/ValueSet/tcr-breast-seqls-vs,-1,首次療程中有區域治療與全身性治療，但順序未明；或結內淋巴癌、血液腫瘤疾病或遠端轉移個案。,,,,,not-started,,,,Do not publish as ConceptMap until reviewed.
breast,SEQLS,https://erichuang777777.github.io/TW-Breast-Cancer-FHIR-IG/CodeSystem/tcr-breast-seqls,https://erichuang777777.github.io/TW-Breast-Cancer-FHIR-IG/ValueSet/tcr-breast-seqls-vs,-7,首次療程僅有局部性藥物治療而未使用全身性藥物治療(不論是否有區域治療)。,,,,,not-started,,,,Do not publish as ConceptMap until reviewed.
breast,SEQLS,https://erichuang777777.github.io/TW-Breast-Cancer-FHIR-IG/CodeSystem/tcr-breast-seqls,https://erichuang777777.github.io/TW-Breast-Cancer-FHIR-IG/ValueSet/tcr-breast-seqls-vs,-8,首次療程有全身性藥物治療而無區域治療(不論是否有局部性藥物治療)。,,,,,not-started,,,,Do not publish as ConceptMap until reviewed.
breast,SEQLS,https://erichuang777777.github.io/TW-Breast-Cancer-FHIR-IG/CodeSystem/tcr-breast-seqls,https://erichuang777777.github.io/TW-Breast-Cancer-FHIR-IG/ValueSet/tcr-breast-seqls-vs,-9,不清楚是否有區域療法與全身性治療。,,,,,not-started,,,,Do not publish as ConceptMap until reviewed.
breast,SEQLS,https://erichuang777777.github.io/TW-Breast-Cancer-FHIR-IG/CodeSystem/tcr-breast-seqls,https://erichuang777777.github.io/TW-Breast-Cancer-FHIR-IG/ValueSet/tcr-breast-seqls-vs,00,首次療程中不含化學藥物、荷爾蒙、免疫及標靶治療，不論是否有接受區域治療。,,,,,not-started,,,,Do not publish as ConceptMap until reviewed.
breast,SEQLS,https://erichuang777777.github.io/TW-Breast-Cancer-FHIR-IG/CodeSystem/tcr-breast-seqls,https://erichuang777777.github.io/TW-Breast-Cancer-FHIR-IG/ValueSet/tcr-breast-seqls-vs,01,導引/前導性輔助療法(手術前進行全身性治療),,,,,not-started,,,,Do not publish as ConceptMap until reviewed.
breast,SEQLS,https://erichuang777777.github.io/TW-Breast-Cancer-FHIR-IG/CodeSystem/tcr-breast-seqls,https://erichuang777777.github.io/TW-Breast-Cancer-FHIR-IG/ValueSet/tcr-breast-seqls-vs,02,同步/併行療法(同步全身性藥物放射治療 CSRT，或手術旁全身性藥物治療),,,,,not-started,,,,Do not publish as ConceptMap until reviewed.
breast,SEQLS,https://erichuang777777.github.io/TW-Breast-Cancer-FHIR-IG/CodeSystem/tcr-breast-seqls,https://erichuang777777.github.io/TW-Breast-Cancer-FHIR-IG/ValueSet/tcr-breast-seqls-vs,03,導引/前導性輔助療法(手術前進行全身性治療)＋同步/併行療法(同步全身性藥物放射治療 CSRT，或手術旁全身性藥物治療),,,,,not-started,,,,Do not publish as ConceptMap until reviewed.
breast,SEQLS,https://erichuang777777.github.io/TW-Breast-Cancer-FHIR-IG/CodeSystem/tcr-breast-seqls,https://erichuang777777.github.io/TW-Breast-Cancer-FHIR-IG/ValueSet/tcr-breast-seqls-vs,04,輔助療法(手術後進行全身性治療),,,,,not-started,,,,Do not publish as ConceptMap until reviewed.
breast,SEQLS,https://erichuang777777.github.io/TW-Breast-Cancer-FHIR-IG/CodeSystem/tcr-breast-seqls,https://erichuang777777.github.io/TW-Breast-Cancer-FHIR-IG/ValueSet/tcr-breast-seqls-vs,05,導引/前導性輔助療法(手術前進行全身性治療)＋輔助療法(手術後進行全身性治療),,,,,not-started,,,,Do not publish as ConceptMap until reviewed.
breast,SEQLS,https://erichuang777777.github.io/TW-Breast-Cancer-FHIR-IG/CodeSystem/tcr-breast-seqls,https://erichuang777777.github.io/TW-Breast-Cancer-FHIR-IG/ValueSet/tcr-breast-seqls-vs,06,同步/併行療法(同步全身性藥物放射治療 CSRT，或手術旁全身性藥物治療)＋輔助療法(手術後進行全身性治療),,,,,not-started,,,,Do not publish as ConceptMap until reviewed.
breast,SEQLS,https://erichuang777777.github.io/TW-Breast-Cancer-FHIR-IG/CodeSystem/tcr-breast-seqls,https://erichuang777777.github.io/TW-Breast-Cancer-FHIR-IG/ValueSet/tcr-breast-seqls-vs,07,導引/前導性輔助療法(手術前進行全身性治療)＋同步/併行療法(同步全身性藥物放射治療 CSRT，或手術旁全身性藥物治療)＋輔助療法(手術後進行全身性治療),,,,,not-started,,,,Do not publish as ConceptMap until reviewed.
breast,PREC,https://erichuang777777.github.io/TW-Breast-Cancer-FHIR-IG/CodeSystem/tcr-breast-prec,https://erichuang777777.github.io/TW-Breast-Cancer-FHIR-IG/ValueSet/tcr-breast-prec-vs,00,未接受化學治療，化學治療非首次療程的一部份。,,,,,not-started,,,,Do not publish as ConceptMap until reviewed.
breast,PREC,https://erichuang777777.github.io/TW-Breast-Cancer-FHIR-IG/CodeSystem/tcr-breast-prec,https://erichuang777777.github.io/TW-Breast-Cancer-FHIR-IG/ValueSet/tcr-breast-prec-vs,01,接受全身性化學治療。,,,,,not-started,,,,Do not publish as ConceptMap until reviewed.
breast,PREC,https://erichuang777777.github.io/TW-Breast-Cancer-FHIR-IG/CodeSystem/tcr-breast-prec,https://erichuang777777.github.io/TW-Breast-Cancer-FHIR-IG/ValueSet/tcr-breast-prec-vs,02,接受全身性化學治療，且只有一種化學藥物(僅適用於2017(含)診斷年之前的個案)。,,,,,not-started,,,,Do not publish as ConceptMap until reviewed.
breast,PREC,https://erichuang777777.github.io/TW-Breast-Cancer-FHIR-IG/CodeSystem/tcr-breast-prec,https://erichuang777777.github.io/TW-Breast-Cancer-FHIR-IG/ValueSet/tcr-breast-prec-vs,03,接受全身性化學治療，且超過一種以上的化學藥物(僅適用於2017(含)診斷年之前的個案)。,,,,,not-started,,,,Do not publish as ConceptMap until reviewed.
breast,PREC,https://erichuang777777.github.io/TW-Breast-Cancer-FHIR-IG/CodeSystem/tcr-breast-prec,https://erichuang777777.github.io/TW-Breast-Cancer-FHIR-IG/ValueSet/tcr-breast-prec-vs,04,個案原發部位僅接受局部動脈栓塞化學治療(TACE)。,,,,,not-started,,,,Do not publish as ConceptMap until reviewed.
breast,PREC,https://erichuang777777.github.io/TW-Breast-Cancer-FHIR-IG/CodeSystem/tcr-breast-prec,https://erichuang777777.github.io/TW-Breast-Cancer-FHIR-IG/ValueSet/tcr-breast-prec-vs,05,個案原發部位接受局部動脈栓塞化學(TACE)及全身性化學治療。,,,,,not-started,,,,Do not publish as ConceptMap until reviewed.
breast,PREC,https://erichuang777777.github.io/TW-Breast-Cancer-FHIR-IG/CodeSystem/tcr-breast-prec,https://erichuang777777.github.io/TW-Breast-Cancer-FHIR-IG/ValueSet/tcr-breast-prec-vs,06,個案原發部位接受局部動脈栓塞化學(TACE)及其他局部性化學治療。,,,,,not-started,,,,Do not publish as ConceptMap until reviewed.
breast,PREC,https://erichuang777777.github.io/TW-Breast-Cancer-FHIR-IG/CodeSystem/tcr-breast-prec,https://erichuang777777.github.io/TW-Breast-Cancer-FHIR-IG/ValueSet/tcr-breast-prec-vs,07,個案原發部位接受局部動脈栓塞化學(TACE)、其他局部性及全身性化學治療。,,,,,not-started,,,,Do not publish as ConceptMap until reviewed.
breast,PREC,https://erichuang777777.github.io/TW-Breast-Cancer-FHIR-IG/CodeSystem/tcr-breast-prec,https://erichuang777777.github.io/TW-Breast-Cancer-FHIR-IG/ValueSet/tcr-breast-prec-vs,08,個案僅接受局部性化學治療(不包含TACE)。,,,,,not-started,,,,Do not publish as ConceptMap until reviewed.
breast,PREC,https://erichuang777777.github.io/TW-Breast-Cancer-FHIR-IG/CodeSystem/tcr-breast-prec,https://erichuang777777.github.io/TW-Breast-Cancer-FHIR-IG/ValueSet/tcr-breast-prec-vs,09,個案同時接受全身性及局部性化學治療(不包含TACE)。,,,,,not-started,,,,Do not publish as ConceptMap until reviewed.
breast,PREC,https://erichuang777777.github.io/TW-Breast-Cancer-FHIR-IG/CodeSystem/tcr-breast-prec,https://erichuang777777.github.io/TW-Breast-Cancer-FHIR-IG/ValueSet/tcr-breast-prec-vs,10,肝轉移個案接受局部動脈栓塞化學治療(TACE)。,,,,,not-started,,,,Do not publish as ConceptMap until reviewed.
breast,PREC,https://erichuang777777.github.io/TW-Breast-Cancer-FHIR-IG/CodeSystem/tcr-breast-prec,https://erichuang777777.github.io/TW-Breast-Cancer-FHIR-IG/ValueSet/tcr-breast-prec-vs,11,肝轉移個案接受局部動脈栓塞化學(TACE)及全身性化學治療。,,,,,not-started,,,,Do not publish as ConceptMap until reviewed.
breast,PREC,https://erichuang777777.github.io/TW-Breast-Cancer-FHIR-IG/CodeSystem/tcr-breast-prec,https://erichuang777777.github.io/TW-Breast-Cancer-FHIR-IG/ValueSet/tcr-breast-prec-vs,12,肝轉移個案接受局部動脈栓塞化學治療(TACE)及其他局部性化學治療。,,,,,not-started,,,,Do not publish as ConceptMap until reviewed.
breast,PREC,https://erichuang777777.github.io/TW-Breast-Cancer-FHIR-IG/CodeSystem/tcr-breast-prec,https://erichuang777777.github.io/TW-Breast-Cancer-FHIR-IG/ValueSet/tcr-breast-prec-vs,13,肝轉移個案接受局部動脈栓塞化學治療(TACE)、其他局部性及全身性化學治療。,,,,,not-started,,,,Do not publish as ConceptMap until reviewed.
breast,PREC,https://erichuang777777.github.io/TW-Breast-Cancer-FHIR-IG/CodeSystem/tcr-breast-prec,https://erichuang777777.github.io/TW-Breast-Cancer-FHIR-IG/ValueSet/tcr-breast-prec-vs,20,僅接受臨床試驗化學治療。,,,,,not-started,,,,Do not publish as ConceptMap until reviewed.
breast,PREC,https://erichuang777777.github.io/TW-Breast-Cancer-FHIR-IG/CodeSystem/tcr-breast-prec,https://erichuang777777.github.io/TW-Breast-Cancer-FHIR-IG/ValueSet/tcr-breast-prec-vs,21,同時接受化學治療及臨床試驗化學治療。,,,,,not-started,,,,Do not publish as ConceptMap until reviewed.
breast,PREC,https://erichuang777777.github.io/TW-Breast-Cancer-FHIR-IG/CodeSystem/tcr-breast-prec,https://erichuang777777.github.io/TW-Breast-Cancer-FHIR-IG/ValueSet/tcr-breast-prec-vs,30,僅接受雙盲試驗化學治療。,,,,,not-started,,,,Do not publish as ConceptMap until reviewed.
breast,PREC,https://erichuang777777.github.io/TW-Breast-Cancer-FHIR-IG/CodeSystem/tcr-breast-prec,https://erichuang777777.github.io/TW-Breast-Cancer-FHIR-IG/ValueSet/tcr-breast-prec-vs,31,同時接受化學治療及雙盲試驗化學治療。,,,,,not-started,,,,Do not publish as ConceptMap until reviewed.
breast,PREC,https://erichuang777777.github.io/TW-Breast-Cancer-FHIR-IG/CodeSystem/tcr-breast-prec,https://erichuang777777.github.io/TW-Breast-Cancer-FHIR-IG/ValueSet/tcr-breast-prec-vs,99,由於病歷未記載，所以不知道是否化學治療有被建議或是已經執行。,,,,,not-started,,,,Do not publish as ConceptMap until reviewed.
breast,C,https://erichuang777777.github.io/TW-Breast-Cancer-FHIR-IG/CodeSystem/tcr-breast-c,https://erichuang777777.github.io/TW-Breast-Cancer-FHIR-IG/ValueSet/tcr-breast-c-vs,00,未接受化學治療，化學治療非首次療程的一部份。,,,,,not-started,,,,Do not publish as ConceptMap until reviewed.
breast,C,https://erichuang777777.github.io/TW-Breast-Cancer-FHIR-IG/CodeSystem/tcr-breast-c,https://erichuang777777.github.io/TW-Breast-Cancer-FHIR-IG/ValueSet/tcr-breast-c-vs,01,接受全身性化學治療。,,,,,not-started,,,,Do not publish as ConceptMap until reviewed.
breast,C,https://erichuang777777.github.io/TW-Breast-Cancer-FHIR-IG/CodeSystem/tcr-breast-c,https://erichuang777777.github.io/TW-Breast-Cancer-FHIR-IG/ValueSet/tcr-breast-c-vs,02,接受全身性化學治療，且只有一種化學藥物(僅適用於2017(含)診斷年之前的個案)。,,,,,not-started,,,,Do not publish as ConceptMap until reviewed.
breast,C,https://erichuang777777.github.io/TW-Breast-Cancer-FHIR-IG/CodeSystem/tcr-breast-c,https://erichuang777777.github.io/TW-Breast-Cancer-FHIR-IG/ValueSet/tcr-breast-c-vs,03,接受全身性化學治療，且超過一種以上的化學藥物(僅適用於2017(含)診斷年之前的個案)。,,,,,not-started,,,,Do not publish as ConceptMap until reviewed.
breast,C,https://erichuang777777.github.io/TW-Breast-Cancer-FHIR-IG/CodeSystem/tcr-breast-c,https://erichuang777777.github.io/TW-Breast-Cancer-FHIR-IG/ValueSet/tcr-breast-c-vs,04,個案原發部位僅接受局部動脈栓塞化學治療(TACE)。,,,,,not-started,,,,Do not publish as ConceptMap until reviewed.
breast,C,https://erichuang777777.github.io/TW-Breast-Cancer-FHIR-IG/CodeSystem/tcr-breast-c,https://erichuang777777.github.io/TW-Breast-Cancer-FHIR-IG/ValueSet/tcr-breast-c-vs,05,個案原發部位接受局部動脈栓塞化學(TACE)及全身性化學治療。,,,,,not-started,,,,Do not publish as ConceptMap until reviewed.
breast,C,https://erichuang777777.github.io/TW-Breast-Cancer-FHIR-IG/CodeSystem/tcr-breast-c,https://erichuang777777.github.io/TW-Breast-Cancer-FHIR-IG/ValueSet/tcr-breast-c-vs,06,個案原發部位接受局部動脈栓塞化學(TACE)及其他局部性化學治療。,,,,,not-started,,,,Do not publish as ConceptMap until reviewed.
breast,C,https://erichuang777777.github.io/TW-Breast-Cancer-FHIR-IG/CodeSystem/tcr-breast-c,https://erichuang777777.github.io/TW-Breast-Cancer-FHIR-IG/ValueSet/tcr-breast-c-vs,07,個案原發部位接受局部動脈栓塞化學(TACE)、其他局部性及全身性化學治療。,,,,,not-started,,,,Do not publish as ConceptMap until reviewed.
breast,C,https://erichuang777777.github.io/TW-Breast-Cancer-FHIR-IG/CodeSystem/tcr-breast-c,https://erichuang777777.github.io/TW-Breast-Cancer-FHIR-IG/ValueSet/tcr-breast-c-vs,08,個案僅接受局部性化學治療(不包含TACE)。,,,,,not-started,,,,Do not publish as ConceptMap until reviewed.
breast,C,https://erichuang777777.github.io/TW-Breast-Cancer-FHIR-IG/CodeSystem/tcr-breast-c,https://erichuang777777.github.io/TW-Breast-Cancer-FHIR-IG/ValueSet/tcr-breast-c-vs,09,個案同時接受全身性及局部性化學治療(不包含TACE)。,,,,,not-started,,,,Do not publish as ConceptMap until reviewed.
breast,C,https://erichuang777777.github.io/TW-Breast-Cancer-FHIR-IG/CodeSystem/tcr-breast-c,https://erichuang777777.github.io/TW-Breast-Cancer-FHIR-IG/ValueSet/tcr-breast-c-vs,10,肝轉移個案接受局部動脈栓塞化學治療(TACE)。,,,,,not-started,,,,Do not publish as ConceptMap until reviewed.
breast,C,https://erichuang777777.github.io/TW-Breast-Cancer-FHIR-IG/CodeSystem/tcr-breast-c,https://erichuang777777.github.io/TW-Breast-Cancer-FHIR-IG/ValueSet/tcr-breast-c-vs,11,肝轉移個案接受局部動脈栓塞化學(TACE)及全身性化學治療。,,,,,not-started,,,,Do not publish as ConceptMap until reviewed.
breast,C,https://erichuang777777.github.io/TW-Breast-Cancer-FHIR-IG/CodeSystem/tcr-breast-c,https://erichuang777777.github.io/TW-Breast-Cancer-FHIR-IG/ValueSet/tcr-breast-c-vs,12,肝轉移個案接受局部動脈栓塞化學治療(TACE)及其他局部性化學治療。,,,,,not-started,,,,Do not publish as ConceptMap until reviewed.
breast,C,https://erichuang777777.github.io/TW-Breast-Cancer-FHIR-IG/CodeSystem/tcr-breast-c,https://erichuang777777.github.io/TW-Breast-Cancer-FHIR-IG/ValueSet/tcr-breast-c-vs,13,肝轉移個案接受局部動脈栓塞化學治療(TACE)、其他局部性及全身性化學治療。,,,,,not-started,,,,Do not publish as ConceptMap until reviewed.
breast,C,https://erichuang777777.github.io/TW-Breast-Cancer-FHIR-IG/CodeSystem/tcr-breast-c,https://erichuang777777.github.io/TW-Breast-Cancer-FHIR-IG/ValueSet/tcr-breast-c-vs,20,僅接受臨床試驗化學治療。,,,,,not-started,,,,Do not publish as ConceptMap until reviewed.
breast,C,https://erichuang777777.github.io/TW-Breast-Cancer-FHIR-IG/CodeSystem/tcr-breast-c,https://erichuang777777.github.io/TW-Breast-Cancer-FHIR-IG/ValueSet/tcr-breast-c-vs,21,同時接受化學治療及臨床試驗化學治療。,,,,,not-started,,,,Do not publish as ConceptMap until reviewed.
breast,C,https://erichuang777777.github.io/TW-Breast-Cancer-FHIR-IG/CodeSystem/tcr-breast-c,https://erichuang777777.github.io/TW-Breast-Cancer-FHIR-IG/ValueSet/tcr-breast-c-vs,30,僅接受雙盲試驗化學治療。,,,,,not-started,,,,Do not publish as ConceptMap until reviewed.
breast,C,https://erichuang777777.github.io/TW-Breast-Cancer-FHIR-IG/CodeSystem/tcr-breast-c,https://erichuang777777.github.io/TW-Breast-Cancer-FHIR-IG/ValueSet/tcr-breast-c-vs,31,同時接受化學治療及雙盲試驗化學治療。,,,,,not-started,,,,Do not publish as ConceptMap until reviewed.
breast,C,https://erichuang777777.github.io/TW-Breast-Cancer-FHIR-IG/CodeSystem/tcr-breast-c,https://erichuang777777.github.io/TW-Breast-Cancer-FHIR-IG/ValueSet/tcr-breast-c-vs,81,化學治療是既定之首次療程，但因基因檢測結果而未建議或給予。,,,,,not-started,,,,Do not publish as ConceptMap until reviewed.
breast,C,https://erichuang777777.github.io/TW-Breast-Cancer-FHIR-IG/CodeSystem/tcr-breast-c,https://erichuang777777.github.io/TW-Breast-Cancer-FHIR-IG/ValueSet/tcr-breast-c-vs,82,化學治療因禁忌症或個案其他危險因素(併發症、年邁)而未建議或給予。,,,,,not-started,,,,Do not publish as ConceptMap until reviewed.
breast,C,https://erichuang777777.github.io/TW-Breast-Cancer-FHIR-IG/CodeSystem/tcr-breast-c,https://erichuang777777.github.io/TW-Breast-Cancer-FHIR-IG/ValueSet/tcr-breast-c-vs,83,化學治療因疾病進展而未建議或給予。,,,,,not-started,,,,Do not publish as ConceptMap until reviewed.
breast,C,https://erichuang777777.github.io/TW-Breast-Cancer-FHIR-IG/CodeSystem/tcr-breast-c,https://erichuang777777.github.io/TW-Breast-Cancer-FHIR-IG/ValueSet/tcr-breast-c-vs,85,化學治療是既定之首次療程計畫中的一部分，但因個案未接受治療前即死亡或病危出院。,,,,,not-started,,,,Do not publish as ConceptMap until reviewed.
breast,C,https://erichuang777777.github.io/TW-Breast-Cancer-FHIR-IG/CodeSystem/tcr-breast-c,https://erichuang777777.github.io/TW-Breast-Cancer-FHIR-IG/ValueSet/tcr-breast-c-vs,86,化學治療雖然是既定之首次療程計畫中的一部分，未執行且病歷也未記載未執行的原因；或於他院執行化學治療。,,,,,not-started,,,,Do not publish as ConceptMap until reviewed.
breast,C,https://erichuang777777.github.io/TW-Breast-Cancer-FHIR-IG/CodeSystem/tcr-breast-c,https://erichuang777777.github.io/TW-Breast-Cancer-FHIR-IG/ValueSet/tcr-breast-c-vs,87,化學治療雖然是既定之首次療程計畫中的一部分，但未執行，且病歷記載個案或其家屬拒絕此項治療。,,,,,not-started,,,,Do not publish as ConceptMap until reviewed.
breast,C,https://erichuang777777.github.io/TW-Breast-Cancer-FHIR-IG/CodeSystem/tcr-breast-c,https://erichuang777777.github.io/TW-Breast-Cancer-FHIR-IG/ValueSet/tcr-breast-c-vs,88,化學治療雖然是既定之首次療程計畫中的一部分，但摘錄時尚未執行。,,,,,not-started,,,,Do not publish as ConceptMap until reviewed.
breast,C,https://erichuang777777.github.io/TW-Breast-Cancer-FHIR-IG/CodeSystem/tcr-breast-c,https://erichuang777777.github.io/TW-Breast-Cancer-FHIR-IG/ValueSet/tcr-breast-c-vs,99,由於病歷未記載，所以不知道是否化學治療有被建議或是已經執行。,,,,,not-started,,,,Do not publish as ConceptMap until reviewed.
breast,PREH,https://erichuang777777.github.io/TW-Breast-Cancer-FHIR-IG/CodeSystem/tcr-breast-preh,https://erichuang777777.github.io/TW-Breast-Cancer-FHIR-IG/ValueSet/tcr-breast-preh-vs,00,未接受荷爾蒙/類固醇治療，荷爾蒙/類固醇治療非首次療程的一部份。,,,,,not-started,,,,Do not publish as ConceptMap until reviewed.
breast,PREH,https://erichuang777777.github.io/TW-Breast-Cancer-FHIR-IG/CodeSystem/tcr-breast-preh,https://erichuang777777.github.io/TW-Breast-Cancer-FHIR-IG/ValueSet/tcr-breast-preh-vs,01,在首次療程中有接受全身性荷爾蒙/類固醇治療。,,,,,not-started,,,,Do not publish as ConceptMap until reviewed.
breast,PREH,https://erichuang777777.github.io/TW-Breast-Cancer-FHIR-IG/CodeSystem/tcr-breast-preh,https://erichuang777777.github.io/TW-Breast-Cancer-FHIR-IG/ValueSet/tcr-breast-preh-vs,02,接受局部性荷爾蒙/類固醇治療。,,,,,not-started,,,,Do not publish as ConceptMap until reviewed.
breast,PREH,https://erichuang777777.github.io/TW-Breast-Cancer-FHIR-IG/CodeSystem/tcr-breast-preh,https://erichuang777777.github.io/TW-Breast-Cancer-FHIR-IG/ValueSet/tcr-breast-preh-vs,03,接受全身性與局部性荷爾蒙/類固醇治療。,,,,,not-started,,,,Do not publish as ConceptMap until reviewed.
breast,PREH,https://erichuang777777.github.io/TW-Breast-Cancer-FHIR-IG/CodeSystem/tcr-breast-preh,https://erichuang777777.github.io/TW-Breast-Cancer-FHIR-IG/ValueSet/tcr-breast-preh-vs,20,僅接受臨床試驗荷爾蒙/類固醇治療。,,,,,not-started,,,,Do not publish as ConceptMap until reviewed.
breast,PREH,https://erichuang777777.github.io/TW-Breast-Cancer-FHIR-IG/CodeSystem/tcr-breast-preh,https://erichuang777777.github.io/TW-Breast-Cancer-FHIR-IG/ValueSet/tcr-breast-preh-vs,21,同時接受荷爾蒙/類固醇治療及臨床試驗荷爾蒙/類固醇治療。,,,,,not-started,,,,Do not publish as ConceptMap until reviewed.
breast,PREH,https://erichuang777777.github.io/TW-Breast-Cancer-FHIR-IG/CodeSystem/tcr-breast-preh,https://erichuang777777.github.io/TW-Breast-Cancer-FHIR-IG/ValueSet/tcr-breast-preh-vs,30,僅接受雙盲試驗荷爾蒙/類固醇治療。,,,,,not-started,,,,Do not publish as ConceptMap until reviewed.
breast,PREH,https://erichuang777777.github.io/TW-Breast-Cancer-FHIR-IG/CodeSystem/tcr-breast-preh,https://erichuang777777.github.io/TW-Breast-Cancer-FHIR-IG/ValueSet/tcr-breast-preh-vs,31,同時接受荷爾蒙/類固醇治療及雙盲試驗荷爾蒙/類固醇治療。,,,,,not-started,,,,Do not publish as ConceptMap until reviewed.
breast,PREH,https://erichuang777777.github.io/TW-Breast-Cancer-FHIR-IG/CodeSystem/tcr-breast-preh,https://erichuang777777.github.io/TW-Breast-Cancer-FHIR-IG/ValueSet/tcr-breast-preh-vs,99,由於病歷未記載，所以不知道是否荷爾蒙/類固醇治療有被建議或是已經執行。,,,,,not-started,,,,Do not publish as ConceptMap until reviewed.
breast,H,https://erichuang777777.github.io/TW-Breast-Cancer-FHIR-IG/CodeSystem/tcr-breast-h,https://erichuang777777.github.io/TW-Breast-Cancer-FHIR-IG/ValueSet/tcr-breast-h-vs,00,未接受荷爾蒙/類固醇治療，荷爾蒙/類固醇治療非首次療程的一部份。,,,,,not-started,,,,Do not publish as ConceptMap until reviewed.
breast,H,https://erichuang777777.github.io/TW-Breast-Cancer-FHIR-IG/CodeSystem/tcr-breast-h,https://erichuang777777.github.io/TW-Breast-Cancer-FHIR-IG/ValueSet/tcr-breast-h-vs,01,在首次療程中有接受全身性荷爾蒙/類固醇治療。,,,,,not-started,,,,Do not publish as ConceptMap until reviewed.
breast,H,https://erichuang777777.github.io/TW-Breast-Cancer-FHIR-IG/CodeSystem/tcr-breast-h,https://erichuang777777.github.io/TW-Breast-Cancer-FHIR-IG/ValueSet/tcr-breast-h-vs,02,接受局部性荷爾蒙/類固醇治療。,,,,,not-started,,,,Do not publish as ConceptMap until reviewed.
breast,H,https://erichuang777777.github.io/TW-Breast-Cancer-FHIR-IG/CodeSystem/tcr-breast-h,https://erichuang777777.github.io/TW-Breast-Cancer-FHIR-IG/ValueSet/tcr-breast-h-vs,03,接受全身性與局部性荷爾蒙/類固醇治療。,,,,,not-started,,,,Do not publish as ConceptMap until reviewed.
breast,H,https://erichuang777777.github.io/TW-Breast-Cancer-FHIR-IG/CodeSystem/tcr-breast-h,https://erichuang777777.github.io/TW-Breast-Cancer-FHIR-IG/ValueSet/tcr-breast-h-vs,20,僅接受臨床試驗荷爾蒙/類固醇治療。,,,,,not-started,,,,Do not publish as ConceptMap until reviewed.
breast,H,https://erichuang777777.github.io/TW-Breast-Cancer-FHIR-IG/CodeSystem/tcr-breast-h,https://erichuang777777.github.io/TW-Breast-Cancer-FHIR-IG/ValueSet/tcr-breast-h-vs,21,同時接受荷爾蒙/類固醇治療及臨床試驗荷爾蒙/類固醇治療。,,,,,not-started,,,,Do not publish as ConceptMap until reviewed.
breast,H,https://erichuang777777.github.io/TW-Breast-Cancer-FHIR-IG/CodeSystem/tcr-breast-h,https://erichuang777777.github.io/TW-Breast-Cancer-FHIR-IG/ValueSet/tcr-breast-h-vs,30,僅接受雙盲試驗荷爾蒙/類固醇治療。,,,,,not-started,,,,Do not publish as ConceptMap until reviewed.
breast,H,https://erichuang777777.github.io/TW-Breast-Cancer-FHIR-IG/CodeSystem/tcr-breast-h,https://erichuang777777.github.io/TW-Breast-Cancer-FHIR-IG/ValueSet/tcr-breast-h-vs,31,同時接受荷爾蒙/類固醇治療及雙盲試驗荷爾蒙/類固醇治療。,,,,,not-started,,,,Do not publish as ConceptMap until reviewed.
breast,H,https://erichuang777777.github.io/TW-Breast-Cancer-FHIR-IG/CodeSystem/tcr-breast-h,https://erichuang777777.github.io/TW-Breast-Cancer-FHIR-IG/ValueSet/tcr-breast-h-vs,82,荷爾蒙/類固醇治療因禁忌症或個案其他危險因素(併發症、年邁)而未建議或給予。,,,,,not-started,,,,Do not publish as ConceptMap until reviewed.
breast,H,https://erichuang777777.github.io/TW-Breast-Cancer-FHIR-IG/CodeSystem/tcr-breast-h,https://erichuang777777.github.io/TW-Breast-Cancer-FHIR-IG/ValueSet/tcr-breast-h-vs,83,荷爾蒙/類固醇治療因疾病進展而未建議或給予。,,,,,not-started,,,,Do not publish as ConceptMap until reviewed.
breast,H,https://erichuang777777.github.io/TW-Breast-Cancer-FHIR-IG/CodeSystem/tcr-breast-h,https://erichuang777777.github.io/TW-Breast-Cancer-FHIR-IG/ValueSet/tcr-breast-h-vs,85,荷爾蒙/類固醇治療是既定之首次療程計畫中的一部分，但因個案未接受治療前即死亡或病危出院。,,,,,not-started,,,,Do not publish as ConceptMap until reviewed.
breast,H,https://erichuang777777.github.io/TW-Breast-Cancer-FHIR-IG/CodeSystem/tcr-breast-h,https://erichuang777777.github.io/TW-Breast-Cancer-FHIR-IG/ValueSet/tcr-breast-h-vs,86,荷爾蒙/類固醇治療雖然是既定之首次療程計畫中的一部分，未執行且病歷也未記載未執行的原因；或於他院執行荷爾蒙/類固醇治療。,,,,,not-started,,,,Do not publish as ConceptMap until reviewed.
breast,H,https://erichuang777777.github.io/TW-Breast-Cancer-FHIR-IG/CodeSystem/tcr-breast-h,https://erichuang777777.github.io/TW-Breast-Cancer-FHIR-IG/ValueSet/tcr-breast-h-vs,87,荷爾蒙/類固醇治療雖然是既定之首次療程計畫中的一部分，但未執行，且病歷記載個案或其家屬拒絕此項治療。,,,,,not-started,,,,Do not publish as ConceptMap until reviewed.
breast,H,https://erichuang777777.github.io/TW-Breast-Cancer-FHIR-IG/CodeSystem/tcr-breast-h,https://erichuang777777.github.io/TW-Breast-Cancer-FHIR-IG/ValueSet/tcr-breast-h-vs,88,荷爾蒙/類固醇治療雖然是既定之首次療程計畫中的一部分，但摘錄時尚未執行。,,,,,not-started,,,,Do not publish as ConceptMap until reviewed.
breast,H,https://erichuang777777.github.io/TW-Breast-Cancer-FHIR-IG/CodeSystem/tcr-breast-h,https://erichuang777777.github.io/TW-Breast-Cancer-FHIR-IG/ValueSet/tcr-breast-h-vs,99,由於病歷未記載，所以不知道是否荷爾蒙/類固醇治療有被建議或是已經執行。,,,,,not-started,,,,Do not publish as ConceptMap until reviewed.
breast,PREI,https://erichuang777777.github.io/TW-Breast-Cancer-FHIR-IG/CodeSystem/tcr-breast-prei,https://erichuang777777.github.io/TW-Breast-Cancer-FHIR-IG/ValueSet/tcr-breast-prei-vs,00,未接受免疫治療，免疫治療非首次療程的一部份。,,,,,not-started,,,,Do not publish as ConceptMap until reviewed.
breast,PREI,https://erichuang777777.github.io/TW-Breast-Cancer-FHIR-IG/CodeSystem/tcr-breast-prei,https://erichuang777777.github.io/TW-Breast-Cancer-FHIR-IG/ValueSet/tcr-breast-prei-vs,01,接受全身性免疫藥物治療。,,,,,not-started,,,,Do not publish as ConceptMap until reviewed.
breast,PREI,https://erichuang777777.github.io/TW-Breast-Cancer-FHIR-IG/CodeSystem/tcr-breast-prei,https://erichuang777777.github.io/TW-Breast-Cancer-FHIR-IG/ValueSet/tcr-breast-prei-vs,02,接受局部性免疫藥物治療。,,,,,not-started,,,,Do not publish as ConceptMap until reviewed.
breast,PREI,https://erichuang777777.github.io/TW-Breast-Cancer-FHIR-IG/CodeSystem/tcr-breast-prei,https://erichuang777777.github.io/TW-Breast-Cancer-FHIR-IG/ValueSet/tcr-breast-prei-vs,03,接受全身性與局部性免疫藥物治療。,,,,,not-started,,,,Do not publish as ConceptMap until reviewed.
breast,PREI,https://erichuang777777.github.io/TW-Breast-Cancer-FHIR-IG/CodeSystem/tcr-breast-prei,https://erichuang777777.github.io/TW-Breast-Cancer-FHIR-IG/ValueSet/tcr-breast-prei-vs,04,僅接受免疫細胞治療。,,,,,not-started,,,,Do not publish as ConceptMap until reviewed.
breast,PREI,https://erichuang777777.github.io/TW-Breast-Cancer-FHIR-IG/CodeSystem/tcr-breast-prei,https://erichuang777777.github.io/TW-Breast-Cancer-FHIR-IG/ValueSet/tcr-breast-prei-vs,05,同時接受免疫細胞治療與全身性免疫藥物治療。,,,,,not-started,,,,Do not publish as ConceptMap until reviewed.
breast,PREI,https://erichuang777777.github.io/TW-Breast-Cancer-FHIR-IG/CodeSystem/tcr-breast-prei,https://erichuang777777.github.io/TW-Breast-Cancer-FHIR-IG/ValueSet/tcr-breast-prei-vs,06,同時接受免疫細胞治療與局部性免疫藥物治療。,,,,,not-started,,,,Do not publish as ConceptMap until reviewed.
breast,PREI,https://erichuang777777.github.io/TW-Breast-Cancer-FHIR-IG/CodeSystem/tcr-breast-prei,https://erichuang777777.github.io/TW-Breast-Cancer-FHIR-IG/ValueSet/tcr-breast-prei-vs,07,同時接受免疫細胞治療、全身性與局部性免疫藥物治療。,,,,,not-started,,,,Do not publish as ConceptMap until reviewed.
breast,PREI,https://erichuang777777.github.io/TW-Breast-Cancer-FHIR-IG/CodeSystem/tcr-breast-prei,https://erichuang777777.github.io/TW-Breast-Cancer-FHIR-IG/ValueSet/tcr-breast-prei-vs,20,僅接受臨床試驗免疫治療。,,,,,not-started,,,,Do not publish as ConceptMap until reviewed.
breast,PREI,https://erichuang777777.github.io/TW-Breast-Cancer-FHIR-IG/CodeSystem/tcr-breast-prei,https://erichuang777777.github.io/TW-Breast-Cancer-FHIR-IG/ValueSet/tcr-breast-prei-vs,21,同時接受免疫治療及臨床試驗免疫治療。,,,,,not-started,,,,Do not publish as ConceptMap until reviewed.
breast,PREI,https://erichuang777777.github.io/TW-Breast-Cancer-FHIR-IG/CodeSystem/tcr-breast-prei,https://erichuang777777.github.io/TW-Breast-Cancer-FHIR-IG/ValueSet/tcr-breast-prei-vs,22,同時接受免疫細胞治療及臨床試驗免疫治療。,,,,,not-started,,,,Do not publish as ConceptMap until reviewed.
breast,PREI,https://erichuang777777.github.io/TW-Breast-Cancer-FHIR-IG/CodeSystem/tcr-breast-prei,https://erichuang777777.github.io/TW-Breast-Cancer-FHIR-IG/ValueSet/tcr-breast-prei-vs,23,同時接受免疫細胞治療與全身性或/與局部性藥物治療及臨床試驗免疫治療。,,,,,not-started,,,,Do not publish as ConceptMap until reviewed.
breast,PREI,https://erichuang777777.github.io/TW-Breast-Cancer-FHIR-IG/CodeSystem/tcr-breast-prei,https://erichuang777777.github.io/TW-Breast-Cancer-FHIR-IG/ValueSet/tcr-breast-prei-vs,30,僅接受雙盲試驗免疫治療。,,,,,not-started,,,,Do not publish as ConceptMap until reviewed.
breast,PREI,https://erichuang777777.github.io/TW-Breast-Cancer-FHIR-IG/CodeSystem/tcr-breast-prei,https://erichuang777777.github.io/TW-Breast-Cancer-FHIR-IG/ValueSet/tcr-breast-prei-vs,31,同時接受免疫治療及雙盲試驗免疫治療。,,,,,not-started,,,,Do not publish as ConceptMap until reviewed.
breast,PREI,https://erichuang777777.github.io/TW-Breast-Cancer-FHIR-IG/CodeSystem/tcr-breast-prei,https://erichuang777777.github.io/TW-Breast-Cancer-FHIR-IG/ValueSet/tcr-breast-prei-vs,32,同時接受免疫細胞治療及雙盲試驗免疫治療。,,,,,not-started,,,,Do not publish as ConceptMap until reviewed.
breast,PREI,https://erichuang777777.github.io/TW-Breast-Cancer-FHIR-IG/CodeSystem/tcr-breast-prei,https://erichuang777777.github.io/TW-Breast-Cancer-FHIR-IG/ValueSet/tcr-breast-prei-vs,33,同時接受免疫細胞治療與全身性或/與局部性藥物治療及雙盲試驗免疫治療。,,,,,not-started,,,,Do not publish as ConceptMap until reviewed.
breast,PREI,https://erichuang777777.github.io/TW-Breast-Cancer-FHIR-IG/CodeSystem/tcr-breast-prei,https://erichuang777777.github.io/TW-Breast-Cancer-FHIR-IG/ValueSet/tcr-breast-prei-vs,40,僅接受臨床試驗免疫細胞治療。,,,,,not-started,,,,Do not publish as ConceptMap until reviewed.
breast,PREI,https://erichuang777777.github.io/TW-Breast-Cancer-FHIR-IG/CodeSystem/tcr-breast-prei,https://erichuang777777.github.io/TW-Breast-Cancer-FHIR-IG/ValueSet/tcr-breast-prei-vs,41,同時接受全身性或/與局部性藥物治療及臨床試驗免疫細胞治療。,,,,,not-started,,,,Do not publish as ConceptMap until reviewed.
breast,PREI,https://erichuang777777.github.io/TW-Breast-Cancer-FHIR-IG/CodeSystem/tcr-breast-prei,https://erichuang777777.github.io/TW-Breast-Cancer-FHIR-IG/ValueSet/tcr-breast-prei-vs,99,由於病歷未記載，所以不知道是否免疫治療有被建議或是已經執行。,,,,,not-started,,,,Do not publish as ConceptMap until reviewed.
breast,I,https://erichuang777777.github.io/TW-Breast-Cancer-FHIR-IG/CodeSystem/tcr-breast-i,https://erichuang777777.github.io/TW-Breast-Cancer-FHIR-IG/ValueSet/tcr-breast-i-vs,00,未接受免疫治療，免疫治療非首次療程的一部份。,,,,,not-started,,,,Do not publish as ConceptMap until reviewed.
breast,I,https://erichuang777777.github.io/TW-Breast-Cancer-FHIR-IG/CodeSystem/tcr-breast-i,https://erichuang777777.github.io/TW-Breast-Cancer-FHIR-IG/ValueSet/tcr-breast-i-vs,01,接受全身性免疫藥物治療。,,,,,not-started,,,,Do not publish as ConceptMap until reviewed.
breast,I,https://erichuang777777.github.io/TW-Breast-Cancer-FHIR-IG/CodeSystem/tcr-breast-i,https://erichuang777777.github.io/TW-Breast-Cancer-FHIR-IG/ValueSet/tcr-breast-i-vs,02,接受局部性免疫藥物治療。,,,,,not-started,,,,Do not publish as ConceptMap until reviewed.
breast,I,https://erichuang777777.github.io/TW-Breast-Cancer-FHIR-IG/CodeSystem/tcr-breast-i,https://erichuang777777.github.io/TW-Breast-Cancer-FHIR-IG/ValueSet/tcr-breast-i-vs,03,接受全身性與局部性免疫藥物治療。,,,,,not-started,,,,Do not publish as ConceptMap until reviewed.
breast,I,https://erichuang777777.github.io/TW-Breast-Cancer-FHIR-IG/CodeSystem/tcr-breast-i,https://erichuang777777.github.io/TW-Breast-Cancer-FHIR-IG/ValueSet/tcr-breast-i-vs,04,僅接受免疫細胞治療。,,,,,not-started,,,,Do not publish as ConceptMap until reviewed.
breast,I,https://erichuang777777.github.io/TW-Breast-Cancer-FHIR-IG/CodeSystem/tcr-breast-i,https://erichuang777777.github.io/TW-Breast-Cancer-FHIR-IG/ValueSet/tcr-breast-i-vs,05,同時接受免疫細胞治療與全身性免疫藥物治療。,,,,,not-started,,,,Do not publish as ConceptMap until reviewed.
breast,I,https://erichuang777777.github.io/TW-Breast-Cancer-FHIR-IG/CodeSystem/tcr-breast-i,https://erichuang777777.github.io/TW-Breast-Cancer-FHIR-IG/ValueSet/tcr-breast-i-vs,06,同時接受免疫細胞治療與局部性免疫藥物治療。,,,,,not-started,,,,Do not publish as ConceptMap until reviewed.
breast,I,https://erichuang777777.github.io/TW-Breast-Cancer-FHIR-IG/CodeSystem/tcr-breast-i,https://erichuang777777.github.io/TW-Breast-Cancer-FHIR-IG/ValueSet/tcr-breast-i-vs,07,同時接受免疫細胞治療、全身性與局部性免疫藥物治療。,,,,,not-started,,,,Do not publish as ConceptMap until reviewed.
breast,I,https://erichuang777777.github.io/TW-Breast-Cancer-FHIR-IG/CodeSystem/tcr-breast-i,https://erichuang777777.github.io/TW-Breast-Cancer-FHIR-IG/ValueSet/tcr-breast-i-vs,20,僅接受臨床試驗免疫治療。,,,,,not-started,,,,Do not publish as ConceptMap until reviewed.
breast,I,https://erichuang777777.github.io/TW-Breast-Cancer-FHIR-IG/CodeSystem/tcr-breast-i,https://erichuang777777.github.io/TW-Breast-Cancer-FHIR-IG/ValueSet/tcr-breast-i-vs,21,同時接受免疫治療及臨床試驗免疫治療。,,,,,not-started,,,,Do not publish as ConceptMap until reviewed.
breast,I,https://erichuang777777.github.io/TW-Breast-Cancer-FHIR-IG/CodeSystem/tcr-breast-i,https://erichuang777777.github.io/TW-Breast-Cancer-FHIR-IG/ValueSet/tcr-breast-i-vs,22,同時接受免疫細胞治療及臨床試驗免疫治療。,,,,,not-started,,,,Do not publish as ConceptMap until reviewed.
breast,I,https://erichuang777777.github.io/TW-Breast-Cancer-FHIR-IG/CodeSystem/tcr-breast-i,https://erichuang777777.github.io/TW-Breast-Cancer-FHIR-IG/ValueSet/tcr-breast-i-vs,23,同時接受免疫細胞治療與全身性或/與局部性藥物治療及臨床試驗免疫治療。,,,,,not-started,,,,Do not publish as ConceptMap until reviewed.
breast,I,https://erichuang777777.github.io/TW-Breast-Cancer-FHIR-IG/CodeSystem/tcr-breast-i,https://erichuang777777.github.io/TW-Breast-Cancer-FHIR-IG/ValueSet/tcr-breast-i-vs,30,僅接受雙盲試驗免疫治療。,,,,,not-started,,,,Do not publish as ConceptMap until reviewed.
breast,I,https://erichuang777777.github.io/TW-Breast-Cancer-FHIR-IG/CodeSystem/tcr-breast-i,https://erichuang777777.github.io/TW-Breast-Cancer-FHIR-IG/ValueSet/tcr-breast-i-vs,31,同時接受免疫治療及雙盲試驗免疫治療。,,,,,not-started,,,,Do not publish as ConceptMap until reviewed.
breast,I,https://erichuang777777.github.io/TW-Breast-Cancer-FHIR-IG/CodeSystem/tcr-breast-i,https://erichuang777777.github.io/TW-Breast-Cancer-FHIR-IG/ValueSet/tcr-breast-i-vs,32,同時接受免疫細胞治療及雙盲試驗免疫治療。,,,,,not-started,,,,Do not publish as ConceptMap until reviewed.
breast,I,https://erichuang777777.github.io/TW-Breast-Cancer-FHIR-IG/CodeSystem/tcr-breast-i,https://erichuang777777.github.io/TW-Breast-Cancer-FHIR-IG/ValueSet/tcr-breast-i-vs,33,同時接受免疫細胞治療與全身性或/與局部性藥物治療及雙盲試驗免疫治療。,,,,,not-started,,,,Do not publish as ConceptMap until reviewed.
breast,I,https://erichuang777777.github.io/TW-Breast-Cancer-FHIR-IG/CodeSystem/tcr-breast-i,https://erichuang777777.github.io/TW-Breast-Cancer-FHIR-IG/ValueSet/tcr-breast-i-vs,40,僅接受臨床試驗免疫細胞治療。,,,,,not-started,,,,Do not publish as ConceptMap until reviewed.
breast,I,https://erichuang777777.github.io/TW-Breast-Cancer-FHIR-IG/CodeSystem/tcr-breast-i,https://erichuang777777.github.io/TW-Breast-Cancer-FHIR-IG/ValueSet/tcr-breast-i-vs,41,同時接受全身性或/與局部性藥物治療及臨床試驗免疫細胞治療。,,,,,not-started,,,,Do not publish as ConceptMap until reviewed.
breast,I,https://erichuang777777.github.io/TW-Breast-Cancer-FHIR-IG/CodeSystem/tcr-breast-i,https://erichuang777777.github.io/TW-Breast-Cancer-FHIR-IG/ValueSet/tcr-breast-i-vs,82,免疫治療因禁忌症或個案其他危險因素(併發症、年邁)而未建議或給予。,,,,,not-started,,,,Do not publish as ConceptMap until reviewed.
breast,I,https://erichuang777777.github.io/TW-Breast-Cancer-FHIR-IG/CodeSystem/tcr-breast-i,https://erichuang777777.github.io/TW-Breast-Cancer-FHIR-IG/ValueSet/tcr-breast-i-vs,83,免疫治療因疾病進展而未建議或給予。,,,,,not-started,,,,Do not publish as ConceptMap until reviewed.
breast,I,https://erichuang777777.github.io/TW-Breast-Cancer-FHIR-IG/CodeSystem/tcr-breast-i,https://erichuang777777.github.io/TW-Breast-Cancer-FHIR-IG/ValueSet/tcr-breast-i-vs,85,免疫治療是既定之首次療程計畫中的一部分，但因個案未接受治療前即死亡或病危出院。,,,,,not-started,,,,Do not publish as ConceptMap until reviewed.
breast,I,https://erichuang777777.github.io/TW-Breast-Cancer-FHIR-IG/CodeSystem/tcr-breast-i,https://erichuang777777.github.io/TW-Breast-Cancer-FHIR-IG/ValueSet/tcr-breast-i-vs,86,免疫治療雖然是既定之首次療程計畫中的一部分，未執行且病歷也未記載未執行的原因；或於他院執行免疫治療。,,,,,not-started,,,,Do not publish as ConceptMap until reviewed.
breast,I,https://erichuang777777.github.io/TW-Breast-Cancer-FHIR-IG/CodeSystem/tcr-breast-i,https://erichuang777777.github.io/TW-Breast-Cancer-FHIR-IG/ValueSet/tcr-breast-i-vs,87,免疫治療雖然是既定之首次療程計畫中的一部分，但未執行，且病歷記載個案或其家屬拒絕此項治療。,,,,,not-started,,,,Do not publish as ConceptMap until reviewed.
breast,I,https://erichuang777777.github.io/TW-Breast-Cancer-FHIR-IG/CodeSystem/tcr-breast-i,https://erichuang777777.github.io/TW-Breast-Cancer-FHIR-IG/ValueSet/tcr-breast-i-vs,88,免疫治療雖然是既定之首次療程計畫中的一部分，但摘錄時尚未執行。,,,,,not-started,,,,Do not publish as ConceptMap until reviewed.
breast,I,https://erichuang777777.github.io/TW-Breast-Cancer-FHIR-IG/CodeSystem/tcr-breast-i,https://erichuang777777.github.io/TW-Breast-Cancer-FHIR-IG/ValueSet/tcr-breast-i-vs,99,由於病歷未記載，所以不知道是否免疫治療有被建議或是已經執行。,,,,,not-started,,,,Do not publish as ConceptMap until reviewed.
breast,PRETAR,https://erichuang777777.github.io/TW-Breast-Cancer-FHIR-IG/CodeSystem/tcr-breast-pretar,https://erichuang777777.github.io/TW-Breast-Cancer-FHIR-IG/ValueSet/tcr-breast-pretar-vs,00,未接受標靶治療，標靶治療非首次療程的一部份。,,,,,not-started,,,,Do not publish as ConceptMap until reviewed.
breast,PRETAR,https://erichuang777777.github.io/TW-Breast-Cancer-FHIR-IG/CodeSystem/tcr-breast-pretar,https://erichuang777777.github.io/TW-Breast-Cancer-FHIR-IG/ValueSet/tcr-breast-pretar-vs,01,在首次療程中有接受標靶治療。,,,,,not-started,,,,Do not publish as ConceptMap until reviewed.
breast,PRETAR,https://erichuang777777.github.io/TW-Breast-Cancer-FHIR-IG/CodeSystem/tcr-breast-pretar,https://erichuang777777.github.io/TW-Breast-Cancer-FHIR-IG/ValueSet/tcr-breast-pretar-vs,20,僅接受臨床試驗標靶治療。,,,,,not-started,,,,Do not publish as ConceptMap until reviewed.
breast,PRETAR,https://erichuang777777.github.io/TW-Breast-Cancer-FHIR-IG/CodeSystem/tcr-breast-pretar,https://erichuang777777.github.io/TW-Breast-Cancer-FHIR-IG/ValueSet/tcr-breast-pretar-vs,21,同時接受標靶治療及臨床試驗標靶治療。,,,,,not-started,,,,Do not publish as ConceptMap until reviewed.
breast,PRETAR,https://erichuang777777.github.io/TW-Breast-Cancer-FHIR-IG/CodeSystem/tcr-breast-pretar,https://erichuang777777.github.io/TW-Breast-Cancer-FHIR-IG/ValueSet/tcr-breast-pretar-vs,30,僅接受雙盲試驗標靶治療。,,,,,not-started,,,,Do not publish as ConceptMap until reviewed.
breast,PRETAR,https://erichuang777777.github.io/TW-Breast-Cancer-FHIR-IG/CodeSystem/tcr-breast-pretar,https://erichuang777777.github.io/TW-Breast-Cancer-FHIR-IG/ValueSet/tcr-breast-pretar-vs,31,同時接受標靶治療及雙盲試驗標靶治療。,,,,,not-started,,,,Do not publish as ConceptMap until reviewed.
breast,PRETAR,https://erichuang777777.github.io/TW-Breast-Cancer-FHIR-IG/CodeSystem/tcr-breast-pretar,https://erichuang777777.github.io/TW-Breast-Cancer-FHIR-IG/ValueSet/tcr-breast-pretar-vs,99,由於病歷未記載，所以不知道是否標靶治療有被建議或是已經執行。,,,,,not-started,,,,Do not publish as ConceptMap until reviewed.
breast,TAR,https://erichuang777777.github.io/TW-Breast-Cancer-FHIR-IG/CodeSystem/tcr-breast-tar,https://erichuang777777.github.io/TW-Breast-Cancer-FHIR-IG/ValueSet/tcr-breast-tar-vs,00,未接受標靶治療，標靶治療非首次療程的一部份。,,,,,not-started,,,,Do not publish as ConceptMap until reviewed.
breast,TAR,https://erichuang777777.github.io/TW-Breast-Cancer-FHIR-IG/CodeSystem/tcr-breast-tar,https://erichuang777777.github.io/TW-Breast-Cancer-FHIR-IG/ValueSet/tcr-breast-tar-vs,01,在首次療程中有接受標靶治療。,,,,,not-started,,,,Do not publish as ConceptMap until reviewed.
breast,TAR,https://erichuang777777.github.io/TW-Breast-Cancer-FHIR-IG/CodeSystem/tcr-breast-tar,https://erichuang777777.github.io/TW-Breast-Cancer-FHIR-IG/ValueSet/tcr-breast-tar-vs,20,僅接受臨床試驗標靶治療。,,,,,not-started,,,,Do not publish as ConceptMap until reviewed.
breast,TAR,https://erichuang777777.github.io/TW-Breast-Cancer-FHIR-IG/CodeSystem/tcr-breast-tar,https://erichuang777777.github.io/TW-Breast-Cancer-FHIR-IG/ValueSet/tcr-breast-tar-vs,21,同時接受標靶治療及臨床試驗標靶治療。,,,,,not-started,,,,Do not publish as ConceptMap until reviewed.
breast,TAR,https://erichuang777777.github.io/TW-Breast-Cancer-FHIR-IG/CodeSystem/tcr-breast-tar,https://erichuang777777.github.io/TW-Breast-Cancer-FHIR-IG/ValueSet/tcr-breast-tar-vs,30,僅接受雙盲試驗標靶治療。,,,,,not-started,,,,Do not publish as ConceptMap until reviewed.
breast,TAR,https://erichuang777777.github.io/TW-Breast-Cancer-FHIR-IG/CodeSystem/tcr-breast-tar,https://erichuang777777.github.io/TW-Breast-Cancer-FHIR-IG/ValueSet/tcr-breast-tar-vs,31,同時接受標靶治療及雙盲試驗標靶治療。,,,,,not-started,,,,Do not publish as ConceptMap until reviewed.
breast,TAR,https://erichuang777777.github.io/TW-Breast-Cancer-FHIR-IG/CodeSystem/tcr-breast-tar,https://erichuang777777.github.io/TW-Breast-Cancer-FHIR-IG/ValueSet/tcr-breast-tar-vs,82,標靶治療因禁忌症或個案其他危險因素(併發症、年邁)而未建議或給予。,,,,,not-started,,,,Do not publish as ConceptMap until reviewed.
breast,TAR,https://erichuang777777.github.io/TW-Breast-Cancer-FHIR-IG/CodeSystem/tcr-breast-tar,https://erichuang777777.github.io/TW-Breast-Cancer-FHIR-IG/ValueSet/tcr-breast-tar-vs,83,標靶治療因疾病進展而未建議或給予。,,,,,not-started,,,,Do not publish as ConceptMap until reviewed.
breast,TAR,https://erichuang777777.github.io/TW-Breast-Cancer-FHIR-IG/CodeSystem/tcr-breast-tar,https://erichuang777777.github.io/TW-Breast-Cancer-FHIR-IG/ValueSet/tcr-breast-tar-vs,85,標靶治療是既定之首次療程計畫中的一部分，但因個案未接受治療前即死亡或病危出院。,,,,,not-started,,,,Do not publish as ConceptMap until reviewed.
breast,TAR,https://erichuang777777.github.io/TW-Breast-Cancer-FHIR-IG/CodeSystem/tcr-breast-tar,https://erichuang777777.github.io/TW-Breast-Cancer-FHIR-IG/ValueSet/tcr-breast-tar-vs,86,標靶治療雖然是既定之首次療程計畫中的一部分，未執行且病歷也未記載未執行的原因；或於他院執行標靶治療。,,,,,not-started,,,,Do not publish as ConceptMap until reviewed.
breast,TAR,https://erichuang777777.github.io/TW-Breast-Cancer-FHIR-IG/CodeSystem/tcr-breast-tar,https://erichuang777777.github.io/TW-Breast-Cancer-FHIR-IG/ValueSet/tcr-breast-tar-vs,87,標靶治療雖然是既定之首次療程計畫中的一部分，但未執行，且病歷記載個案或其家屬拒絕此項治療。,,,,,not-started,,,,Do not publish as ConceptMap until reviewed.
breast,TAR,https://erichuang777777.github.io/TW-Breast-Cancer-FHIR-IG/CodeSystem/tcr-breast-tar,https://erichuang777777.github.io/TW-Breast-Cancer-FHIR-IG/ValueSet/tcr-breast-tar-vs,88,標靶治療雖然是既定之首次療程計畫中的一部分，但摘錄時尚未執行。,,,,,not-started,,,,Do not publish as ConceptMap until reviewed.
breast,TAR,https://erichuang777777.github.io/TW-Breast-Cancer-FHIR-IG/CodeSystem/tcr-breast-tar,https://erichuang777777.github.io/TW-Breast-Cancer-FHIR-IG/ValueSet/tcr-breast-tar-vs,99,由於病歷未記載，所以不知道是否標靶治療有被建議或是已經執行。,,,,,not-started,,,,Do not publish as ConceptMap until reviewed.
breast,OTH,https://erichuang777777.github.io/TW-Breast-Cancer-FHIR-IG/CodeSystem/tcr-breast-oth,https://erichuang777777.github.io/TW-Breast-Cancer-FHIR-IG/ValueSet/tcr-breast-oth-vs,00,未接受其他治療，其他治療非首次療程的一部份。,,,,,not-started,,,,Do not publish as ConceptMap until reviewed.
breast,OTH,https://erichuang777777.github.io/TW-Breast-Cancer-FHIR-IG/CodeSystem/tcr-breast-oth,https://erichuang777777.github.io/TW-Breast-Cancer-FHIR-IG/ValueSet/tcr-breast-oth-vs,01,在申報醫院的首次療程中接受其他治療。,,,,,not-started,,,,Do not publish as ConceptMap until reviewed.
breast,OTH,https://erichuang777777.github.io/TW-Breast-Cancer-FHIR-IG/CodeSystem/tcr-breast-oth,https://erichuang777777.github.io/TW-Breast-Cancer-FHIR-IG/ValueSet/tcr-breast-oth-vs,02,在外院的首次療程中接受其他治療。,,,,,not-started,,,,Do not publish as ConceptMap until reviewed.
breast,OTH,https://erichuang777777.github.io/TW-Breast-Cancer-FHIR-IG/CodeSystem/tcr-breast-oth,https://erichuang777777.github.io/TW-Breast-Cancer-FHIR-IG/ValueSet/tcr-breast-oth-vs,03,個案在申報醫院及外院的首次療程中接受其他治療。,,,,,not-started,,,,Do not publish as ConceptMap until reviewed.
breast,OTH,https://erichuang777777.github.io/TW-Breast-Cancer-FHIR-IG/CodeSystem/tcr-breast-oth,https://erichuang777777.github.io/TW-Breast-Cancer-FHIR-IG/ValueSet/tcr-breast-oth-vs,99,由於病歷未記載，所以不知道其他治療是否有被建議或是已經執行。,,,,,not-started,,,,Do not publish as ConceptMap until reviewed.
breast,PREP,https://erichuang777777.github.io/TW-Breast-Cancer-FHIR-IG/CodeSystem/tcr-breast-prep,https://erichuang777777.github.io/TW-Breast-Cancer-FHIR-IG/ValueSet/tcr-breast-prep-vs,0,個案未接受緩和照護。,,,,,not-started,,,,Do not publish as ConceptMap until reviewed.
breast,PREP,https://erichuang777777.github.io/TW-Breast-Cancer-FHIR-IG/CodeSystem/tcr-breast-prep,https://erichuang777777.github.io/TW-Breast-Cancer-FHIR-IG/ValueSet/tcr-breast-prep-vs,1,接受以減輕症狀為目的，而非為了診斷、分期或治療所進行之手術(可包括bypass 繞道手術)。,,,,,not-started,,,,Do not publish as ConceptMap until reviewed.
breast,PREP,https://erichuang777777.github.io/TW-Breast-Cancer-FHIR-IG/CodeSystem/tcr-breast-prep,https://erichuang777777.github.io/TW-Breast-Cancer-FHIR-IG/ValueSet/tcr-breast-prep-vs,2,僅接受以減輕症狀為目的，而非為了診斷、分期或治療所進行之放射治療。,,,,,not-started,,,,Do not publish as ConceptMap until reviewed.
breast,PREP,https://erichuang777777.github.io/TW-Breast-Cancer-FHIR-IG/CodeSystem/tcr-breast-prep,https://erichuang777777.github.io/TW-Breast-Cancer-FHIR-IG/ValueSet/tcr-breast-prep-vs,3,僅接受以減輕症狀為目的，而非為了診斷、分期或治療所進行之局部藥物或全身性藥物治療。,,,,,not-started,,,,Do not publish as ConceptMap until reviewed.
breast,PREP,https://erichuang777777.github.io/TW-Breast-Cancer-FHIR-IG/CodeSystem/tcr-breast-prep,https://erichuang777777.github.io/TW-Breast-Cancer-FHIR-IG/ValueSet/tcr-breast-prep-vs,4,僅接受或轉介疼痛治療，並未接受其他緩和照護。,,,,,not-started,,,,Do not publish as ConceptMap until reviewed.
breast,PREP,https://erichuang777777.github.io/TW-Breast-Cancer-FHIR-IG/CodeSystem/tcr-breast-prep,https://erichuang777777.github.io/TW-Breast-Cancer-FHIR-IG/ValueSet/tcr-breast-prep-vs,5,編碼 1、2 及 3 任二項或二項以上但不包括 4。,,,,,not-started,,,,Do not publish as ConceptMap until reviewed.
breast,PREP,https://erichuang777777.github.io/TW-Breast-Cancer-FHIR-IG/CodeSystem/tcr-breast-prep,https://erichuang777777.github.io/TW-Breast-Cancer-FHIR-IG/ValueSet/tcr-breast-prep-vs,6,編碼 1、2 及 3 任一項或一項以上且包括 4。,,,,,not-started,,,,Do not publish as ConceptMap until reviewed.
breast,PREP,https://erichuang777777.github.io/TW-Breast-Cancer-FHIR-IG/CodeSystem/tcr-breast-prep,https://erichuang777777.github.io/TW-Breast-Cancer-FHIR-IG/ValueSet/tcr-breast-prep-vs,7,有接受或轉介緩和照護，但在病歷中未提及緩和照護的型式。,,,,,not-started,,,,Do not publish as ConceptMap until reviewed.
breast,PREP,https://erichuang777777.github.io/TW-Breast-Cancer-FHIR-IG/CodeSystem/tcr-breast-prep,https://erichuang777777.github.io/TW-Breast-Cancer-FHIR-IG/ValueSet/tcr-breast-prep-vs,9,不確定是否曾接受或轉介緩和照護；病歷未記載。,,,,,not-started,,,,Do not publish as ConceptMap until reviewed.
breast,VSTA,https://erichuang777777.github.io/TW-Breast-Cancer-FHIR-IG/CodeSystem/tcr-breast-vsta,https://erichuang777777.github.io/TW-Breast-Cancer-FHIR-IG/ValueSet/tcr-breast-vsta-vs,0,死亡。,,,,,not-started,,,,Do not publish as ConceptMap until reviewed.
breast,VSTA,https://erichuang777777.github.io/TW-Breast-Cancer-FHIR-IG/CodeSystem/tcr-breast-vsta,https://erichuang777777.github.io/TW-Breast-Cancer-FHIR-IG/ValueSet/tcr-breast-vsta-vs,1,存活。,,,,,not-started,,,,Do not publish as ConceptMap until reviewed.
breast,RETYPE95,https://erichuang777777.github.io/TW-Breast-Cancer-FHIR-IG/CodeSystem/tcr-breast-retype95,https://erichuang777777.github.io/TW-Breast-Cancer-FHIR-IG/ValueSet/tcr-breast-retype95-vs,00,個案治療後 disease-free 且沒有復發。,,,,,not-started,,,,Do not publish as ConceptMap until reviewed.
breast,RETYPE95,https://erichuang777777.github.io/TW-Breast-Cancer-FHIR-IG/CodeSystem/tcr-breast-retype95,https://erichuang777777.github.io/TW-Breast-Cancer-FHIR-IG/ValueSet/tcr-breast-retype95-vs,04,侵襲癌以原位癌的形式復發。,,,,,not-started,,,,Do not publish as ConceptMap until reviewed.
breast,RETYPE95,https://erichuang777777.github.io/TW-Breast-Cancer-FHIR-IG/CodeSystem/tcr-breast-retype95,https://erichuang777777.github.io/TW-Breast-Cancer-FHIR-IG/ValueSet/tcr-breast-retype95-vs,06,原位癌以原位癌的形式復發。,,,,,not-started,,,,Do not publish as ConceptMap until reviewed.
breast,RETYPE95,https://erichuang777777.github.io/TW-Breast-Cancer-FHIR-IG/CodeSystem/tcr-breast-retype95,https://erichuang777777.github.io/TW-Breast-Cancer-FHIR-IG/ValueSet/tcr-breast-retype95-vs,10,局部復發，且無足夠的資訊可供編碼為 13-17。,,,,,not-started,,,,Do not publish as ConceptMap until reviewed.
breast,RETYPE95,https://erichuang777777.github.io/TW-Breast-Cancer-FHIR-IG/CodeSystem/tcr-breast-retype95,https://erichuang777777.github.io/TW-Breast-Cancer-FHIR-IG/ValueSet/tcr-breast-retype95-vs,13,侵襲癌於局部復發。,,,,,not-started,,,,Do not publish as ConceptMap until reviewed.
breast,RETYPE95,https://erichuang777777.github.io/TW-Breast-Cancer-FHIR-IG/CodeSystem/tcr-breast-retype95,https://erichuang777777.github.io/TW-Breast-Cancer-FHIR-IG/ValueSet/tcr-breast-retype95-vs,14,侵襲癌於套管處(trocar)復發。,,,,,not-started,,,,Do not publish as ConceptMap until reviewed.
breast,RETYPE95,https://erichuang777777.github.io/TW-Breast-Cancer-FHIR-IG/CodeSystem/tcr-breast-retype95,https://erichuang777777.github.io/TW-Breast-Cancer-FHIR-IG/ValueSet/tcr-breast-retype95-vs,15,侵襲癌同時於局部及套管處復發。,,,,,not-started,,,,Do not publish as ConceptMap until reviewed.
breast,RETYPE95,https://erichuang777777.github.io/TW-Breast-Cancer-FHIR-IG/CodeSystem/tcr-breast-retype95,https://erichuang777777.github.io/TW-Breast-Cancer-FHIR-IG/ValueSet/tcr-breast-retype95-vs,16,原位癌於局部復發，其他未詳細描述。,,,,,not-started,,,,Do not publish as ConceptMap until reviewed.
breast,RETYPE95,https://erichuang777777.github.io/TW-Breast-Cancer-FHIR-IG/CodeSystem/tcr-breast-retype95,https://erichuang777777.github.io/TW-Breast-Cancer-FHIR-IG/ValueSet/tcr-breast-retype95-vs,17,原位癌同時於局部及套管處復發。,,,,,not-started,,,,Do not publish as ConceptMap until reviewed.
breast,RETYPE95,https://erichuang777777.github.io/TW-Breast-Cancer-FHIR-IG/CodeSystem/tcr-breast-retype95,https://erichuang777777.github.io/TW-Breast-Cancer-FHIR-IG/ValueSet/tcr-breast-retype95-vs,20,區域性復發，且無足夠資訊可供編碼為 21-27。,,,,,not-started,,,,Do not publish as ConceptMap until reviewed.
breast,RETYPE95,https://erichuang777777.github.io/TW-Breast-Cancer-FHIR-IG/CodeSystem/tcr-breast-retype95,https://erichuang777777.github.io/TW-Breast-Cancer-FHIR-IG/ValueSet/tcr-breast-retype95-vs,21,侵襲癌僅於鄰近組織或器官復發。,,,,,not-started,,,,Do not publish as ConceptMap until reviewed.
breast,RETYPE95,https://erichuang777777.github.io/TW-Breast-Cancer-FHIR-IG/CodeSystem/tcr-breast-retype95,https://erichuang777777.github.io/TW-Breast-Cancer-FHIR-IG/ValueSet/tcr-breast-retype95-vs,22,侵襲癌僅於區域淋巴結復發。,,,,,not-started,,,,Do not publish as ConceptMap until reviewed.
breast,RETYPE95,https://erichuang777777.github.io/TW-Breast-Cancer-FHIR-IG/CodeSystem/tcr-breast-retype95,https://erichuang777777.github.io/TW-Breast-Cancer-FHIR-IG/ValueSet/tcr-breast-retype95-vs,25,侵襲癌同時於鄰近組織或器官及區域淋巴結復發。,,,,,not-started,,,,Do not publish as ConceptMap until reviewed.
breast,RETYPE95,https://erichuang777777.github.io/TW-Breast-Cancer-FHIR-IG/CodeSystem/tcr-breast-retype95,https://erichuang777777.github.io/TW-Breast-Cancer-FHIR-IG/ValueSet/tcr-breast-retype95-vs,26,原位癌於區域性復發，其他未詳細描述。,,,,,not-started,,,,Do not publish as ConceptMap until reviewed.
breast,RETYPE95,https://erichuang777777.github.io/TW-Breast-Cancer-FHIR-IG/CodeSystem/tcr-breast-retype95,https://erichuang777777.github.io/TW-Breast-Cancer-FHIR-IG/ValueSet/tcr-breast-retype95-vs,27,原位癌同時於鄰近組織或器官以及區域淋巴結復發。,,,,,not-started,,,,Do not publish as ConceptMap until reviewed.
breast,RETYPE95,https://erichuang777777.github.io/TW-Breast-Cancer-FHIR-IG/CodeSystem/tcr-breast-retype95,https://erichuang777777.github.io/TW-Breast-Cancer-FHIR-IG/ValueSet/tcr-breast-retype95-vs,30,侵襲癌之復發為鄰近組織/器官或區域淋巴結復發，合併局部或套管處/手術切開處復發。,,,,,not-started,,,,Do not publish as ConceptMap until reviewed.
breast,RETYPE95,https://erichuang777777.github.io/TW-Breast-Cancer-FHIR-IG/CodeSystem/tcr-breast-retype95,https://erichuang777777.github.io/TW-Breast-Cancer-FHIR-IG/ValueSet/tcr-breast-retype95-vs,36,原位癌之復發為區域性復發，合併局部或套管處復發。,,,,,not-started,,,,Do not publish as ConceptMap until reviewed.
breast,RETYPE95,https://erichuang777777.github.io/TW-Breast-Cancer-FHIR-IG/CodeSystem/tcr-breast-retype95,https://erichuang777777.github.io/TW-Breast-Cancer-FHIR-IG/ValueSet/tcr-breast-retype95-vs,40,遠端復發，且無足夠資訊可供編碼為 46-62。,,,,,not-started,,,,Do not publish as ConceptMap until reviewed.
breast,RETYPE95,https://erichuang777777.github.io/TW-Breast-Cancer-FHIR-IG/CodeSystem/tcr-breast-retype95,https://erichuang777777.github.io/TW-Breast-Cancer-FHIR-IG/ValueSet/tcr-breast-retype95-vs,46,原位癌於遠端復發。,,,,,not-started,,,,Do not publish as ConceptMap until reviewed.
breast,RETYPE95,https://erichuang777777.github.io/TW-Breast-Cancer-FHIR-IG/CodeSystem/tcr-breast-retype95,https://erichuang777777.github.io/TW-Breast-Cancer-FHIR-IG/ValueSet/tcr-breast-retype95-vs,51,侵襲癌僅於腹膜發生遠端復發，或腹水呈現惡性細胞。,,,,,not-started,,,,Do not publish as ConceptMap until reviewed.
breast,RETYPE95,https://erichuang777777.github.io/TW-Breast-Cancer-FHIR-IG/CodeSystem/tcr-breast-retype95,https://erichuang777777.github.io/TW-Breast-Cancer-FHIR-IG/ValueSet/tcr-breast-retype95-vs,52,侵襲癌僅於肺臟(包括 visceral pleura)發生遠端復發。,,,,,not-started,,,,Do not publish as ConceptMap until reviewed.
breast,RETYPE95,https://erichuang777777.github.io/TW-Breast-Cancer-FHIR-IG/CodeSystem/tcr-breast-retype95,https://erichuang777777.github.io/TW-Breast-Cancer-FHIR-IG/ValueSet/tcr-breast-retype95-vs,53,侵襲癌僅於 pleura 發生遠端復發，或肋膜滲液呈現惡性細胞。,,,,,not-started,,,,Do not publish as ConceptMap until reviewed.
breast,RETYPE95,https://erichuang777777.github.io/TW-Breast-Cancer-FHIR-IG/CodeSystem/tcr-breast-retype95,https://erichuang777777.github.io/TW-Breast-Cancer-FHIR-IG/ValueSet/tcr-breast-retype95-vs,54,侵襲癌僅於肝發生遠端復發。,,,,,not-started,,,,Do not publish as ConceptMap until reviewed.
breast,RETYPE95,https://erichuang777777.github.io/TW-Breast-Cancer-FHIR-IG/CodeSystem/tcr-breast-retype95,https://erichuang777777.github.io/TW-Breast-Cancer-FHIR-IG/ValueSet/tcr-breast-retype95-vs,55,侵襲癌僅於骨骼發生遠端復發，但原發部位的骨骼除外。,,,,,not-started,,,,Do not publish as ConceptMap until reviewed.
breast,RETYPE95,https://erichuang777777.github.io/TW-Breast-Cancer-FHIR-IG/CodeSystem/tcr-breast-retype95,https://erichuang777777.github.io/TW-Breast-Cancer-FHIR-IG/ValueSet/tcr-breast-retype95-vs,56,侵襲癌僅於中樞神經系統(CNS)發生遠端復發，但 external eye 除外。,,,,,not-started,,,,Do not publish as ConceptMap until reviewed.
breast,RETYPE95,https://erichuang777777.github.io/TW-Breast-Cancer-FHIR-IG/CodeSystem/tcr-breast-retype95,https://erichuang777777.github.io/TW-Breast-Cancer-FHIR-IG/ValueSet/tcr-breast-retype95-vs,57,侵襲癌僅於皮膚發生遠端復發，但原發部位的皮膚除外。,,,,,not-started,,,,Do not publish as ConceptMap until reviewed.
breast,RETYPE95,https://erichuang777777.github.io/TW-Breast-Cancer-FHIR-IG/CodeSystem/tcr-breast-retype95,https://erichuang777777.github.io/TW-Breast-Cancer-FHIR-IG/ValueSet/tcr-breast-retype95-vs,58,侵襲癌僅於遠端淋巴結復發。,,,,,not-started,,,,Do not publish as ConceptMap until reviewed.
breast,RETYPE95,https://erichuang777777.github.io/TW-Breast-Cancer-FHIR-IG/CodeSystem/tcr-breast-retype95,https://erichuang777777.github.io/TW-Breast-Cancer-FHIR-IG/ValueSet/tcr-breast-retype95-vs,59,侵襲癌僅發生全身性(systemic)遠端復發（如 lymphoma、leukemia、骨髓轉移等）。,,,,,not-started,,,,Do not publish as ConceptMap until reviewed.
breast,RETYPE95,https://erichuang777777.github.io/TW-Breast-Cancer-FHIR-IG/CodeSystem/tcr-breast-retype95,https://erichuang777777.github.io/TW-Breast-Cancer-FHIR-IG/ValueSet/tcr-breast-retype95-vs,60,侵襲癌之復發為單一或多處遠端部位復發，合併局部或區域復發。,,,,,not-started,,,,Do not publish as ConceptMap until reviewed.
breast,RETYPE95,https://erichuang777777.github.io/TW-Breast-Cancer-FHIR-IG/CodeSystem/tcr-breast-retype95,https://erichuang777777.github.io/TW-Breast-Cancer-FHIR-IG/ValueSet/tcr-breast-retype95-vs,62,侵襲癌於多處遠端部位復發。,,,,,not-started,,,,Do not publish as ConceptMap until reviewed.
breast,RETYPE95,https://erichuang777777.github.io/TW-Breast-Cancer-FHIR-IG/CodeSystem/tcr-breast-retype95,https://erichuang777777.github.io/TW-Breast-Cancer-FHIR-IG/ValueSet/tcr-breast-retype95-vs,70,個案癌症確診後從未 disease-free 過。,,,,,not-started,,,,Do not publish as ConceptMap until reviewed.
breast,RETYPE95,https://erichuang777777.github.io/TW-Breast-Cancer-FHIR-IG/CodeSystem/tcr-breast-retype95,https://erichuang777777.github.io/TW-Breast-Cancer-FHIR-IG/ValueSet/tcr-breast-retype95-vs,88,癌症有復發，但復發型式不詳。,,,,,not-started,,,,Do not publish as ConceptMap until reviewed.
breast,RETYPE95,https://erichuang777777.github.io/TW-Breast-Cancer-FHIR-IG/CodeSystem/tcr-breast-retype95,https://erichuang777777.github.io/TW-Breast-Cancer-FHIR-IG/ValueSet/tcr-breast-retype95-vs,99,不確定癌症是否曾復發或曾 disease-free 過。,,,,,not-started,,,,Do not publish as ConceptMap until reviewed.
