Mapping Rule ID,QBC Tag,QBC 中文名稱,Source specification,Source SHA-256,Source condition,Source cardinality,Source datatype,Current bridge input,Target source evidence,Canonical fact,Projection role,Target Resource,Target Element,Target datatype,Target cardinality,Target profile canonical,Target profile version,Semantic alignment canonical,Semantic alignment version,Terminology/ConceptMap,Map relationship,Transform rule,Null handling,Repeat handling,Information-loss policy,Round-trip policy,Technical status,Approval gates,Release status
QBC-MAP-HOSPID,HOSPID,醫事機構代碼,11507 定版,f63be9eae07c552af4f03e9771e48bcda1c5b4eb14c36ae6291c1fc0fb4e069d,true,1..1,string,癌症診療計畫書／病人、醫師或個管主檔,"patient/master data, clinical assessment or encounter source",Patient / EpisodeOfCare / Condition / Observation,derived projection to QBC; plan and QBC are not source-of-truth facts,Organization,Organization.identifier,Identifier,0..*,https://twcore.mohw.gov.tw/ig/twcore/StructureDefinition/Organization-twcore,1.0.0,,,QBC field-specific ValueSet or source terminology; copy or field-specific ConceptMap; raw QBC value retained in Provenance,equivalent,copy after Big5/max-length validation; preserve exact source in Provenance,reject missing when condition is true; otherwise omit target element; never invent a value,create one target item per source repetition; multi-select values are separate codings unless profile requires one CodeableConcept,lossless with raw QBC value retained in Provenance,QBC export MUST use retained raw value plus validated canonical value; fail closed if they disagree,implemented-and-tested,none,technically-ready
QBC-MAP-ID,ID,個案身份證號,11507 定版,f63be9eae07c552af4f03e9771e48bcda1c5b4eb14c36ae6291c1fc0fb4e069d,true,1..1,string,癌症診療計畫書／病人、醫師或個管主檔,"patient/master data, clinical assessment or encounter source",Patient / EpisodeOfCare / Condition / Observation,derived projection to QBC; plan and QBC are not source-of-truth facts,Patient,Patient.identifier,Identifier,1..*,https://erichuang777777.github.io/TW-Breast-Cancer-FHIR-IG/StructureDefinition/qbc-patient,1.0.0-preview.1,,,QBC field-specific ValueSet or source terminology; copy or field-specific ConceptMap; raw QBC value retained in Provenance,equivalent,copy after Big5/max-length validation; preserve exact source in Provenance,reject missing when condition is true; otherwise omit target element; never invent a value,create one target item per source repetition; multi-select values are separate codings unless profile requires one CodeableConcept,lossless with raw QBC value retained in Provenance,QBC export MUST use retained raw value plus validated canonical value; fail closed if they disagree,implemented-and-tested,none,technically-ready
QBC-MAP-BIRTHDAY,BIRTHDAY,個案出生年月日,11507 定版,f63be9eae07c552af4f03e9771e48bcda1c5b4eb14c36ae6291c1fc0fb4e069d,true,1..1,date,癌症診療計畫書／病人、醫師或個管主檔,"patient/master data, clinical assessment or encounter source",Patient / EpisodeOfCare / Condition / Observation,derived projection to QBC; plan and QBC are not source-of-truth facts,Patient,Patient.birthDate,date,1..1,https://erichuang777777.github.io/TW-Breast-Cancer-FHIR-IG/StructureDefinition/qbc-patient,1.0.0-preview.1,,,FHIR date/dateTime; YYYYMMDD → YYYY-MM-DD; timezone not inferred,equivalent,parse YYYYMMDD as FHIR date/dateTime; reject invalid calendar dates,reject missing when condition is true; otherwise omit target element; never invent a value,create one target item per source repetition; multi-select values are separate codings unless profile requires one CodeableConcept,lossless with raw QBC value retained in Provenance,QBC export MUST use retained raw value plus validated canonical value; fail closed if they disagree,implemented-and-tested,none,technically-ready
QBC-MAP-DIAG_TYPE,DIAG_TYPE,收案類別,11507 定版,f63be9eae07c552af4f03e9771e48bcda1c5b4eb14c36ae6291c1fc0fb4e069d,true,1..1,code,癌症診療計畫書／病人、醫師或個管主檔,"patient/master data, clinical assessment or encounter source",Patient / EpisodeOfCare / Condition / Observation,derived projection to QBC; plan and QBC are not source-of-truth facts,EpisodeOfCare,EpisodeOfCare.extension[qbc-enrollment-type],CodeableConcept,0..1,http://hl7.org/fhir/StructureDefinition/EpisodeOfCare,4.0.1,,,QBC field-specific ValueSet or source terminology; copy or field-specific ConceptMap; raw QBC value retained in Provenance,equivalent,validate against QBC field ValueSet; translate when ConceptMap exists; preserve raw code,reject missing when condition is true; otherwise omit target element; never invent a value,create one target item per source repetition; multi-select values are separate codings unless profile requires one CodeableConcept,lossless with raw QBC value retained in Provenance,QBC export MUST use retained raw value plus validated canonical value; fail closed if they disagree,implemented-and-tested,FHIR-EXTENSIONS,ready-for-human-review
QBC-MAP-LATERALITY,LATERALITY,側性(患部),11507 定版,f63be9eae07c552af4f03e9771e48bcda1c5b4eb14c36ae6291c1fc0fb4e069d,true,1..1,code,癌症診療計畫書／病人、醫師或個管主檔,"patient/master data, clinical assessment or encounter source",Patient / EpisodeOfCare / Condition / Observation,derived projection to QBC; plan and QBC are not source-of-truth facts,Condition,Condition.bodySite,CodeableConcept,0..*,https://twcore.mohw.gov.tw/ig/twcore/StructureDefinition/Condition-twcore,1.0.0,,,QBCLateralityToSNOMEDCT; L/R → SNOMED CT 7771000/24028007,equivalent,"translate(LATERALITY, QBCLateralityToSNOMEDCT)",reject missing when condition is true; otherwise omit target element; never invent a value,create one target item per source repetition; multi-select values are separate codings unless profile requires one CodeableConcept,lossless with raw QBC value retained in Provenance,QBC export MUST use retained raw value plus validated canonical value; fail closed if they disagree,implemented-and-tested,none,technically-ready
QBC-MAP-P01,P01,個案姓名,11507 定版,f63be9eae07c552af4f03e9771e48bcda1c5b4eb14c36ae6291c1fc0fb4e069d,true,1..1,string,癌症診療計畫書／病人、醫師或個管主檔,"patient/master data, clinical assessment or encounter source",Patient / EpisodeOfCare / Condition / Observation,derived projection to QBC; plan and QBC are not source-of-truth facts,Patient,Patient.name,HumanName,0..*,https://erichuang777777.github.io/TW-Breast-Cancer-FHIR-IG/StructureDefinition/qbc-patient,1.0.0-preview.1,,,QBC field-specific ValueSet or source terminology; copy or field-specific ConceptMap; raw QBC value retained in Provenance,equivalent,copy after Big5/max-length validation; preserve exact source in Provenance,reject missing when condition is true; otherwise omit target element; never invent a value,create one target item per source repetition; multi-select values are separate codings unless profile requires one CodeableConcept,lossless with raw QBC value retained in Provenance,QBC export MUST use retained raw value plus validated canonical value; fail closed if they disagree,implemented-and-tested,none,technically-ready
QBC-MAP-P02,P02,個案性別,11507 定版,f63be9eae07c552af4f03e9771e48bcda1c5b4eb14c36ae6291c1fc0fb4e069d,true,1..1,code,癌症診療計畫書／病人、醫師或個管主檔,"patient/master data, clinical assessment or encounter source",Patient / EpisodeOfCare / Condition / Observation,derived projection to QBC; plan and QBC are not source-of-truth facts,Patient,Patient.gender,code,0..1,https://erichuang777777.github.io/TW-Breast-Cancer-FHIR-IG/StructureDefinition/qbc-patient,1.0.0-preview.1,,,QBCGenderToFHIRAdministrativeGender; QBC 0/1/2/3 → male/female/other/unknown,equivalent,"translate(P02, QBCGenderToFHIRAdministrativeGender)",reject missing when condition is true; otherwise omit target element; never invent a value,create one target item per source repetition; multi-select values are separate codings unless profile requires one CodeableConcept,lossless with raw QBC value retained in Provenance,QBC export MUST use retained raw value plus validated canonical value; fail closed if they disagree,implemented-and-tested,none,technically-ready
QBC-MAP-P03,P03,身高,11507 定版,f63be9eae07c552af4f03e9771e48bcda1c5b4eb14c36ae6291c1fc0fb4e069d,true,1..1,decimal,癌症診療計畫書／病人、醫師或個管主檔,"patient/master data, clinical assessment or encounter source",Patient / EpisodeOfCare / Condition / Observation,derived projection to QBC; plan and QBC are not source-of-truth facts,Observation,Observation.valueQuantity,Quantity,1..1,https://twcore.mohw.gov.tw/ig/twcore/StructureDefinition/Observation-body-height-twcore,1.0.0,,,LOINC 8302-2|29463-7 + UCUM cm|kg; decimal → Quantity,equivalent,parse decimal; set UCUM system and code 'cm',reject missing when condition is true; otherwise omit target element; never invent a value,create one target item per source repetition; multi-select values are separate codings unless profile requires one CodeableConcept,lossless with raw QBC value retained in Provenance,QBC export MUST use retained raw value plus validated canonical value; fail closed if they disagree,implemented-and-tested,none,technically-ready
QBC-MAP-P04,P04,體重,11507 定版,f63be9eae07c552af4f03e9771e48bcda1c5b4eb14c36ae6291c1fc0fb4e069d,true,1..1,decimal,癌症診療計畫書／病人、醫師或個管主檔,"patient/master data, clinical assessment or encounter source",Patient / EpisodeOfCare / Condition / Observation,derived projection to QBC; plan and QBC are not source-of-truth facts,Observation,Observation.valueQuantity,Quantity,1..1,https://twcore.mohw.gov.tw/ig/twcore/StructureDefinition/Observation-body-weight-twcore,1.0.0,,,LOINC 8302-2|29463-7 + UCUM cm|kg; decimal → Quantity,equivalent,parse decimal; set UCUM system and code 'kg',reject missing when condition is true; otherwise omit target element; never invent a value,create one target item per source repetition; multi-select values are separate codings unless profile requires one CodeableConcept,lossless with raw QBC value retained in Provenance,QBC export MUST use retained raw value plus validated canonical value; fail closed if they disagree,implemented-and-tested,none,technically-ready
QBC-MAP-P05,P05,是否已停經,11507 定版,f63be9eae07c552af4f03e9771e48bcda1c5b4eb14c36ae6291c1fc0fb4e069d,source value exists,0..1,code,癌症診療計畫書／病人、醫師或個管主檔,"patient/master data, clinical assessment or encounter source",Patient / EpisodeOfCare / Condition / Observation,derived projection to QBC; plan and QBC are not source-of-truth facts,Observation,Observation.valueCodeableConcept,CodeableConcept,1..1,https://erichuang777777.github.io/TW-Breast-Cancer-FHIR-IG/StructureDefinition/qbc-data-item-observation,1.0.0-preview.1,,,QBC field-specific ValueSet or source terminology; copy or field-specific ConceptMap; raw QBC value retained in Provenance,equivalent,validate against QBC field ValueSet; translate when ConceptMap exists; preserve raw code,reject missing when condition is true; otherwise omit target element; never invent a value,create one target item per source repetition; multi-select values are separate codings unless profile requires one CodeableConcept,lossless with raw QBC value retained in Provenance,QBC export MUST use retained raw value plus validated canonical value; fail closed if they disagree,implemented-and-tested,none,technically-ready
QBC-MAP-P06,P06,停經年齡,11507 定版,f63be9eae07c552af4f03e9771e48bcda1c5b4eb14c36ae6291c1fc0fb4e069d,source value exists,0..1,integer,癌症診療計畫書／病人、醫師或個管主檔,"patient/master data, clinical assessment or encounter source",Patient / EpisodeOfCare / Condition / Observation,derived projection to QBC; plan and QBC are not source-of-truth facts,Observation,Observation.valueQuantity,Quantity,1..1,https://erichuang777777.github.io/TW-Breast-Cancer-FHIR-IG/StructureDefinition/qbc-quantity-data-item-observation,1.0.0-preview.1,,,QBC field-specific ValueSet or source terminology; copy or field-specific ConceptMap; raw QBC value retained in Provenance,equivalent,copy after Big5/max-length validation; preserve exact source in Provenance,reject missing when condition is true; otherwise omit target element; never invent a value,create one target item per source repetition; multi-select values are separate codings unless profile requires one CodeableConcept,lossless with raw QBC value retained in Provenance,QBC export MUST use retained raw value plus validated canonical value; fail closed if they disagree,implemented-and-tested,none,technically-ready
QBC-MAP-P07,P07,主責醫師身份證字號,11507 定版,f63be9eae07c552af4f03e9771e48bcda1c5b4eb14c36ae6291c1fc0fb4e069d,true,1..1,string,癌症診療計畫書／病人、醫師或個管主檔,"patient/master data, clinical assessment or encounter source",Patient / EpisodeOfCare / Condition / Observation,derived projection to QBC; plan and QBC are not source-of-truth facts,Practitioner,Practitioner.identifier,Identifier,0..*,https://twcore.mohw.gov.tw/ig/twcore/StructureDefinition/Practitioner-twcore,1.0.0,,,QBC field-specific ValueSet or source terminology; copy or field-specific ConceptMap; raw QBC value retained in Provenance,equivalent,copy after Big5/max-length validation; preserve exact source in Provenance,reject missing when condition is true; otherwise omit target element; never invent a value,create one target item per source repetition; multi-select values are separate codings unless profile requires one CodeableConcept,lossless with raw QBC value retained in Provenance,QBC export MUST use retained raw value plus validated canonical value; fail closed if they disagree,implemented-and-tested,none,technically-ready
QBC-MAP-P08,P08,個案分類,11507 定版,f63be9eae07c552af4f03e9771e48bcda1c5b4eb14c36ae6291c1fc0fb4e069d,true,1..1,code,癌症診療計畫書／病人、醫師或個管主檔,"patient/master data, clinical assessment or encounter source",Patient / EpisodeOfCare / Condition / Observation,derived projection to QBC; plan and QBC are not source-of-truth facts,EpisodeOfCare,EpisodeOfCare.extension[qbc-case-class],CodeableConcept,0..1,http://hl7.org/fhir/StructureDefinition/EpisodeOfCare,4.0.1,,,QBC field-specific ValueSet or source terminology; copy or field-specific ConceptMap; raw QBC value retained in Provenance,equivalent,validate against QBC field ValueSet; translate when ConceptMap exists; preserve raw code,reject missing when condition is true; otherwise omit target element; never invent a value,create one target item per source repetition; multi-select values are separate codings unless profile requires one CodeableConcept,lossless with raw QBC value retained in Provenance,QBC export MUST use retained raw value plus validated canonical value; fail closed if they disagree,implemented-and-tested,FHIR-EXTENSIONS,ready-for-human-review
QBC-MAP-P09,P09,收案日期,11507 定版,f63be9eae07c552af4f03e9771e48bcda1c5b4eb14c36ae6291c1fc0fb4e069d,true,1..1,date,癌症診療計畫書／病人、醫師或個管主檔,"patient/master data, clinical assessment or encounter source",Patient / EpisodeOfCare / Condition / Observation,derived projection to QBC; plan and QBC are not source-of-truth facts,EpisodeOfCare,EpisodeOfCare.period.start,dateTime,0..1,http://hl7.org/fhir/StructureDefinition/EpisodeOfCare,4.0.1,,,FHIR date/dateTime; YYYYMMDD → YYYY-MM-DD; timezone not inferred,equivalent,parse YYYYMMDD as FHIR date/dateTime; reject invalid calendar dates,reject missing when condition is true; otherwise omit target element; never invent a value,create one target item per source repetition; multi-select values are separate codings unless profile requires one CodeableConcept,lossless with raw QBC value retained in Provenance,QBC export MUST use retained raw value plus validated canonical value; fail closed if they disagree,implemented-and-tested,none,technically-ready
QBC-MAP-D001,D001,(新輔助) 最初診斷日期,11507 定版,f63be9eae07c552af4f03e9771e48bcda1c5b4eb14c36ae6291c1fc0fb4e069d,source value exists,0..1,date,癌症診療計畫書 JSON（過渡期 secondary source；非 Care Plan Task 輸出）,"pathology, imaging or signed clinical DiagnosticReport",diagnosis or treatment-related clinical fact,derived projection to QBC; plan and QBC are not source-of-truth facts,Condition,Condition.onsetDateTime,dateTime,0..1,https://twcore.mohw.gov.tw/ig/twcore/StructureDefinition/Condition-twcore,1.0.0,http://hl7.org/fhir/us/mcode/StructureDefinition/mcode-primary-cancer-condition,4.0.0,FHIR date/dateTime; YYYYMMDD → YYYY-MM-DD; timezone not inferred,equivalent,parse YYYYMMDD as FHIR date/dateTime; reject invalid calendar dates,reject missing when condition is true; otherwise omit target element; never invent a value,create one target item per source repetition; multi-select values are separate codings unless profile requires one CodeableConcept,lossless with raw QBC value retained in Provenance,QBC export MUST use retained raw value plus validated canonical value; fail closed if they disagree,implemented-and-tested,FHIR-MCODE-SCOPE,ready-for-human-review
QBC-MAP-D002,D002,(新輔助) 最初診斷院所,11507 定版,f63be9eae07c552af4f03e9771e48bcda1c5b4eb14c36ae6291c1fc0fb4e069d,source value exists,0..1,code,癌症診療計畫書 JSON（過渡期 secondary source；非 Care Plan Task 輸出）,"pathology, imaging or signed clinical DiagnosticReport",diagnosis or treatment-related clinical fact,derived projection to QBC; plan and QBC are not source-of-truth facts,Encounter,Encounter.extension[qbc-diagnosis-facility-class],CodeableConcept,0..1,https://twcore.mohw.gov.tw/ig/twcore/StructureDefinition/Encounter-twcore,1.0.0,,,QBC field-specific ValueSet or source terminology; copy or field-specific ConceptMap; raw QBC value retained in Provenance,equivalent,validate against QBC field ValueSet; translate when ConceptMap exists; preserve raw code,reject missing when condition is true; otherwise omit target element; never invent a value,create one target item per source repetition; multi-select values are separate codings unless profile requires one CodeableConcept,lossy unless actual Organization is also supplied; 1/2 only records same/other facility,QBC export MUST use retained raw value plus validated canonical value; fail closed if they disagree,implemented-and-tested,FHIR-EXTENSIONS,ready-for-human-review
QBC-MAP-D003,D003,(新輔助) 組織學分類,11507 定版,f63be9eae07c552af4f03e9771e48bcda1c5b4eb14c36ae6291c1fc0fb4e069d,source value exists,0..1,code,癌症診療計畫書 JSON（過渡期 secondary source；非 Care Plan Task 輸出）,pathology/laboratory DiagnosticReport + Observation + Specimen,pathology finding / tumor marker / specimen-linked observation,derived projection to QBC; plan and QBC are not source-of-truth facts,Condition,Condition.extension[histologyMorphologyBehavior],CodeableConcept,0..1,https://twcore.mohw.gov.tw/ig/twcore/StructureDefinition/Condition-twcore,1.0.0,http://hl7.org/fhir/us/mcode/StructureDefinition/mcode-primary-cancer-condition,4.0.0,QBC field-specific ValueSet or source terminology; copy or field-specific ConceptMap; raw QBC value retained in Provenance,equivalent,validate against QBC field ValueSet; translate when ConceptMap exists; preserve raw code,reject missing when condition is true; otherwise omit target element; never invent a value,create one target item per source repetition; multi-select values are separate codings unless profile requires one CodeableConcept,lossless with raw QBC value retained in Provenance,QBC export MUST use retained raw value plus validated canonical value; fail closed if they disagree,implemented-and-tested,FHIR-MCODE-SCOPE,ready-for-human-review
QBC-MAP-D004,D004,(新輔助) 腫瘤組織分級,11507 定版,f63be9eae07c552af4f03e9771e48bcda1c5b4eb14c36ae6291c1fc0fb4e069d,source value exists,0..1,code,癌症診療計畫書 JSON（過渡期 secondary source；非 Care Plan Task 輸出）,pathology/laboratory DiagnosticReport + Observation + Specimen,pathology finding / tumor marker / specimen-linked observation,derived projection to QBC; plan and QBC are not source-of-truth facts,Observation,Observation.valueCodeableConcept,CodeableConcept,0..1,https://erichuang777777.github.io/TW-Breast-Cancer-FHIR-IG/StructureDefinition/qbc-data-item-observation,1.0.0-preview.1,,,QBC field-specific ValueSet or source terminology; copy or field-specific ConceptMap; raw QBC value retained in Provenance,equivalent,validate against QBC field ValueSet; translate when ConceptMap exists; preserve raw code,reject missing when condition is true; otherwise omit target element; never invent a value,create one target item per source repetition; multi-select values are separate codings unless profile requires one CodeableConcept,lossless with raw QBC value retained in Provenance,QBC export MUST use retained raw value plus validated canonical value; fail closed if they disagree,implemented-and-tested,none,technically-ready
QBC-MAP-D005,D005,(新輔助) 臨床期別 T,11507 定版,f63be9eae07c552af4f03e9771e48bcda1c5b4eb14c36ae6291c1fc0fb4e069d,source value exists,0..1,code,癌症診療計畫書 JSON（過渡期 secondary source；非 Care Plan Task 輸出）,"imaging, pathology and clinical staging evidence",TNM/stage or metastatic disease fact,derived projection to QBC; plan and QBC are not source-of-truth facts,Observation,Observation.valueCodeableConcept,CodeableConcept,0..1,https://erichuang777777.github.io/TW-Breast-Cancer-FHIR-IG/StructureDefinition/qbc-data-item-observation,1.0.0-preview.1,http://hl7.org/fhir/us/mcode/StructureDefinition/mcode-tnm-primary-tumor-category,4.0.0,AJCC TNM/Stage (edition required); QBC coarsens TNM; preserve original code and AJCC edition,narrower,validate against QBC field ValueSet; translate when ConceptMap exists; preserve raw code,reject missing when condition is true; otherwise omit target element; never invent a value,create one target item per source repetition; multi-select values are separate codings unless profile requires one CodeableConcept,potentially lossy toward mCODE/AJCC granularity; retain exact QBC stage and edition,QBC export MUST use retained raw value plus validated canonical value; fail closed if they disagree,implemented-and-tested,GOV-AJCC; FHIR-MCODE-SCOPE,ready-for-human-review
QBC-MAP-D006,D006,(新輔助) 臨床期別 N,11507 定版,f63be9eae07c552af4f03e9771e48bcda1c5b4eb14c36ae6291c1fc0fb4e069d,source value exists,0..1,code,癌症診療計畫書 JSON（過渡期 secondary source；非 Care Plan Task 輸出）,"imaging, pathology and clinical staging evidence",TNM/stage or metastatic disease fact,derived projection to QBC; plan and QBC are not source-of-truth facts,Observation,Observation.valueCodeableConcept,CodeableConcept,0..1,https://erichuang777777.github.io/TW-Breast-Cancer-FHIR-IG/StructureDefinition/qbc-data-item-observation,1.0.0-preview.1,http://hl7.org/fhir/us/mcode/StructureDefinition/mcode-tnm-regional-nodes-category,4.0.0,AJCC TNM/Stage (edition required); QBC coarsens TNM; preserve original code and AJCC edition,narrower,validate against QBC field ValueSet; translate when ConceptMap exists; preserve raw code,reject missing when condition is true; otherwise omit target element; never invent a value,create one target item per source repetition; multi-select values are separate codings unless profile requires one CodeableConcept,potentially lossy toward mCODE/AJCC granularity; retain exact QBC stage and edition,QBC export MUST use retained raw value plus validated canonical value; fail closed if they disagree,implemented-and-tested,GOV-AJCC; FHIR-MCODE-SCOPE,ready-for-human-review
QBC-MAP-D007,D007,(新輔助) 臨床期別 M,11507 定版,f63be9eae07c552af4f03e9771e48bcda1c5b4eb14c36ae6291c1fc0fb4e069d,source value exists,0..1,code,癌症診療計畫書 JSON（過渡期 secondary source；非 Care Plan Task 輸出）,"imaging, pathology and clinical staging evidence",TNM/stage or metastatic disease fact,derived projection to QBC; plan and QBC are not source-of-truth facts,Observation,Observation.valueCodeableConcept,CodeableConcept,0..1,https://erichuang777777.github.io/TW-Breast-Cancer-FHIR-IG/StructureDefinition/qbc-data-item-observation,1.0.0-preview.1,http://hl7.org/fhir/us/mcode/StructureDefinition/mcode-tnm-distant-metastases-category,4.0.0,AJCC TNM/Stage (edition required); QBC coarsens TNM; preserve original code and AJCC edition,narrower,validate against QBC field ValueSet; translate when ConceptMap exists; preserve raw code,reject missing when condition is true; otherwise omit target element; never invent a value,create one target item per source repetition; multi-select values are separate codings unless profile requires one CodeableConcept,potentially lossy toward mCODE/AJCC granularity; retain exact QBC stage and edition,QBC export MUST use retained raw value plus validated canonical value; fail closed if they disagree,implemented-and-tested,GOV-AJCC; FHIR-MCODE-SCOPE,ready-for-human-review
QBC-MAP-D008,D008,(新輔助) 癌症臨床分期：TNM 計算結果,11507 定版,f63be9eae07c552af4f03e9771e48bcda1c5b4eb14c36ae6291c1fc0fb4e069d,source value exists,0..1,string,癌症診療計畫書 JSON（過渡期 secondary source；非 Care Plan Task 輸出）,"imaging, pathology and clinical staging evidence",TNM/stage or metastatic disease fact,derived projection to QBC; plan and QBC are not source-of-truth facts,Observation,Observation.valueCodeableConcept,CodeableConcept,0..1,https://erichuang777777.github.io/TW-Breast-Cancer-FHIR-IG/StructureDefinition/qbc-data-item-observation,1.0.0-preview.1,http://hl7.org/fhir/us/mcode/StructureDefinition/mcode-tnm-stage-group,4.0.0,AJCC TNM/Stage (edition required); QBC coarsens TNM; preserve original code and AJCC edition,narrower,copy after Big5/max-length validation; preserve exact source in Provenance,reject missing when condition is true; otherwise omit target element; never invent a value,create one target item per source repetition; multi-select values are separate codings unless profile requires one CodeableConcept,potentially lossy toward mCODE/AJCC granularity; retain exact QBC stage and edition,QBC export MUST use retained raw value plus validated canonical value; fail closed if they disagree,implemented-and-tested,GOV-AJCC; FHIR-MCODE-SCOPE,ready-for-human-review
QBC-MAP-D009,D009,(新輔助) 遠端轉移部位,11507 定版,f63be9eae07c552af4f03e9771e48bcda1c5b4eb14c36ae6291c1fc0fb4e069d,source value exists,0..1,code-list (comma-separated repeating codes),癌症診療計畫書 JSON（過渡期 secondary source；非 Care Plan Task 輸出）,"imaging, pathology and clinical staging evidence",TNM/stage or metastatic disease fact,derived projection to QBC; plan and QBC are not source-of-truth facts,Condition,Condition.bodySite,CodeableConcept,0..*,https://twcore.mohw.gov.tw/ig/twcore/StructureDefinition/Condition-twcore,1.0.0,http://hl7.org/fhir/us/mcode/StructureDefinition/mcode-secondary-cancer-condition,4.0.0,QBC field-specific ValueSet or source terminology; copy or field-specific ConceptMap; raw QBC value retained in Provenance,equivalent,split on ASCII comma; trim; de-duplicate; preserve source order,reject missing when condition is true; otherwise omit target element; never invent a value,create one target item per source repetition; multi-select values are separate codings unless profile requires one CodeableConcept,lossless with raw QBC value retained in Provenance,QBC export MUST use retained raw value plus validated canonical value; fail closed if they disagree,implemented-and-tested,FHIR-MCODE-SCOPE,ready-for-human-review
QBC-MAP-D010,D010,(新輔助) 遠端轉移部位：其他,11507 定版,f63be9eae07c552af4f03e9771e48bcda1c5b4eb14c36ae6291c1fc0fb4e069d,source value exists,0..1,string,癌症診療計畫書 JSON（過渡期 secondary source；非 Care Plan Task 輸出）,"imaging, pathology and clinical staging evidence",TNM/stage or metastatic disease fact,derived projection to QBC; plan and QBC are not source-of-truth facts,Condition,Condition.bodySite.text,string,0..1,https://twcore.mohw.gov.tw/ig/twcore/StructureDefinition/Condition-twcore,1.0.0,http://hl7.org/fhir/us/mcode/StructureDefinition/mcode-secondary-cancer-condition,4.0.0,QBC field-specific ValueSet or source terminology; copy or field-specific ConceptMap; raw QBC value retained in Provenance,equivalent,copy after Big5/max-length validation; preserve exact source in Provenance,reject missing when condition is true; otherwise omit target element; never invent a value,create one target item per source repetition; multi-select values are separate codings unless profile requires one CodeableConcept,lossless with raw QBC value retained in Provenance,QBC export MUST use retained raw value plus validated canonical value; fail closed if they disagree,implemented-and-tested,FHIR-MCODE-SCOPE,ready-for-human-review
QBC-MAP-D011,D011,(新輔助) 術前腋下淋巴檢驗：未檢驗,11507 定版,f63be9eae07c552af4f03e9771e48bcda1c5b4eb14c36ae6291c1fc0fb4e069d,source value exists,0..1,code,癌症診療計畫書 JSON（過渡期 secondary source；非 Care Plan Task 輸出）,pathology/laboratory DiagnosticReport + Observation + Specimen,pathology finding / tumor marker / specimen-linked observation,derived projection to QBC; plan and QBC are not source-of-truth facts,Observation,Observation.valueCodeableConcept,CodeableConcept,0..1,https://erichuang777777.github.io/TW-Breast-Cancer-FHIR-IG/StructureDefinition/qbc-data-item-observation,1.0.0-preview.1,,,QBC field-specific ValueSet or source terminology; copy or field-specific ConceptMap; raw QBC value retained in Provenance,equivalent,validate against QBC field ValueSet; translate when ConceptMap exists; preserve raw code,reject missing when condition is true; otherwise omit target element; never invent a value,create one target item per source repetition; multi-select values are separate codings unless profile requires one CodeableConcept,lossless with raw QBC value retained in Provenance,QBC export MUST use retained raw value plus validated canonical value; fail closed if they disagree,implemented-and-tested,none,technically-ready
QBC-MAP-D012,D012,(新輔助) 術前腋下淋巴檢驗：檢驗方式,11507 定版,f63be9eae07c552af4f03e9771e48bcda1c5b4eb14c36ae6291c1fc0fb4e069d,source value exists,0..1,code,癌症診療計畫書 JSON（過渡期 secondary source；非 Care Plan Task 輸出）,"pathology, imaging or signed clinical DiagnosticReport",diagnosis or treatment-related clinical fact,derived projection to QBC; plan and QBC are not source-of-truth facts,Procedure,Procedure.code,CodeableConcept,1..1,https://twcore.mohw.gov.tw/ig/twcore/StructureDefinition/Procedure-twcore,1.0.0,,,QBC field-specific ValueSet or source terminology; copy or field-specific ConceptMap; raw QBC value retained in Provenance,equivalent,validate against QBC field ValueSet; translate when ConceptMap exists; preserve raw code,reject missing when condition is true; otherwise omit target element; never invent a value,create one target item per source repetition; multi-select values are separate codings unless profile requires one CodeableConcept,lossless with raw QBC value retained in Provenance,QBC export MUST use retained raw value plus validated canonical value; fail closed if they disagree,implemented-and-tested,none,technically-ready
QBC-MAP-D013,D013,(新輔助) 術前腋下淋巴檢驗：檢驗結果,11507 定版,f63be9eae07c552af4f03e9771e48bcda1c5b4eb14c36ae6291c1fc0fb4e069d,source value exists,0..1,code,癌症診療計畫書 JSON（過渡期 secondary source；非 Care Plan Task 輸出）,pathology/laboratory DiagnosticReport + Observation + Specimen,pathology finding / tumor marker / specimen-linked observation,derived projection to QBC; plan and QBC are not source-of-truth facts,Observation,Observation.valueCodeableConcept,CodeableConcept,0..1,https://erichuang777777.github.io/TW-Breast-Cancer-FHIR-IG/StructureDefinition/qbc-data-item-observation,1.0.0-preview.1,,,QBC field-specific ValueSet or source terminology; copy or field-specific ConceptMap; raw QBC value retained in Provenance,equivalent,validate against QBC field ValueSet; translate when ConceptMap exists; preserve raw code,reject missing when condition is true; otherwise omit target element; never invent a value,create one target item per source repetition; multi-select values are separate codings unless profile requires one CodeableConcept,lossless with raw QBC value retained in Provenance,QBC export MUST use retained raw value plus validated canonical value; fail closed if they disagree,implemented-and-tested,none,technically-ready
QBC-MAP-D014,D014,(新輔助) ER,11507 定版,f63be9eae07c552af4f03e9771e48bcda1c5b4eb14c36ae6291c1fc0fb4e069d,source value exists,0..1,code,癌症診療計畫書 JSON（過渡期 secondary source；非 Care Plan Task 輸出）,pathology/laboratory DiagnosticReport + Observation + Specimen,pathology finding / tumor marker / specimen-linked observation,derived projection to QBC; plan and QBC are not source-of-truth facts,Observation,Observation.valueCodeableConcept,CodeableConcept,0..1,https://erichuang777777.github.io/TW-Breast-Cancer-FHIR-IG/StructureDefinition/qbc-data-item-observation,1.0.0-preview.1,http://hl7.org/fhir/us/mcode/StructureDefinition/mcode-tumor-marker-test,4.0.0,LOINC 85329-1 + UCUM %; qualitative and percentage values remain separate QBC observations,related-to,validate against QBC field ValueSet; translate when ConceptMap exists; preserve raw code,reject missing when condition is true; otherwise omit target element; never invent a value,create one target item per source repetition; multi-select values are separate codings unless profile requires one CodeableConcept,lossless with raw QBC value retained in Provenance,QBC export MUST use retained raw value plus validated canonical value; fail closed if they disagree,implemented-and-tested,FHIR-MCODE-SCOPE,ready-for-human-review
QBC-MAP-D015,D015,(新輔助) ER 數值,11507 定版,f63be9eae07c552af4f03e9771e48bcda1c5b4eb14c36ae6291c1fc0fb4e069d,source value exists,0..1,integer,癌症診療計畫書 JSON（過渡期 secondary source；非 Care Plan Task 輸出）,pathology/laboratory DiagnosticReport + Observation + Specimen,pathology finding / tumor marker / specimen-linked observation,derived projection to QBC; plan and QBC are not source-of-truth facts,Observation,Observation.valueQuantity,Quantity,0..1,https://erichuang777777.github.io/TW-Breast-Cancer-FHIR-IG/StructureDefinition/qbc-quantity-data-item-observation,1.0.0-preview.1,http://hl7.org/fhir/us/mcode/StructureDefinition/mcode-tumor-marker-test,4.0.0,LOINC 85329-1 + UCUM %; qualitative and percentage values remain separate QBC observations,related-to,parse decimal; set UCUM system and code '%',reject missing when condition is true; otherwise omit target element; never invent a value,create one target item per source repetition; multi-select values are separate codings unless profile requires one CodeableConcept,lossless with raw QBC value retained in Provenance,QBC export MUST use retained raw value plus validated canonical value; fail closed if they disagree,implemented-and-tested,FHIR-MCODE-SCOPE,ready-for-human-review
QBC-MAP-D016,D016,(新輔助) PR,11507 定版,f63be9eae07c552af4f03e9771e48bcda1c5b4eb14c36ae6291c1fc0fb4e069d,source value exists,0..1,code,癌症診療計畫書 JSON（過渡期 secondary source；非 Care Plan Task 輸出）,pathology/laboratory DiagnosticReport + Observation + Specimen,pathology finding / tumor marker / specimen-linked observation,derived projection to QBC; plan and QBC are not source-of-truth facts,Observation,Observation.valueCodeableConcept,CodeableConcept,0..1,https://erichuang777777.github.io/TW-Breast-Cancer-FHIR-IG/StructureDefinition/qbc-data-item-observation,1.0.0-preview.1,http://hl7.org/fhir/us/mcode/StructureDefinition/mcode-tumor-marker-test,4.0.0,LOINC 85339-0 (presence); 85325-9 (%); assay=immune stain; preserve original QBC value,related-to,validate against QBC field ValueSet; translate when ConceptMap exists; preserve raw code,reject missing when condition is true; otherwise omit target element; never invent a value,create one target item per source repetition; multi-select values are separate codings unless profile requires one CodeableConcept,lossless with raw QBC value retained in Provenance,QBC export MUST use retained raw value plus validated canonical value; fail closed if they disagree,implemented-and-tested,TERM-PR; FHIR-MCODE-SCOPE,ready-for-human-review
QBC-MAP-D017,D017,(新輔助) PR 數值,11507 定版,f63be9eae07c552af4f03e9771e48bcda1c5b4eb14c36ae6291c1fc0fb4e069d,source value exists,0..1,integer,癌症診療計畫書 JSON（過渡期 secondary source；非 Care Plan Task 輸出）,pathology/laboratory DiagnosticReport + Observation + Specimen,pathology finding / tumor marker / specimen-linked observation,derived projection to QBC; plan and QBC are not source-of-truth facts,Observation,Observation.valueQuantity,Quantity,0..1,https://erichuang777777.github.io/TW-Breast-Cancer-FHIR-IG/StructureDefinition/qbc-quantity-data-item-observation,1.0.0-preview.1,http://hl7.org/fhir/us/mcode/StructureDefinition/mcode-tumor-marker-test,4.0.0,LOINC 85339-0 (presence); 85325-9 (%); assay=immune stain; preserve original QBC value,related-to,parse decimal; set UCUM system and code '%',reject missing when condition is true; otherwise omit target element; never invent a value,create one target item per source repetition; multi-select values are separate codings unless profile requires one CodeableConcept,lossless with raw QBC value retained in Provenance,QBC export MUST use retained raw value plus validated canonical value; fail closed if they disagree,implemented-and-tested,TERM-PR; FHIR-MCODE-SCOPE,ready-for-human-review
QBC-MAP-D018,D018,(新輔助) HER2,11507 定版,f63be9eae07c552af4f03e9771e48bcda1c5b4eb14c36ae6291c1fc0fb4e069d,source value exists,0..1,code,癌症診療計畫書 JSON（過渡期 secondary source；非 Care Plan Task 輸出）,pathology/laboratory DiagnosticReport + Observation + Specimen,pathology finding / tumor marker / specimen-linked observation,derived projection to QBC; plan and QBC are not source-of-truth facts,Observation,Observation.valueCodeableConcept,CodeableConcept,0..1,https://erichuang777777.github.io/TW-Breast-Cancer-FHIR-IG/StructureDefinition/qbc-data-item-observation,1.0.0-preview.1,http://hl7.org/fhir/us/mcode/StructureDefinition/mcode-tumor-marker-test,4.0.0,QBC field-specific ValueSet or source terminology; copy or field-specific ConceptMap; raw QBC value retained in Provenance,equivalent,validate against QBC field ValueSet; translate when ConceptMap exists; preserve raw code,reject missing when condition is true; otherwise omit target element; never invent a value,create one target item per source repetition; multi-select values are separate codings unless profile requires one CodeableConcept,lossless with raw QBC value retained in Provenance,QBC export MUST use retained raw value plus validated canonical value; fail closed if they disagree,implemented-and-tested,FHIR-MCODE-SCOPE,ready-for-human-review
QBC-MAP-D019,D019,(新輔助) HER2 FISH,11507 定版,f63be9eae07c552af4f03e9771e48bcda1c5b4eb14c36ae6291c1fc0fb4e069d,source value exists,0..1,code,癌症診療計畫書 JSON（過渡期 secondary source；非 Care Plan Task 輸出）,pathology/laboratory DiagnosticReport + Observation + Specimen,pathology finding / tumor marker / specimen-linked observation,derived projection to QBC; plan and QBC are not source-of-truth facts,Observation,Observation.valueCodeableConcept,CodeableConcept,0..1,https://erichuang777777.github.io/TW-Breast-Cancer-FHIR-IG/StructureDefinition/qbc-data-item-observation,1.0.0-preview.1,http://hl7.org/fhir/us/mcode/StructureDefinition/mcode-tumor-marker-test,4.0.0,LOINC 85318-4 (breast specimen FISH); 31150-6 fallback; use 85318-4 only when breast specimen and FISH are confirmed,related-to,validate against QBC field ValueSet; translate when ConceptMap exists; preserve raw code,reject missing when condition is true; otherwise omit target element; never invent a value,create one target item per source repetition; multi-select values are separate codings unless profile requires one CodeableConcept,lossless with raw QBC value retained in Provenance,QBC export MUST use retained raw value plus validated canonical value; fail closed if they disagree,implemented-and-tested,TERM-HER2-FISH; FHIR-MCODE-SCOPE,ready-for-human-review
QBC-MAP-D020,D020,(新輔助) Ki-67,11507 定版,f63be9eae07c552af4f03e9771e48bcda1c5b4eb14c36ae6291c1fc0fb4e069d,source value exists,0..1,code,癌症診療計畫書 JSON（過渡期 secondary source；非 Care Plan Task 輸出）,pathology/laboratory DiagnosticReport + Observation + Specimen,pathology finding / tumor marker / specimen-linked observation,derived projection to QBC; plan and QBC are not source-of-truth facts,Observation,Observation.valueCodeableConcept,CodeableConcept,0..1,https://erichuang777777.github.io/TW-Breast-Cancer-FHIR-IG/StructureDefinition/qbc-data-item-observation,1.0.0-preview.1,http://hl7.org/fhir/us/mcode/StructureDefinition/mcode-tumor-marker-test,4.0.0,QBC field-specific ValueSet or source terminology; copy or field-specific ConceptMap; raw QBC value retained in Provenance,equivalent,validate against QBC field ValueSet; translate when ConceptMap exists; preserve raw code,reject missing when condition is true; otherwise omit target element; never invent a value,create one target item per source repetition; multi-select values are separate codings unless profile requires one CodeableConcept,lossless with raw QBC value retained in Provenance,QBC export MUST use retained raw value plus validated canonical value; fail closed if they disagree,implemented-and-tested,FHIR-MCODE-SCOPE,ready-for-human-review
QBC-MAP-D021,D021,(新輔助) Ki-67 數值,11507 定版,f63be9eae07c552af4f03e9771e48bcda1c5b4eb14c36ae6291c1fc0fb4e069d,source value exists,0..1,integer,癌症診療計畫書 JSON（過渡期 secondary source；非 Care Plan Task 輸出）,pathology/laboratory DiagnosticReport + Observation + Specimen,pathology finding / tumor marker / specimen-linked observation,derived projection to QBC; plan and QBC are not source-of-truth facts,Observation,Observation.valueQuantity,Quantity,0..1,https://erichuang777777.github.io/TW-Breast-Cancer-FHIR-IG/StructureDefinition/qbc-quantity-data-item-observation,1.0.0-preview.1,http://hl7.org/fhir/us/mcode/StructureDefinition/mcode-tumor-marker-test,4.0.0,QBC field-specific ValueSet or source terminology; copy or field-specific ConceptMap; raw QBC value retained in Provenance,equivalent,parse decimal; set UCUM system and code '%',reject missing when condition is true; otherwise omit target element; never invent a value,create one target item per source repetition; multi-select values are separate codings unless profile requires one CodeableConcept,lossless with raw QBC value retained in Provenance,QBC export MUST use retained raw value plus validated canonical value; fail closed if they disagree,implemented-and-tested,FHIR-MCODE-SCOPE,ready-for-human-review
QBC-MAP-D022,D022,(新輔助) BRCA 1/2,11507 定版,f63be9eae07c552af4f03e9771e48bcda1c5b4eb14c36ae6291c1fc0fb4e069d,source value exists,0..1,code,癌症診療計畫書 JSON（過渡期 secondary source；非 Care Plan Task 輸出）,pathology/laboratory DiagnosticReport + Observation + Specimen,pathology finding / tumor marker / specimen-linked observation,derived projection to QBC; plan and QBC are not source-of-truth facts,Observation,Observation.valueCodeableConcept,CodeableConcept,0..1,https://erichuang777777.github.io/TW-Breast-Cancer-FHIR-IG/StructureDefinition/qbc-data-item-observation,1.0.0-preview.1,http://hl7.org/fhir/us/mcode/StructureDefinition/mcode-genomic-variant,4.0.0,QBC field-specific ValueSet or source terminology; copy or field-specific ConceptMap; raw QBC value retained in Provenance,equivalent,validate against QBC field ValueSet; translate when ConceptMap exists; preserve raw code,reject missing when condition is true; otherwise omit target element; never invent a value,create one target item per source repetition; multi-select values are separate codings unless profile requires one CodeableConcept,lossless with raw QBC value retained in Provenance,QBC export MUST use retained raw value plus validated canonical value; fail closed if they disagree,implemented-and-tested,FHIR-MCODE-SCOPE,ready-for-human-review
QBC-MAP-D023,D023,(新輔助) PD-L1,11507 定版,f63be9eae07c552af4f03e9771e48bcda1c5b4eb14c36ae6291c1fc0fb4e069d,source value exists,0..1,code,癌症診療計畫書 JSON（過渡期 secondary source；非 Care Plan Task 輸出）,pathology/laboratory DiagnosticReport + Observation + Specimen,pathology finding / tumor marker / specimen-linked observation,derived projection to QBC; plan and QBC are not source-of-truth facts,Observation,Observation.valueCodeableConcept,CodeableConcept,0..1,https://erichuang777777.github.io/TW-Breast-Cancer-FHIR-IG/StructureDefinition/qbc-data-item-observation,1.0.0-preview.1,http://hl7.org/fhir/us/mcode/StructureDefinition/mcode-tumor-marker-test,4.0.0,"No fixed LOINC without clone/assay; candidates 83052-1, 83055-4, 83057-0; QBC lacks clone, CPS/TPS and threshold; preserve raw value and method metadata",unmatched,validate against QBC field ValueSet; translate when ConceptMap exists; preserve raw code,reject missing when condition is true; otherwise omit target element; never invent a value,create one target item per source repetition; multi-select values are separate codings unless profile requires one CodeableConcept,lossy for assay/clone/CPS/TPS because QBC does not carry them; do not infer,QBC export MUST use retained raw value plus validated canonical value; fail closed if they disagree,implemented-and-tested,TERM-PDL1; FHIR-MCODE-SCOPE,ready-for-human-review
QBC-MAP-D024,D024,(術後) 新輔助性治療法之療效,11507 定版,f63be9eae07c552af4f03e9771e48bcda1c5b4eb14c36ae6291c1fc0fb4e069d,source value exists,0..1,code,癌症診療計畫書 JSON（過渡期 secondary source；非 Care Plan Task 輸出）,pathology/laboratory DiagnosticReport + Observation + Specimen,pathology finding / tumor marker / specimen-linked observation,derived projection to QBC; plan and QBC are not source-of-truth facts,Observation,Observation.valueCodeableConcept,CodeableConcept,1..1,https://erichuang777777.github.io/TW-Breast-Cancer-FHIR-IG/StructureDefinition/qbc-data-item-observation,1.0.0-preview.1,,,QBC field-specific ValueSet or source terminology; copy or field-specific ConceptMap; raw QBC value retained in Provenance,equivalent,validate against QBC field ValueSet; translate when ConceptMap exists; preserve raw code,reject missing when condition is true; otherwise omit target element; never invent a value,create one target item per source repetition; multi-select values are separate codings unless profile requires one CodeableConcept,lossless with raw QBC value retained in Provenance,QBC export MUST use retained raw value plus validated canonical value; fail closed if they disagree,implemented-and-tested,none,technically-ready
QBC-MAP-D025,D025,(術後) 最初診斷日期,11507 定版,f63be9eae07c552af4f03e9771e48bcda1c5b4eb14c36ae6291c1fc0fb4e069d,source value exists,0..1,date,癌症診療計畫書 JSON（過渡期 secondary source；非 Care Plan Task 輸出）,"pathology, imaging or signed clinical DiagnosticReport",diagnosis or treatment-related clinical fact,derived projection to QBC; plan and QBC are not source-of-truth facts,Condition,Condition.onsetDateTime,dateTime,0..1,https://twcore.mohw.gov.tw/ig/twcore/StructureDefinition/Condition-twcore,1.0.0,http://hl7.org/fhir/us/mcode/StructureDefinition/mcode-primary-cancer-condition,4.0.0,FHIR date/dateTime; YYYYMMDD → YYYY-MM-DD; timezone not inferred,equivalent,parse YYYYMMDD as FHIR date/dateTime; reject invalid calendar dates,reject missing when condition is true; otherwise omit target element; never invent a value,create one target item per source repetition; multi-select values are separate codings unless profile requires one CodeableConcept,lossless with raw QBC value retained in Provenance,QBC export MUST use retained raw value plus validated canonical value; fail closed if they disagree,implemented-and-tested,FHIR-MCODE-SCOPE,ready-for-human-review
QBC-MAP-D026,D026,(術後) 最初診斷院所,11507 定版,f63be9eae07c552af4f03e9771e48bcda1c5b4eb14c36ae6291c1fc0fb4e069d,source value exists,0..1,code,癌症診療計畫書 JSON（過渡期 secondary source；非 Care Plan Task 輸出）,"pathology, imaging or signed clinical DiagnosticReport",diagnosis or treatment-related clinical fact,derived projection to QBC; plan and QBC are not source-of-truth facts,Encounter,Encounter.extension[qbc-diagnosis-facility-class],CodeableConcept,0..1,https://twcore.mohw.gov.tw/ig/twcore/StructureDefinition/Encounter-twcore,1.0.0,,,QBC field-specific ValueSet or source terminology; copy or field-specific ConceptMap; raw QBC value retained in Provenance,equivalent,validate against QBC field ValueSet; translate when ConceptMap exists; preserve raw code,reject missing when condition is true; otherwise omit target element; never invent a value,create one target item per source repetition; multi-select values are separate codings unless profile requires one CodeableConcept,lossy unless actual Organization is also supplied; 1/2 only records same/other facility,QBC export MUST use retained raw value plus validated canonical value; fail closed if they disagree,implemented-and-tested,FHIR-EXTENSIONS,ready-for-human-review
QBC-MAP-D027,D027,(術後) 乳房手術,11507 定版,f63be9eae07c552af4f03e9771e48bcda1c5b4eb14c36ae6291c1fc0fb4e069d,"TM02=1 AND DIAG_TYPE IN (1,2)",0..1,code,癌症診療計畫書 JSON（過渡期 secondary source；非 Care Plan Task 輸出）,"pathology, imaging or signed clinical DiagnosticReport",diagnosis or treatment-related clinical fact,derived projection to QBC; plan and QBC are not source-of-truth facts,Procedure,Procedure.code,CodeableConcept,1..1,https://twcore.mohw.gov.tw/ig/twcore/StructureDefinition/Procedure-twcore,1.0.0,,,QBC field-specific ValueSet or source terminology; copy or field-specific ConceptMap; raw QBC value retained in Provenance,equivalent,validate against QBC field ValueSet; translate when ConceptMap exists; preserve raw code,reject missing when condition is true; otherwise omit target element; never invent a value,create one target item per source repetition; multi-select values are separate codings unless profile requires one CodeableConcept,lossless with raw QBC value retained in Provenance,QBC export MUST use retained raw value plus validated canonical value; fail closed if they disagree,implemented-and-tested,QBC-TM02-SURGERY-POSTOP-REQUIRED,ready-for-human-review
QBC-MAP-D028,D028,(術後) 手術邊緣,11507 定版,f63be9eae07c552af4f03e9771e48bcda1c5b4eb14c36ae6291c1fc0fb4e069d,"TM02=1 AND DIAG_TYPE IN (1,2)",0..1,code,癌症診療計畫書 JSON（過渡期 secondary source；非 Care Plan Task 輸出）,pathology/laboratory DiagnosticReport + Observation + Specimen,pathology finding / tumor marker / specimen-linked observation,derived projection to QBC; plan and QBC are not source-of-truth facts,Observation,Observation.valueCodeableConcept,CodeableConcept,1..1,https://erichuang777777.github.io/TW-Breast-Cancer-FHIR-IG/StructureDefinition/qbc-data-item-observation,1.0.0-preview.1,,,QBC field-specific ValueSet or source terminology; copy or field-specific ConceptMap; raw QBC value retained in Provenance,equivalent,validate against QBC field ValueSet; translate when ConceptMap exists; preserve raw code,reject missing when condition is true; otherwise omit target element; never invent a value,create one target item per source repetition; multi-select values are separate codings unless profile requires one CodeableConcept,lossless with raw QBC value retained in Provenance,QBC export MUST use retained raw value plus validated canonical value; fail closed if they disagree,implemented-and-tested,QBC-TM02-SURGERY-POSTOP-REQUIRED,ready-for-human-review
QBC-MAP-D029,D029,(術後) 腋窩手術,11507 定版,f63be9eae07c552af4f03e9771e48bcda1c5b4eb14c36ae6291c1fc0fb4e069d,"TM02=1 AND DIAG_TYPE IN (1,2)",0..1,code,癌症診療計畫書 JSON（過渡期 secondary source；非 Care Plan Task 輸出）,"pathology, imaging or signed clinical DiagnosticReport",diagnosis or treatment-related clinical fact,derived projection to QBC; plan and QBC are not source-of-truth facts,Procedure,Procedure.code,CodeableConcept,1..1,https://twcore.mohw.gov.tw/ig/twcore/StructureDefinition/Procedure-twcore,1.0.0,,,QBC field-specific ValueSet or source terminology; copy or field-specific ConceptMap; raw QBC value retained in Provenance,equivalent,validate against QBC field ValueSet; translate when ConceptMap exists; preserve raw code,reject missing when condition is true; otherwise omit target element; never invent a value,create one target item per source repetition; multi-select values are separate codings unless profile requires one CodeableConcept,lossless with raw QBC value retained in Provenance,QBC export MUST use retained raw value plus validated canonical value; fail closed if they disagree,implemented-and-tested,QBC-TM02-SURGERY-POSTOP-REQUIRED,ready-for-human-review
QBC-MAP-D030,D030,(術後) 組織學分類,11507 定版,f63be9eae07c552af4f03e9771e48bcda1c5b4eb14c36ae6291c1fc0fb4e069d,"TM02=1 AND DIAG_TYPE IN (1,2)",0..1,code,癌症診療計畫書 JSON（過渡期 secondary source；非 Care Plan Task 輸出）,pathology/laboratory DiagnosticReport + Observation + Specimen,pathology finding / tumor marker / specimen-linked observation,derived projection to QBC; plan and QBC are not source-of-truth facts,Condition,Condition.extension[histologyMorphologyBehavior],CodeableConcept,0..1,https://twcore.mohw.gov.tw/ig/twcore/StructureDefinition/Condition-twcore,1.0.0,http://hl7.org/fhir/us/mcode/StructureDefinition/mcode-primary-cancer-condition,4.0.0,QBC field-specific ValueSet or source terminology; copy or field-specific ConceptMap; raw QBC value retained in Provenance,equivalent,validate against QBC field ValueSet; translate when ConceptMap exists; preserve raw code,reject missing when condition is true; otherwise omit target element; never invent a value,create one target item per source repetition; multi-select values are separate codings unless profile requires one CodeableConcept,lossless with raw QBC value retained in Provenance,QBC export MUST use retained raw value plus validated canonical value; fail closed if they disagree,implemented-and-tested,QBC-TM02-SURGERY-POSTOP-REQUIRED; FHIR-MCODE-SCOPE,ready-for-human-review
QBC-MAP-D031,D031,(術後) 腫瘤組織分級,11507 定版,f63be9eae07c552af4f03e9771e48bcda1c5b4eb14c36ae6291c1fc0fb4e069d,"TM02=1 AND DIAG_TYPE IN (1,2)",0..1,code,癌症診療計畫書 JSON（過渡期 secondary source；非 Care Plan Task 輸出）,pathology/laboratory DiagnosticReport + Observation + Specimen,pathology finding / tumor marker / specimen-linked observation,derived projection to QBC; plan and QBC are not source-of-truth facts,Observation,Observation.valueCodeableConcept,CodeableConcept,0..1,https://erichuang777777.github.io/TW-Breast-Cancer-FHIR-IG/StructureDefinition/qbc-data-item-observation,1.0.0-preview.1,,,QBC field-specific ValueSet or source terminology; copy or field-specific ConceptMap; raw QBC value retained in Provenance,equivalent,validate against QBC field ValueSet; translate when ConceptMap exists; preserve raw code,reject missing when condition is true; otherwise omit target element; never invent a value,create one target item per source repetition; multi-select values are separate codings unless profile requires one CodeableConcept,lossless with raw QBC value retained in Provenance,QBC export MUST use retained raw value plus validated canonical value; fail closed if they disagree,implemented-and-tested,QBC-TM02-SURGERY-POSTOP-REQUIRED,ready-for-human-review
QBC-MAP-D032,D032,(術後) 病理期別T,11507 定版,f63be9eae07c552af4f03e9771e48bcda1c5b4eb14c36ae6291c1fc0fb4e069d,"TM02=1 AND DIAG_TYPE IN (1,2)",0..1,code,癌症診療計畫書 JSON（過渡期 secondary source；非 Care Plan Task 輸出）,"imaging, pathology and clinical staging evidence",TNM/stage or metastatic disease fact,derived projection to QBC; plan and QBC are not source-of-truth facts,Observation,Observation.valueCodeableConcept,CodeableConcept,0..1,https://erichuang777777.github.io/TW-Breast-Cancer-FHIR-IG/StructureDefinition/qbc-data-item-observation,1.0.0-preview.1,http://hl7.org/fhir/us/mcode/StructureDefinition/mcode-tnm-primary-tumor-category,4.0.0,AJCC TNM/Stage (edition required); QBC coarsens TNM; preserve original code and AJCC edition,narrower,validate against QBC field ValueSet; translate when ConceptMap exists; preserve raw code,reject missing when condition is true; otherwise omit target element; never invent a value,create one target item per source repetition; multi-select values are separate codings unless profile requires one CodeableConcept,potentially lossy toward mCODE/AJCC granularity; retain exact QBC stage and edition,QBC export MUST use retained raw value plus validated canonical value; fail closed if they disagree,implemented-and-tested,QBC-TM02-SURGERY-POSTOP-REQUIRED; GOV-AJCC; FHIR-MCODE-SCOPE,ready-for-human-review
QBC-MAP-D033,D033,(術後) 病理期別N,11507 定版,f63be9eae07c552af4f03e9771e48bcda1c5b4eb14c36ae6291c1fc0fb4e069d,"TM02=1 AND DIAG_TYPE IN (1,2)",0..1,code,癌症診療計畫書 JSON（過渡期 secondary source；非 Care Plan Task 輸出）,"imaging, pathology and clinical staging evidence",TNM/stage or metastatic disease fact,derived projection to QBC; plan and QBC are not source-of-truth facts,Observation,Observation.valueCodeableConcept,CodeableConcept,0..1,https://erichuang777777.github.io/TW-Breast-Cancer-FHIR-IG/StructureDefinition/qbc-data-item-observation,1.0.0-preview.1,http://hl7.org/fhir/us/mcode/StructureDefinition/mcode-tnm-regional-nodes-category,4.0.0,AJCC TNM/Stage (edition required); QBC coarsens TNM; preserve original code and AJCC edition,narrower,validate against QBC field ValueSet; translate when ConceptMap exists; preserve raw code,reject missing when condition is true; otherwise omit target element; never invent a value,create one target item per source repetition; multi-select values are separate codings unless profile requires one CodeableConcept,potentially lossy toward mCODE/AJCC granularity; retain exact QBC stage and edition,QBC export MUST use retained raw value plus validated canonical value; fail closed if they disagree,implemented-and-tested,QBC-TM02-SURGERY-POSTOP-REQUIRED; GOV-AJCC; FHIR-MCODE-SCOPE,ready-for-human-review
QBC-MAP-D034,D034,(術後) 病理期別M,11507 定版,f63be9eae07c552af4f03e9771e48bcda1c5b4eb14c36ae6291c1fc0fb4e069d,"TM02=1 AND DIAG_TYPE IN (1,2)",0..1,code,癌症診療計畫書 JSON（過渡期 secondary source；非 Care Plan Task 輸出）,"imaging, pathology and clinical staging evidence",TNM/stage or metastatic disease fact,derived projection to QBC; plan and QBC are not source-of-truth facts,Observation,Observation.valueCodeableConcept,CodeableConcept,0..1,https://erichuang777777.github.io/TW-Breast-Cancer-FHIR-IG/StructureDefinition/qbc-data-item-observation,1.0.0-preview.1,http://hl7.org/fhir/us/mcode/StructureDefinition/mcode-tnm-distant-metastases-category,4.0.0,AJCC TNM/Stage (edition required); QBC coarsens TNM; preserve original code and AJCC edition,narrower,validate against QBC field ValueSet; translate when ConceptMap exists; preserve raw code,reject missing when condition is true; otherwise omit target element; never invent a value,create one target item per source repetition; multi-select values are separate codings unless profile requires one CodeableConcept,potentially lossy toward mCODE/AJCC granularity; retain exact QBC stage and edition,QBC export MUST use retained raw value plus validated canonical value; fail closed if they disagree,implemented-and-tested,QBC-TM02-SURGERY-POSTOP-REQUIRED; GOV-AJCC; FHIR-MCODE-SCOPE,ready-for-human-review
QBC-MAP-D035,D035,(術後) 癌症病理分期：TNM 計算結果,11507 定版,f63be9eae07c552af4f03e9771e48bcda1c5b4eb14c36ae6291c1fc0fb4e069d,"TM02=1 AND DIAG_TYPE IN (1,2)",0..1,string,癌症診療計畫書 JSON（過渡期 secondary source；非 Care Plan Task 輸出）,"imaging, pathology and clinical staging evidence",TNM/stage or metastatic disease fact,derived projection to QBC; plan and QBC are not source-of-truth facts,Observation,Observation.valueCodeableConcept,CodeableConcept,0..1,https://erichuang777777.github.io/TW-Breast-Cancer-FHIR-IG/StructureDefinition/qbc-data-item-observation,1.0.0-preview.1,http://hl7.org/fhir/us/mcode/StructureDefinition/mcode-tnm-stage-group,4.0.0,AJCC TNM/Stage (edition required); QBC coarsens TNM; preserve original code and AJCC edition,narrower,copy after Big5/max-length validation; preserve exact source in Provenance,reject missing when condition is true; otherwise omit target element; never invent a value,create one target item per source repetition; multi-select values are separate codings unless profile requires one CodeableConcept,potentially lossy toward mCODE/AJCC granularity; retain exact QBC stage and edition,QBC export MUST use retained raw value plus validated canonical value; fail closed if they disagree,implemented-and-tested,QBC-TM02-SURGERY-POSTOP-REQUIRED; GOV-AJCC; FHIR-MCODE-SCOPE,ready-for-human-review
QBC-MAP-D036,D036,(術後) 遠端轉移部位,11507 定版,f63be9eae07c552af4f03e9771e48bcda1c5b4eb14c36ae6291c1fc0fb4e069d,TM02=1 AND D035=StageⅣ,0..1,code-list (comma-separated repeating codes),癌症診療計畫書 JSON（過渡期 secondary source；非 Care Plan Task 輸出）,"imaging, pathology and clinical staging evidence",TNM/stage or metastatic disease fact,derived projection to QBC; plan and QBC are not source-of-truth facts,Condition,Condition.bodySite,CodeableConcept,0..*,https://twcore.mohw.gov.tw/ig/twcore/StructureDefinition/Condition-twcore,1.0.0,http://hl7.org/fhir/us/mcode/StructureDefinition/mcode-secondary-cancer-condition,4.0.0,QBC field-specific ValueSet or source terminology; copy or field-specific ConceptMap; raw QBC value retained in Provenance,equivalent,split on ASCII comma; trim; de-duplicate; preserve source order,reject missing when condition is true; otherwise omit target element; never invent a value,create one target item per source repetition; multi-select values are separate codings unless profile requires one CodeableConcept,lossless with raw QBC value retained in Provenance,QBC export MUST use retained raw value plus validated canonical value; fail closed if they disagree,implemented-and-tested,QBC-TM02-SURGERY-POSTOP-REQUIRED; FHIR-MCODE-SCOPE,ready-for-human-review
QBC-MAP-D037,D037,(術後) 遠端轉移部位：其他,11507 定版,f63be9eae07c552af4f03e9771e48bcda1c5b4eb14c36ae6291c1fc0fb4e069d,TM02=1 AND D036 CONTAINS 12,0..1,string,癌症診療計畫書 JSON（過渡期 secondary source；非 Care Plan Task 輸出）,"imaging, pathology and clinical staging evidence",TNM/stage or metastatic disease fact,derived projection to QBC; plan and QBC are not source-of-truth facts,Condition,Condition.bodySite.text,string,0..1,https://twcore.mohw.gov.tw/ig/twcore/StructureDefinition/Condition-twcore,1.0.0,http://hl7.org/fhir/us/mcode/StructureDefinition/mcode-secondary-cancer-condition,4.0.0,QBC field-specific ValueSet or source terminology; copy or field-specific ConceptMap; raw QBC value retained in Provenance,equivalent,copy after Big5/max-length validation; preserve exact source in Provenance,reject missing when condition is true; otherwise omit target element; never invent a value,create one target item per source repetition; multi-select values are separate codings unless profile requires one CodeableConcept,lossless with raw QBC value retained in Provenance,QBC export MUST use retained raw value plus validated canonical value; fail closed if they disagree,implemented-and-tested,QBC-TM02-SURGERY-POSTOP-REQUIRED; FHIR-MCODE-SCOPE,ready-for-human-review
QBC-MAP-D038,D038,(術後) 哨兵淋巴結,11507 定版,f63be9eae07c552af4f03e9771e48bcda1c5b4eb14c36ae6291c1fc0fb4e069d,"TM02=1 AND DIAG_TYPE IN (1,2)",0..1,code,癌症診療計畫書 JSON（過渡期 secondary source；非 Care Plan Task 輸出）,pathology/laboratory DiagnosticReport + Observation + Specimen,pathology finding / tumor marker / specimen-linked observation,derived projection to QBC; plan and QBC are not source-of-truth facts,Observation,Observation.valueCodeableConcept,CodeableConcept,0..1,https://erichuang777777.github.io/TW-Breast-Cancer-FHIR-IG/StructureDefinition/qbc-data-item-observation,1.0.0-preview.1,http://hl7.org/fhir/us/mcode/StructureDefinition/mcode-tumor-marker-test,4.0.0,QBC field-specific ValueSet or source terminology; copy or field-specific ConceptMap; raw QBC value retained in Provenance,equivalent,validate against QBC field ValueSet; translate when ConceptMap exists; preserve raw code,reject missing when condition is true; otherwise omit target element; never invent a value,create one target item per source repetition; multi-select values are separate codings unless profile requires one CodeableConcept,lossless with raw QBC value retained in Provenance,QBC export MUST use retained raw value plus validated canonical value; fail closed if they disagree,implemented-and-tested,QBC-TM02-SURGERY-POSTOP-REQUIRED; FHIR-MCODE-SCOPE,ready-for-human-review
QBC-MAP-D039,D039,(術後) 哨兵淋巴結：陽性顆數,11507 定版,f63be9eae07c552af4f03e9771e48bcda1c5b4eb14c36ae6291c1fc0fb4e069d,TM02=1 AND D038=1,0..1,integer,癌症診療計畫書 JSON（過渡期 secondary source；非 Care Plan Task 輸出）,pathology/laboratory DiagnosticReport + Observation + Specimen,pathology finding / tumor marker / specimen-linked observation,derived projection to QBC; plan and QBC are not source-of-truth facts,Observation,Observation.valueInteger,integer,0..1,https://erichuang777777.github.io/TW-Breast-Cancer-FHIR-IG/StructureDefinition/qbc-integer-data-item-observation,1.0.0-preview.1,,,QBC field-specific ValueSet or source terminology; copy or field-specific ConceptMap; raw QBC value retained in Provenance,equivalent,copy after Big5/max-length validation; preserve exact source in Provenance,reject missing when condition is true; otherwise omit target element; never invent a value,create one target item per source repetition; multi-select values are separate codings unless profile requires one CodeableConcept,lossless with raw QBC value retained in Provenance,QBC export MUST use retained raw value plus validated canonical value; fail closed if they disagree,implemented-and-tested,QBC-TM02-SURGERY-POSTOP-REQUIRED,ready-for-human-review
QBC-MAP-D040,D040,(術後) 哨兵淋巴結：哨兵淋巴結顆數,11507 定版,f63be9eae07c552af4f03e9771e48bcda1c5b4eb14c36ae6291c1fc0fb4e069d,"TM02=1 AND D038 IN (0,1)",0..1,integer,癌症診療計畫書 JSON（過渡期 secondary source；非 Care Plan Task 輸出）,pathology/laboratory DiagnosticReport + Observation + Specimen,pathology finding / tumor marker / specimen-linked observation,derived projection to QBC; plan and QBC are not source-of-truth facts,Observation,Observation.valueInteger,integer,0..1,https://erichuang777777.github.io/TW-Breast-Cancer-FHIR-IG/StructureDefinition/qbc-integer-data-item-observation,1.0.0-preview.1,,,QBC field-specific ValueSet or source terminology; copy or field-specific ConceptMap; raw QBC value retained in Provenance,equivalent,copy after Big5/max-length validation; preserve exact source in Provenance,reject missing when condition is true; otherwise omit target element; never invent a value,create one target item per source repetition; multi-select values are separate codings unless profile requires one CodeableConcept,lossless with raw QBC value retained in Provenance,QBC export MUST use retained raw value plus validated canonical value; fail closed if they disagree,implemented-and-tested,QBC-TM02-SURGERY-POSTOP-REQUIRED,ready-for-human-review
QBC-MAP-D041,D041,(術後) 腋下淋巴結,11507 定版,f63be9eae07c552af4f03e9771e48bcda1c5b4eb14c36ae6291c1fc0fb4e069d,"TM02=1 AND DIAG_TYPE IN (1,2)",0..1,code,癌症診療計畫書 JSON（過渡期 secondary source；非 Care Plan Task 輸出）,pathology/laboratory DiagnosticReport + Observation + Specimen,pathology finding / tumor marker / specimen-linked observation,derived projection to QBC; plan and QBC are not source-of-truth facts,Observation,Observation.valueCodeableConcept,CodeableConcept,0..1,https://erichuang777777.github.io/TW-Breast-Cancer-FHIR-IG/StructureDefinition/qbc-data-item-observation,1.0.0-preview.1,http://hl7.org/fhir/us/mcode/StructureDefinition/mcode-tumor-marker-test,4.0.0,QBC field-specific ValueSet or source terminology; copy or field-specific ConceptMap; raw QBC value retained in Provenance,equivalent,validate against QBC field ValueSet; translate when ConceptMap exists; preserve raw code,reject missing when condition is true; otherwise omit target element; never invent a value,create one target item per source repetition; multi-select values are separate codings unless profile requires one CodeableConcept,lossless with raw QBC value retained in Provenance,QBC export MUST use retained raw value plus validated canonical value; fail closed if they disagree,implemented-and-tested,QBC-TM02-SURGERY-POSTOP-REQUIRED; FHIR-MCODE-SCOPE,ready-for-human-review
QBC-MAP-D042,D042,(術後) 腋下淋巴結：陽性顆數,11507 定版,f63be9eae07c552af4f03e9771e48bcda1c5b4eb14c36ae6291c1fc0fb4e069d,TM02=1 AND D041=1,0..1,integer,癌症診療計畫書 JSON（過渡期 secondary source；非 Care Plan Task 輸出）,pathology/laboratory DiagnosticReport + Observation + Specimen,pathology finding / tumor marker / specimen-linked observation,derived projection to QBC; plan and QBC are not source-of-truth facts,Observation,Observation.valueInteger,integer,0..1,https://erichuang777777.github.io/TW-Breast-Cancer-FHIR-IG/StructureDefinition/qbc-integer-data-item-observation,1.0.0-preview.1,,,QBC field-specific ValueSet or source terminology; copy or field-specific ConceptMap; raw QBC value retained in Provenance,equivalent,copy after Big5/max-length validation; preserve exact source in Provenance,reject missing when condition is true; otherwise omit target element; never invent a value,create one target item per source repetition; multi-select values are separate codings unless profile requires one CodeableConcept,lossless with raw QBC value retained in Provenance,QBC export MUST use retained raw value plus validated canonical value; fail closed if they disagree,implemented-and-tested,QBC-TM02-SURGERY-POSTOP-REQUIRED,ready-for-human-review
QBC-MAP-D043,D043,(術後) 腋下淋巴結：腋下淋巴結顆數,11507 定版,f63be9eae07c552af4f03e9771e48bcda1c5b4eb14c36ae6291c1fc0fb4e069d,"TM02=1 AND D041 IN (0,1)",0..1,integer,癌症診療計畫書 JSON（過渡期 secondary source；非 Care Plan Task 輸出）,pathology/laboratory DiagnosticReport + Observation + Specimen,pathology finding / tumor marker / specimen-linked observation,derived projection to QBC; plan and QBC are not source-of-truth facts,Observation,Observation.valueInteger,integer,0..1,https://erichuang777777.github.io/TW-Breast-Cancer-FHIR-IG/StructureDefinition/qbc-integer-data-item-observation,1.0.0-preview.1,,,QBC field-specific ValueSet or source terminology; copy or field-specific ConceptMap; raw QBC value retained in Provenance,equivalent,copy after Big5/max-length validation; preserve exact source in Provenance,reject missing when condition is true; otherwise omit target element; never invent a value,create one target item per source repetition; multi-select values are separate codings unless profile requires one CodeableConcept,lossless with raw QBC value retained in Provenance,QBC export MUST use retained raw value plus validated canonical value; fail closed if they disagree,implemented-and-tested,QBC-TM02-SURGERY-POSTOP-REQUIRED,ready-for-human-review
QBC-MAP-D044,D044,(術後) 淋巴結陽性數量,11507 定版,f63be9eae07c552af4f03e9771e48bcda1c5b4eb14c36ae6291c1fc0fb4e069d,"TM02=1 AND DIAG_TYPE IN (1,2)",0..1,code,癌症診療計畫書 JSON（過渡期 secondary source；非 Care Plan Task 輸出）,pathology/laboratory DiagnosticReport + Observation + Specimen,pathology finding / tumor marker / specimen-linked observation,derived projection to QBC; plan and QBC are not source-of-truth facts,Observation,Observation.valueBoolean,boolean,1..1,https://erichuang777777.github.io/TW-Breast-Cancer-FHIR-IG/StructureDefinition/qbc-data-item-observation,1.0.0-preview.1,,,QBC field-specific ValueSet or source terminology; copy or field-specific ConceptMap; raw QBC value retained in Provenance,equivalent,validate against QBC field ValueSet; translate when ConceptMap exists; preserve raw code,reject missing when condition is true; otherwise omit target element; never invent a value,create one target item per source repetition; multi-select values are separate codings unless profile requires one CodeableConcept,lossless with raw QBC value retained in Provenance,QBC export MUST use retained raw value plus validated canonical value; fail closed if they disagree,implemented-and-tested,QBC-TM02-SURGERY-POSTOP-REQUIRED,ready-for-human-review
QBC-MAP-D045,D045,(術後) 淋巴結陽性數量：Micro-Metastasis 顆數,11507 定版,f63be9eae07c552af4f03e9771e48bcda1c5b4eb14c36ae6291c1fc0fb4e069d,"TM02=1 AND D044=1 (AT LEAST ONE OF D045,D046)",0..1,integer,癌症診療計畫書 JSON（過渡期 secondary source；非 Care Plan Task 輸出）,pathology/laboratory DiagnosticReport + Observation + Specimen,pathology finding / tumor marker / specimen-linked observation,derived projection to QBC; plan and QBC are not source-of-truth facts,Observation,Observation.valueInteger,integer,0..1,https://erichuang777777.github.io/TW-Breast-Cancer-FHIR-IG/StructureDefinition/qbc-integer-data-item-observation,1.0.0-preview.1,,,QBC field-specific ValueSet or source terminology; copy or field-specific ConceptMap; raw QBC value retained in Provenance,equivalent,copy after Big5/max-length validation; preserve exact source in Provenance,reject missing when condition is true; otherwise omit target element; never invent a value,create one target item per source repetition; multi-select values are separate codings unless profile requires one CodeableConcept,lossless with raw QBC value retained in Provenance,QBC export MUST use retained raw value plus validated canonical value; fail closed if they disagree,implemented-and-tested,QBC-TM02-SURGERY-POSTOP-REQUIRED,ready-for-human-review
QBC-MAP-D046,D046,(術後) 淋巴結陽性數量：Macro-Metastasis 顆數,11507 定版,f63be9eae07c552af4f03e9771e48bcda1c5b4eb14c36ae6291c1fc0fb4e069d,"TM02=1 AND D044=1 (AT LEAST ONE OF D045,D046)",0..1,integer,癌症診療計畫書 JSON（過渡期 secondary source；非 Care Plan Task 輸出）,pathology/laboratory DiagnosticReport + Observation + Specimen,pathology finding / tumor marker / specimen-linked observation,derived projection to QBC; plan and QBC are not source-of-truth facts,Observation,Observation.valueInteger,integer,0..1,https://erichuang777777.github.io/TW-Breast-Cancer-FHIR-IG/StructureDefinition/qbc-integer-data-item-observation,1.0.0-preview.1,,,QBC field-specific ValueSet or source terminology; copy or field-specific ConceptMap; raw QBC value retained in Provenance,equivalent,copy after Big5/max-length validation; preserve exact source in Provenance,reject missing when condition is true; otherwise omit target element; never invent a value,create one target item per source repetition; multi-select values are separate codings unless profile requires one CodeableConcept,lossless with raw QBC value retained in Provenance,QBC export MUST use retained raw value plus validated canonical value; fail closed if they disagree,implemented-and-tested,QBC-TM02-SURGERY-POSTOP-REQUIRED,ready-for-human-review
QBC-MAP-D047,D047,(術後) 手術時顯微鏡下腫瘤大小,11507 定版,f63be9eae07c552af4f03e9771e48bcda1c5b4eb14c36ae6291c1fc0fb4e069d,"TM02=1 AND DIAG_TYPE IN (1,2)",0..1,decimal,癌症診療計畫書 JSON（過渡期 secondary source；非 Care Plan Task 輸出）,pathology/laboratory DiagnosticReport + Observation + Specimen,pathology finding / tumor marker / specimen-linked observation,derived projection to QBC; plan and QBC are not source-of-truth facts,Observation,Observation.valueQuantity,Quantity,1..1,https://erichuang777777.github.io/TW-Breast-Cancer-FHIR-IG/StructureDefinition/qbc-tumor-size-observation,1.0.0-preview.1,,,QBC field-specific ValueSet or source terminology; copy or field-specific ConceptMap; raw QBC value retained in Provenance,equivalent,parse decimal; set UCUM system and code 'cm',reject missing when condition is true; otherwise omit target element; never invent a value,create one target item per source repetition; multi-select values are separate codings unless profile requires one CodeableConcept,lossless with raw QBC value retained in Provenance,QBC export MUST use retained raw value plus validated canonical value; fail closed if they disagree,implemented-and-tested,QBC-TM02-SURGERY-POSTOP-REQUIRED,ready-for-human-review
QBC-MAP-D048,D048,(術後) ER,11507 定版,f63be9eae07c552af4f03e9771e48bcda1c5b4eb14c36ae6291c1fc0fb4e069d,"TM02=1 AND DIAG_TYPE IN (1,2)",0..1,code,癌症診療計畫書 JSON（過渡期 secondary source；非 Care Plan Task 輸出）,pathology/laboratory DiagnosticReport + Observation + Specimen,pathology finding / tumor marker / specimen-linked observation,derived projection to QBC; plan and QBC are not source-of-truth facts,Observation,Observation.valueCodeableConcept,CodeableConcept,0..1,https://erichuang777777.github.io/TW-Breast-Cancer-FHIR-IG/StructureDefinition/qbc-data-item-observation,1.0.0-preview.1,http://hl7.org/fhir/us/mcode/StructureDefinition/mcode-tumor-marker-test,4.0.0,LOINC 85329-1 + UCUM %; qualitative and percentage values remain separate QBC observations,related-to,validate against QBC field ValueSet; translate when ConceptMap exists; preserve raw code,reject missing when condition is true; otherwise omit target element; never invent a value,create one target item per source repetition; multi-select values are separate codings unless profile requires one CodeableConcept,lossless with raw QBC value retained in Provenance,QBC export MUST use retained raw value plus validated canonical value; fail closed if they disagree,implemented-and-tested,QBC-TM02-SURGERY-POSTOP-REQUIRED; FHIR-MCODE-SCOPE,ready-for-human-review
QBC-MAP-D049,D049,(術後) ER 數值,11507 定版,f63be9eae07c552af4f03e9771e48bcda1c5b4eb14c36ae6291c1fc0fb4e069d,TM02=1 AND D048=1,0..1,integer,癌症診療計畫書 JSON（過渡期 secondary source；非 Care Plan Task 輸出）,pathology/laboratory DiagnosticReport + Observation + Specimen,pathology finding / tumor marker / specimen-linked observation,derived projection to QBC; plan and QBC are not source-of-truth facts,Observation,Observation.valueQuantity,Quantity,0..1,https://erichuang777777.github.io/TW-Breast-Cancer-FHIR-IG/StructureDefinition/qbc-quantity-data-item-observation,1.0.0-preview.1,http://hl7.org/fhir/us/mcode/StructureDefinition/mcode-tumor-marker-test,4.0.0,LOINC 85329-1 + UCUM %; qualitative and percentage values remain separate QBC observations,related-to,parse decimal; set UCUM system and code '%',reject missing when condition is true; otherwise omit target element; never invent a value,create one target item per source repetition; multi-select values are separate codings unless profile requires one CodeableConcept,lossless with raw QBC value retained in Provenance,QBC export MUST use retained raw value plus validated canonical value; fail closed if they disagree,implemented-and-tested,QBC-TM02-SURGERY-POSTOP-REQUIRED; FHIR-MCODE-SCOPE,ready-for-human-review
QBC-MAP-D050,D050,(術後) PR,11507 定版,f63be9eae07c552af4f03e9771e48bcda1c5b4eb14c36ae6291c1fc0fb4e069d,"TM02=1 AND DIAG_TYPE IN (1,2)",0..1,code,癌症診療計畫書 JSON（過渡期 secondary source；非 Care Plan Task 輸出）,pathology/laboratory DiagnosticReport + Observation + Specimen,pathology finding / tumor marker / specimen-linked observation,derived projection to QBC; plan and QBC are not source-of-truth facts,Observation,Observation.valueCodeableConcept,CodeableConcept,0..1,https://erichuang777777.github.io/TW-Breast-Cancer-FHIR-IG/StructureDefinition/qbc-data-item-observation,1.0.0-preview.1,http://hl7.org/fhir/us/mcode/StructureDefinition/mcode-tumor-marker-test,4.0.0,LOINC 85339-0 (presence); 85325-9 (%); assay=immune stain; preserve original QBC value,related-to,validate against QBC field ValueSet; translate when ConceptMap exists; preserve raw code,reject missing when condition is true; otherwise omit target element; never invent a value,create one target item per source repetition; multi-select values are separate codings unless profile requires one CodeableConcept,lossless with raw QBC value retained in Provenance,QBC export MUST use retained raw value plus validated canonical value; fail closed if they disagree,implemented-and-tested,QBC-TM02-SURGERY-POSTOP-REQUIRED; TERM-PR; FHIR-MCODE-SCOPE,ready-for-human-review
QBC-MAP-D051,D051,(術後) PR 數值,11507 定版,f63be9eae07c552af4f03e9771e48bcda1c5b4eb14c36ae6291c1fc0fb4e069d,TM02=1 AND D050=1,0..1,integer,癌症診療計畫書 JSON（過渡期 secondary source；非 Care Plan Task 輸出）,pathology/laboratory DiagnosticReport + Observation + Specimen,pathology finding / tumor marker / specimen-linked observation,derived projection to QBC; plan and QBC are not source-of-truth facts,Observation,Observation.valueQuantity,Quantity,0..1,https://erichuang777777.github.io/TW-Breast-Cancer-FHIR-IG/StructureDefinition/qbc-quantity-data-item-observation,1.0.0-preview.1,http://hl7.org/fhir/us/mcode/StructureDefinition/mcode-tumor-marker-test,4.0.0,LOINC 85339-0 (presence); 85325-9 (%); assay=immune stain; preserve original QBC value,related-to,parse decimal; set UCUM system and code '%',reject missing when condition is true; otherwise omit target element; never invent a value,create one target item per source repetition; multi-select values are separate codings unless profile requires one CodeableConcept,lossless with raw QBC value retained in Provenance,QBC export MUST use retained raw value plus validated canonical value; fail closed if they disagree,implemented-and-tested,QBC-TM02-SURGERY-POSTOP-REQUIRED; TERM-PR; FHIR-MCODE-SCOPE,ready-for-human-review
QBC-MAP-D052,D052,(術後) HER2,11507 定版,f63be9eae07c552af4f03e9771e48bcda1c5b4eb14c36ae6291c1fc0fb4e069d,"TM02=1 AND DIAG_TYPE IN (1,2)",0..1,code,癌症診療計畫書 JSON（過渡期 secondary source；非 Care Plan Task 輸出）,pathology/laboratory DiagnosticReport + Observation + Specimen,pathology finding / tumor marker / specimen-linked observation,derived projection to QBC; plan and QBC are not source-of-truth facts,Observation,Observation.valueCodeableConcept,CodeableConcept,0..1,https://erichuang777777.github.io/TW-Breast-Cancer-FHIR-IG/StructureDefinition/qbc-data-item-observation,1.0.0-preview.1,http://hl7.org/fhir/us/mcode/StructureDefinition/mcode-tumor-marker-test,4.0.0,QBC field-specific ValueSet or source terminology; copy or field-specific ConceptMap; raw QBC value retained in Provenance,equivalent,validate against QBC field ValueSet; translate when ConceptMap exists; preserve raw code,reject missing when condition is true; otherwise omit target element; never invent a value,create one target item per source repetition; multi-select values are separate codings unless profile requires one CodeableConcept,lossless with raw QBC value retained in Provenance,QBC export MUST use retained raw value plus validated canonical value; fail closed if they disagree,implemented-and-tested,QBC-TM02-SURGERY-POSTOP-REQUIRED; FHIR-MCODE-SCOPE,ready-for-human-review
QBC-MAP-D053,D053,(術後) HER2：FISH,11507 定版,f63be9eae07c552af4f03e9771e48bcda1c5b4eb14c36ae6291c1fc0fb4e069d,TM02=1 AND D052=2,0..1,code,癌症診療計畫書 JSON（過渡期 secondary source；非 Care Plan Task 輸出）,pathology/laboratory DiagnosticReport + Observation + Specimen,pathology finding / tumor marker / specimen-linked observation,derived projection to QBC; plan and QBC are not source-of-truth facts,Observation,Observation.valueCodeableConcept,CodeableConcept,0..1,https://erichuang777777.github.io/TW-Breast-Cancer-FHIR-IG/StructureDefinition/qbc-data-item-observation,1.0.0-preview.1,http://hl7.org/fhir/us/mcode/StructureDefinition/mcode-tumor-marker-test,4.0.0,LOINC 85318-4 (breast specimen FISH); 31150-6 fallback; use 85318-4 only when breast specimen and FISH are confirmed,related-to,validate against QBC field ValueSet; translate when ConceptMap exists; preserve raw code,reject missing when condition is true; otherwise omit target element; never invent a value,create one target item per source repetition; multi-select values are separate codings unless profile requires one CodeableConcept,lossless with raw QBC value retained in Provenance,QBC export MUST use retained raw value plus validated canonical value; fail closed if they disagree,implemented-and-tested,QBC-TM02-SURGERY-POSTOP-REQUIRED; TERM-HER2-FISH; FHIR-MCODE-SCOPE,ready-for-human-review
QBC-MAP-D054,D054,(術後) Ki-67,11507 定版,f63be9eae07c552af4f03e9771e48bcda1c5b4eb14c36ae6291c1fc0fb4e069d,"TM02=1 AND DIAG_TYPE IN (1,2)",0..1,code,癌症診療計畫書 JSON（過渡期 secondary source；非 Care Plan Task 輸出）,pathology/laboratory DiagnosticReport + Observation + Specimen,pathology finding / tumor marker / specimen-linked observation,derived projection to QBC; plan and QBC are not source-of-truth facts,Observation,Observation.valueCodeableConcept,CodeableConcept,0..1,https://erichuang777777.github.io/TW-Breast-Cancer-FHIR-IG/StructureDefinition/qbc-data-item-observation,1.0.0-preview.1,http://hl7.org/fhir/us/mcode/StructureDefinition/mcode-tumor-marker-test,4.0.0,QBC field-specific ValueSet or source terminology; copy or field-specific ConceptMap; raw QBC value retained in Provenance,equivalent,validate against QBC field ValueSet; translate when ConceptMap exists; preserve raw code,reject missing when condition is true; otherwise omit target element; never invent a value,create one target item per source repetition; multi-select values are separate codings unless profile requires one CodeableConcept,lossless with raw QBC value retained in Provenance,QBC export MUST use retained raw value plus validated canonical value; fail closed if they disagree,implemented-and-tested,QBC-TM02-SURGERY-POSTOP-REQUIRED; FHIR-MCODE-SCOPE,ready-for-human-review
QBC-MAP-D055,D055,(術後) Ki-67 數值,11507 定版,f63be9eae07c552af4f03e9771e48bcda1c5b4eb14c36ae6291c1fc0fb4e069d,TM02=1 AND D054=1,0..1,integer,癌症診療計畫書 JSON（過渡期 secondary source；非 Care Plan Task 輸出）,pathology/laboratory DiagnosticReport + Observation + Specimen,pathology finding / tumor marker / specimen-linked observation,derived projection to QBC; plan and QBC are not source-of-truth facts,Observation,Observation.valueQuantity,Quantity,0..1,https://erichuang777777.github.io/TW-Breast-Cancer-FHIR-IG/StructureDefinition/qbc-quantity-data-item-observation,1.0.0-preview.1,http://hl7.org/fhir/us/mcode/StructureDefinition/mcode-tumor-marker-test,4.0.0,QBC field-specific ValueSet or source terminology; copy or field-specific ConceptMap; raw QBC value retained in Provenance,equivalent,parse decimal; set UCUM system and code '%',reject missing when condition is true; otherwise omit target element; never invent a value,create one target item per source repetition; multi-select values are separate codings unless profile requires one CodeableConcept,lossless with raw QBC value retained in Provenance,QBC export MUST use retained raw value plus validated canonical value; fail closed if they disagree,implemented-and-tested,QBC-TM02-SURGERY-POSTOP-REQUIRED; FHIR-MCODE-SCOPE,ready-for-human-review
QBC-MAP-D056,D056,(術後) BRCA 1/2,11507 定版,f63be9eae07c552af4f03e9771e48bcda1c5b4eb14c36ae6291c1fc0fb4e069d,"TM02=1 AND DIAG_TYPE IN (1,2)",0..1,code,癌症診療計畫書 JSON（過渡期 secondary source；非 Care Plan Task 輸出）,pathology/laboratory DiagnosticReport + Observation + Specimen,pathology finding / tumor marker / specimen-linked observation,derived projection to QBC; plan and QBC are not source-of-truth facts,Observation,Observation.valueCodeableConcept,CodeableConcept,0..1,https://erichuang777777.github.io/TW-Breast-Cancer-FHIR-IG/StructureDefinition/qbc-data-item-observation,1.0.0-preview.1,http://hl7.org/fhir/us/mcode/StructureDefinition/mcode-genomic-variant,4.0.0,QBC field-specific ValueSet or source terminology; copy or field-specific ConceptMap; raw QBC value retained in Provenance,equivalent,validate against QBC field ValueSet; translate when ConceptMap exists; preserve raw code,reject missing when condition is true; otherwise omit target element; never invent a value,create one target item per source repetition; multi-select values are separate codings unless profile requires one CodeableConcept,lossless with raw QBC value retained in Provenance,QBC export MUST use retained raw value plus validated canonical value; fail closed if they disagree,implemented-and-tested,QBC-TM02-SURGERY-POSTOP-REQUIRED; FHIR-MCODE-SCOPE,ready-for-human-review
QBC-MAP-D057,D057,(術後) PD-L1,11507 定版,f63be9eae07c552af4f03e9771e48bcda1c5b4eb14c36ae6291c1fc0fb4e069d,"TM02=1 AND DIAG_TYPE IN (1,2)",0..1,code,癌症診療計畫書 JSON（過渡期 secondary source；非 Care Plan Task 輸出）,pathology/laboratory DiagnosticReport + Observation + Specimen,pathology finding / tumor marker / specimen-linked observation,derived projection to QBC; plan and QBC are not source-of-truth facts,Observation,Observation.valueCodeableConcept,CodeableConcept,0..1,https://erichuang777777.github.io/TW-Breast-Cancer-FHIR-IG/StructureDefinition/qbc-data-item-observation,1.0.0-preview.1,http://hl7.org/fhir/us/mcode/StructureDefinition/mcode-tumor-marker-test,4.0.0,"No fixed LOINC without clone/assay; candidates 83052-1, 83055-4, 83057-0; QBC lacks clone, CPS/TPS and threshold; preserve raw value and method metadata",unmatched,validate against QBC field ValueSet; translate when ConceptMap exists; preserve raw code,reject missing when condition is true; otherwise omit target element; never invent a value,create one target item per source repetition; multi-select values are separate codings unless profile requires one CodeableConcept,lossy for assay/clone/CPS/TPS because QBC does not carry them; do not infer,QBC export MUST use retained raw value plus validated canonical value; fail closed if they disagree,implemented-and-tested,QBC-TM02-SURGERY-POSTOP-REQUIRED; TERM-PDL1; FHIR-MCODE-SCOPE,ready-for-human-review
QBC-MAP-D058,D058,(復發) 診斷日期,11507 定版,f63be9eae07c552af4f03e9771e48bcda1c5b4eb14c36ae6291c1fc0fb4e069d,DIAG_TYPE=3,0..1,date,癌症診療計畫書 JSON（過渡期 secondary source；非 Care Plan Task 輸出）,"pathology, imaging or signed clinical DiagnosticReport",diagnosis or treatment-related clinical fact,derived projection to QBC; plan and QBC are not source-of-truth facts,Condition,Condition.onsetDateTime,dateTime,0..1,https://twcore.mohw.gov.tw/ig/twcore/StructureDefinition/Condition-twcore,1.0.0,http://hl7.org/fhir/us/mcode/StructureDefinition/mcode-primary-cancer-condition,4.0.0,FHIR date/dateTime; YYYYMMDD → YYYY-MM-DD; timezone not inferred,equivalent,parse YYYYMMDD as FHIR date/dateTime; reject invalid calendar dates,reject missing when condition is true; otherwise omit target element; never invent a value,create one target item per source repetition; multi-select values are separate codings unless profile requires one CodeableConcept,lossless with raw QBC value retained in Provenance,QBC export MUST use retained raw value plus validated canonical value; fail closed if they disagree,implemented-and-tested,QBC-DIAGTYPE3-RECURRENCE-REQUIRED; FHIR-MCODE-SCOPE,ready-for-human-review
QBC-MAP-D059,D059,(復發) 診斷院所,11507 定版,f63be9eae07c552af4f03e9771e48bcda1c5b4eb14c36ae6291c1fc0fb4e069d,DIAG_TYPE=3,0..1,code,癌症診療計畫書 JSON（過渡期 secondary source；非 Care Plan Task 輸出）,"pathology, imaging or signed clinical DiagnosticReport",diagnosis or treatment-related clinical fact,derived projection to QBC; plan and QBC are not source-of-truth facts,Encounter,Encounter.extension[qbc-diagnosis-facility-class],CodeableConcept,0..1,https://twcore.mohw.gov.tw/ig/twcore/StructureDefinition/Encounter-twcore,1.0.0,,,QBC field-specific ValueSet or source terminology; copy or field-specific ConceptMap; raw QBC value retained in Provenance,equivalent,validate against QBC field ValueSet; translate when ConceptMap exists; preserve raw code,reject missing when condition is true; otherwise omit target element; never invent a value,create one target item per source repetition; multi-select values are separate codings unless profile requires one CodeableConcept,lossy unless actual Organization is also supplied; 1/2 only records same/other facility,QBC export MUST use retained raw value plus validated canonical value; fail closed if they disagree,implemented-and-tested,QBC-DIAGTYPE3-RECURRENCE-REQUIRED; FHIR-EXTENSIONS,ready-for-human-review
QBC-MAP-D060,D060,(復發) 臨床期別 T,11507 定版,f63be9eae07c552af4f03e9771e48bcda1c5b4eb14c36ae6291c1fc0fb4e069d,DIAG_TYPE=3,0..1,code,癌症診療計畫書 JSON（過渡期 secondary source；非 Care Plan Task 輸出）,"imaging, pathology and clinical staging evidence",TNM/stage or metastatic disease fact,derived projection to QBC; plan and QBC are not source-of-truth facts,Observation,Observation.valueCodeableConcept,CodeableConcept,0..1,https://erichuang777777.github.io/TW-Breast-Cancer-FHIR-IG/StructureDefinition/qbc-data-item-observation,1.0.0-preview.1,http://hl7.org/fhir/us/mcode/StructureDefinition/mcode-tnm-primary-tumor-category,4.0.0,AJCC TNM/Stage (edition required); QBC coarsens TNM; preserve original code and AJCC edition,narrower,validate against QBC field ValueSet; translate when ConceptMap exists; preserve raw code,reject missing when condition is true; otherwise omit target element; never invent a value,create one target item per source repetition; multi-select values are separate codings unless profile requires one CodeableConcept,potentially lossy toward mCODE/AJCC granularity; retain exact QBC stage and edition,QBC export MUST use retained raw value plus validated canonical value; fail closed if they disagree,implemented-and-tested,QBC-DIAGTYPE3-RECURRENCE-REQUIRED; GOV-AJCC; FHIR-MCODE-SCOPE,ready-for-human-review
QBC-MAP-D061,D061,(復發) 臨床期別 N,11507 定版,f63be9eae07c552af4f03e9771e48bcda1c5b4eb14c36ae6291c1fc0fb4e069d,DIAG_TYPE=3,0..1,code,癌症診療計畫書 JSON（過渡期 secondary source；非 Care Plan Task 輸出）,"imaging, pathology and clinical staging evidence",TNM/stage or metastatic disease fact,derived projection to QBC; plan and QBC are not source-of-truth facts,Observation,Observation.valueCodeableConcept,CodeableConcept,0..1,https://erichuang777777.github.io/TW-Breast-Cancer-FHIR-IG/StructureDefinition/qbc-data-item-observation,1.0.0-preview.1,http://hl7.org/fhir/us/mcode/StructureDefinition/mcode-tnm-regional-nodes-category,4.0.0,AJCC TNM/Stage (edition required); QBC coarsens TNM; preserve original code and AJCC edition,narrower,validate against QBC field ValueSet; translate when ConceptMap exists; preserve raw code,reject missing when condition is true; otherwise omit target element; never invent a value,create one target item per source repetition; multi-select values are separate codings unless profile requires one CodeableConcept,potentially lossy toward mCODE/AJCC granularity; retain exact QBC stage and edition,QBC export MUST use retained raw value plus validated canonical value; fail closed if they disagree,implemented-and-tested,QBC-DIAGTYPE3-RECURRENCE-REQUIRED; GOV-AJCC; FHIR-MCODE-SCOPE,ready-for-human-review
QBC-MAP-D062,D062,(復發) 臨床期別 M,11507 定版,f63be9eae07c552af4f03e9771e48bcda1c5b4eb14c36ae6291c1fc0fb4e069d,DIAG_TYPE=3,0..1,code,癌症診療計畫書 JSON（過渡期 secondary source；非 Care Plan Task 輸出）,"imaging, pathology and clinical staging evidence",TNM/stage or metastatic disease fact,derived projection to QBC; plan and QBC are not source-of-truth facts,Observation,Observation.valueCodeableConcept,CodeableConcept,0..1,https://erichuang777777.github.io/TW-Breast-Cancer-FHIR-IG/StructureDefinition/qbc-data-item-observation,1.0.0-preview.1,http://hl7.org/fhir/us/mcode/StructureDefinition/mcode-tnm-distant-metastases-category,4.0.0,AJCC TNM/Stage (edition required); QBC coarsens TNM; preserve original code and AJCC edition,narrower,validate against QBC field ValueSet; translate when ConceptMap exists; preserve raw code,reject missing when condition is true; otherwise omit target element; never invent a value,create one target item per source repetition; multi-select values are separate codings unless profile requires one CodeableConcept,potentially lossy toward mCODE/AJCC granularity; retain exact QBC stage and edition,QBC export MUST use retained raw value plus validated canonical value; fail closed if they disagree,implemented-and-tested,QBC-DIAGTYPE3-RECURRENCE-REQUIRED; GOV-AJCC; FHIR-MCODE-SCOPE,ready-for-human-review
QBC-MAP-D063,D063,(復發) 癌症臨床分期：TNM 計算結果,11507 定版,f63be9eae07c552af4f03e9771e48bcda1c5b4eb14c36ae6291c1fc0fb4e069d,DIAG_TYPE=3,0..1,string,癌症診療計畫書 JSON（過渡期 secondary source；非 Care Plan Task 輸出）,"imaging, pathology and clinical staging evidence",TNM/stage or metastatic disease fact,derived projection to QBC; plan and QBC are not source-of-truth facts,Observation,Observation.valueCodeableConcept,CodeableConcept,0..1,https://erichuang777777.github.io/TW-Breast-Cancer-FHIR-IG/StructureDefinition/qbc-data-item-observation,1.0.0-preview.1,http://hl7.org/fhir/us/mcode/StructureDefinition/mcode-tnm-stage-group,4.0.0,AJCC TNM/Stage (edition required); QBC coarsens TNM; preserve original code and AJCC edition,narrower,copy after Big5/max-length validation; preserve exact source in Provenance,reject missing when condition is true; otherwise omit target element; never invent a value,create one target item per source repetition; multi-select values are separate codings unless profile requires one CodeableConcept,potentially lossy toward mCODE/AJCC granularity; retain exact QBC stage and edition,QBC export MUST use retained raw value plus validated canonical value; fail closed if they disagree,implemented-and-tested,QBC-DIAGTYPE3-RECURRENCE-REQUIRED; GOV-AJCC; FHIR-MCODE-SCOPE,ready-for-human-review
QBC-MAP-D064,D064,(復發) 病理期別 T,11507 定版,f63be9eae07c552af4f03e9771e48bcda1c5b4eb14c36ae6291c1fc0fb4e069d,DIAG_TYPE=3,0..1,code,癌症診療計畫書 JSON（過渡期 secondary source；非 Care Plan Task 輸出）,"imaging, pathology and clinical staging evidence",TNM/stage or metastatic disease fact,derived projection to QBC; plan and QBC are not source-of-truth facts,Observation,Observation.valueCodeableConcept,CodeableConcept,0..1,https://erichuang777777.github.io/TW-Breast-Cancer-FHIR-IG/StructureDefinition/qbc-data-item-observation,1.0.0-preview.1,http://hl7.org/fhir/us/mcode/StructureDefinition/mcode-tnm-primary-tumor-category,4.0.0,AJCC TNM/Stage (edition required); QBC coarsens TNM; preserve original code and AJCC edition,narrower,validate against QBC field ValueSet; translate when ConceptMap exists; preserve raw code,reject missing when condition is true; otherwise omit target element; never invent a value,create one target item per source repetition; multi-select values are separate codings unless profile requires one CodeableConcept,potentially lossy toward mCODE/AJCC granularity; retain exact QBC stage and edition,QBC export MUST use retained raw value plus validated canonical value; fail closed if they disagree,implemented-and-tested,QBC-DIAGTYPE3-RECURRENCE-REQUIRED; GOV-AJCC; FHIR-MCODE-SCOPE,ready-for-human-review
QBC-MAP-D065,D065,(復發) 病理期別 N,11507 定版,f63be9eae07c552af4f03e9771e48bcda1c5b4eb14c36ae6291c1fc0fb4e069d,DIAG_TYPE=3,0..1,code,癌症診療計畫書 JSON（過渡期 secondary source；非 Care Plan Task 輸出）,"imaging, pathology and clinical staging evidence",TNM/stage or metastatic disease fact,derived projection to QBC; plan and QBC are not source-of-truth facts,Observation,Observation.valueCodeableConcept,CodeableConcept,0..1,https://erichuang777777.github.io/TW-Breast-Cancer-FHIR-IG/StructureDefinition/qbc-data-item-observation,1.0.0-preview.1,http://hl7.org/fhir/us/mcode/StructureDefinition/mcode-tnm-regional-nodes-category,4.0.0,AJCC TNM/Stage (edition required); QBC coarsens TNM; preserve original code and AJCC edition,narrower,validate against QBC field ValueSet; translate when ConceptMap exists; preserve raw code,reject missing when condition is true; otherwise omit target element; never invent a value,create one target item per source repetition; multi-select values are separate codings unless profile requires one CodeableConcept,potentially lossy toward mCODE/AJCC granularity; retain exact QBC stage and edition,QBC export MUST use retained raw value plus validated canonical value; fail closed if they disagree,implemented-and-tested,QBC-DIAGTYPE3-RECURRENCE-REQUIRED; GOV-AJCC; FHIR-MCODE-SCOPE,ready-for-human-review
QBC-MAP-D066,D066,(復發) 病理期別 M,11507 定版,f63be9eae07c552af4f03e9771e48bcda1c5b4eb14c36ae6291c1fc0fb4e069d,DIAG_TYPE=3,0..1,code,癌症診療計畫書 JSON（過渡期 secondary source；非 Care Plan Task 輸出）,"imaging, pathology and clinical staging evidence",TNM/stage or metastatic disease fact,derived projection to QBC; plan and QBC are not source-of-truth facts,Observation,Observation.valueCodeableConcept,CodeableConcept,0..1,https://erichuang777777.github.io/TW-Breast-Cancer-FHIR-IG/StructureDefinition/qbc-data-item-observation,1.0.0-preview.1,http://hl7.org/fhir/us/mcode/StructureDefinition/mcode-tnm-distant-metastases-category,4.0.0,AJCC TNM/Stage (edition required); QBC coarsens TNM; preserve original code and AJCC edition,narrower,validate against QBC field ValueSet; translate when ConceptMap exists; preserve raw code,reject missing when condition is true; otherwise omit target element; never invent a value,create one target item per source repetition; multi-select values are separate codings unless profile requires one CodeableConcept,potentially lossy toward mCODE/AJCC granularity; retain exact QBC stage and edition,QBC export MUST use retained raw value plus validated canonical value; fail closed if they disagree,implemented-and-tested,QBC-DIAGTYPE3-RECURRENCE-REQUIRED; GOV-AJCC; FHIR-MCODE-SCOPE,ready-for-human-review
QBC-MAP-D067,D067,(復發) 癌症病理分期：TNM 計算結果,11507 定版,f63be9eae07c552af4f03e9771e48bcda1c5b4eb14c36ae6291c1fc0fb4e069d,DIAG_TYPE=3,0..1,string,癌症診療計畫書 JSON（過渡期 secondary source；非 Care Plan Task 輸出）,"imaging, pathology and clinical staging evidence",TNM/stage or metastatic disease fact,derived projection to QBC; plan and QBC are not source-of-truth facts,Observation,Observation.valueCodeableConcept,CodeableConcept,0..1,https://erichuang777777.github.io/TW-Breast-Cancer-FHIR-IG/StructureDefinition/qbc-data-item-observation,1.0.0-preview.1,http://hl7.org/fhir/us/mcode/StructureDefinition/mcode-tnm-stage-group,4.0.0,AJCC TNM/Stage (edition required); QBC coarsens TNM; preserve original code and AJCC edition,narrower,copy after Big5/max-length validation; preserve exact source in Provenance,reject missing when condition is true; otherwise omit target element; never invent a value,create one target item per source repetition; multi-select values are separate codings unless profile requires one CodeableConcept,potentially lossy toward mCODE/AJCC granularity; retain exact QBC stage and edition,QBC export MUST use retained raw value plus validated canonical value; fail closed if they disagree,implemented-and-tested,QBC-DIAGTYPE3-RECURRENCE-REQUIRED; GOV-AJCC; FHIR-MCODE-SCOPE,ready-for-human-review
QBC-MAP-D068,D068,(復發) 復發位置,11507 定版,f63be9eae07c552af4f03e9771e48bcda1c5b4eb14c36ae6291c1fc0fb4e069d,DIAG_TYPE=3,0..1,code-list (comma-separated repeating codes),癌症診療計畫書 JSON（過渡期 secondary source；非 Care Plan Task 輸出）,"imaging, pathology and clinical staging evidence",TNM/stage or metastatic disease fact,derived projection to QBC; plan and QBC are not source-of-truth facts,Condition,Condition.bodySite,CodeableConcept,0..*,https://twcore.mohw.gov.tw/ig/twcore/StructureDefinition/Condition-twcore,1.0.0,http://hl7.org/fhir/us/mcode/StructureDefinition/mcode-secondary-cancer-condition,4.0.0,QBC field-specific ValueSet or source terminology; copy or field-specific ConceptMap; raw QBC value retained in Provenance,equivalent,split on ASCII comma; trim; de-duplicate; preserve source order,reject missing when condition is true; otherwise omit target element; never invent a value,create one target item per source repetition; multi-select values are separate codings unless profile requires one CodeableConcept,lossless with raw QBC value retained in Provenance,QBC export MUST use retained raw value plus validated canonical value; fail closed if they disagree,implemented-and-tested,QBC-DIAGTYPE3-RECURRENCE-REQUIRED; FHIR-MCODE-SCOPE,ready-for-human-review
QBC-MAP-D069,D069,(復發) 復發位置：其他,11507 定版,f63be9eae07c552af4f03e9771e48bcda1c5b4eb14c36ae6291c1fc0fb4e069d,DIAG_TYPE=3 AND D068 CONTAINS 13,0..1,string,癌症診療計畫書 JSON（過渡期 secondary source；非 Care Plan Task 輸出）,"imaging, pathology and clinical staging evidence",TNM/stage or metastatic disease fact,derived projection to QBC; plan and QBC are not source-of-truth facts,Condition,Condition.bodySite.text,string,0..1,https://twcore.mohw.gov.tw/ig/twcore/StructureDefinition/Condition-twcore,1.0.0,http://hl7.org/fhir/us/mcode/StructureDefinition/mcode-secondary-cancer-condition,4.0.0,QBC field-specific ValueSet or source terminology; copy or field-specific ConceptMap; raw QBC value retained in Provenance,equivalent,copy after Big5/max-length validation; preserve exact source in Provenance,reject missing when condition is true; otherwise omit target element; never invent a value,create one target item per source repetition; multi-select values are separate codings unless profile requires one CodeableConcept,lossless with raw QBC value retained in Provenance,QBC export MUST use retained raw value plus validated canonical value; fail closed if they disagree,implemented-and-tested,QBC-DIAGTYPE3-RECURRENCE-REQUIRED; FHIR-MCODE-SCOPE,ready-for-human-review
QBC-MAP-D070,D070,(復發) 哨兵淋巴結,11507 定版,f63be9eae07c552af4f03e9771e48bcda1c5b4eb14c36ae6291c1fc0fb4e069d,DIAG_TYPE=3,0..1,code,癌症診療計畫書 JSON（過渡期 secondary source；非 Care Plan Task 輸出）,pathology/laboratory DiagnosticReport + Observation + Specimen,pathology finding / tumor marker / specimen-linked observation,derived projection to QBC; plan and QBC are not source-of-truth facts,Observation,Observation.valueCodeableConcept,CodeableConcept,0..1,https://erichuang777777.github.io/TW-Breast-Cancer-FHIR-IG/StructureDefinition/qbc-data-item-observation,1.0.0-preview.1,http://hl7.org/fhir/us/mcode/StructureDefinition/mcode-tumor-marker-test,4.0.0,QBC field-specific ValueSet or source terminology; copy or field-specific ConceptMap; raw QBC value retained in Provenance,equivalent,validate against QBC field ValueSet; translate when ConceptMap exists; preserve raw code,reject missing when condition is true; otherwise omit target element; never invent a value,create one target item per source repetition; multi-select values are separate codings unless profile requires one CodeableConcept,lossless with raw QBC value retained in Provenance,QBC export MUST use retained raw value plus validated canonical value; fail closed if they disagree,implemented-and-tested,QBC-DIAGTYPE3-RECURRENCE-REQUIRED; FHIR-MCODE-SCOPE,ready-for-human-review
QBC-MAP-D071,D071,(復發) 哨兵淋巴結：陽性顆數,11507 定版,f63be9eae07c552af4f03e9771e48bcda1c5b4eb14c36ae6291c1fc0fb4e069d,DIAG_TYPE=3 AND D070=1,0..1,integer,癌症診療計畫書 JSON（過渡期 secondary source；非 Care Plan Task 輸出）,pathology/laboratory DiagnosticReport + Observation + Specimen,pathology finding / tumor marker / specimen-linked observation,derived projection to QBC; plan and QBC are not source-of-truth facts,Observation,Observation.valueInteger,integer,0..1,https://erichuang777777.github.io/TW-Breast-Cancer-FHIR-IG/StructureDefinition/qbc-integer-data-item-observation,1.0.0-preview.1,,,QBC field-specific ValueSet or source terminology; copy or field-specific ConceptMap; raw QBC value retained in Provenance,equivalent,copy after Big5/max-length validation; preserve exact source in Provenance,reject missing when condition is true; otherwise omit target element; never invent a value,create one target item per source repetition; multi-select values are separate codings unless profile requires one CodeableConcept,lossless with raw QBC value retained in Provenance,QBC export MUST use retained raw value plus validated canonical value; fail closed if they disagree,implemented-and-tested,QBC-DIAGTYPE3-RECURRENCE-REQUIRED,ready-for-human-review
QBC-MAP-D072,D072,(復發) 哨兵淋巴結：哨兵淋巴結顆數,11507 定版,f63be9eae07c552af4f03e9771e48bcda1c5b4eb14c36ae6291c1fc0fb4e069d,"DIAG_TYPE=3 AND D070 IN (0,1)",0..1,integer,癌症診療計畫書 JSON（過渡期 secondary source；非 Care Plan Task 輸出）,pathology/laboratory DiagnosticReport + Observation + Specimen,pathology finding / tumor marker / specimen-linked observation,derived projection to QBC; plan and QBC are not source-of-truth facts,Observation,Observation.valueInteger,integer,0..1,https://erichuang777777.github.io/TW-Breast-Cancer-FHIR-IG/StructureDefinition/qbc-integer-data-item-observation,1.0.0-preview.1,,,QBC field-specific ValueSet or source terminology; copy or field-specific ConceptMap; raw QBC value retained in Provenance,equivalent,copy after Big5/max-length validation; preserve exact source in Provenance,reject missing when condition is true; otherwise omit target element; never invent a value,create one target item per source repetition; multi-select values are separate codings unless profile requires one CodeableConcept,lossless with raw QBC value retained in Provenance,QBC export MUST use retained raw value plus validated canonical value; fail closed if they disagree,implemented-and-tested,QBC-DIAGTYPE3-RECURRENCE-REQUIRED,ready-for-human-review
QBC-MAP-D073,D073,(復發) 腋下淋巴結,11507 定版,f63be9eae07c552af4f03e9771e48bcda1c5b4eb14c36ae6291c1fc0fb4e069d,DIAG_TYPE=3,0..1,code,癌症診療計畫書 JSON（過渡期 secondary source；非 Care Plan Task 輸出）,pathology/laboratory DiagnosticReport + Observation + Specimen,pathology finding / tumor marker / specimen-linked observation,derived projection to QBC; plan and QBC are not source-of-truth facts,Observation,Observation.valueCodeableConcept,CodeableConcept,0..1,https://erichuang777777.github.io/TW-Breast-Cancer-FHIR-IG/StructureDefinition/qbc-data-item-observation,1.0.0-preview.1,http://hl7.org/fhir/us/mcode/StructureDefinition/mcode-tumor-marker-test,4.0.0,QBC field-specific ValueSet or source terminology; copy or field-specific ConceptMap; raw QBC value retained in Provenance,equivalent,validate against QBC field ValueSet; translate when ConceptMap exists; preserve raw code,reject missing when condition is true; otherwise omit target element; never invent a value,create one target item per source repetition; multi-select values are separate codings unless profile requires one CodeableConcept,lossless with raw QBC value retained in Provenance,QBC export MUST use retained raw value plus validated canonical value; fail closed if they disagree,implemented-and-tested,QBC-DIAGTYPE3-RECURRENCE-REQUIRED; FHIR-MCODE-SCOPE,ready-for-human-review
QBC-MAP-D074,D074,(復發) 腋下淋巴結：陽性顆數,11507 定版,f63be9eae07c552af4f03e9771e48bcda1c5b4eb14c36ae6291c1fc0fb4e069d,DIAG_TYPE=3 AND D073=1,0..1,integer,癌症診療計畫書 JSON（過渡期 secondary source；非 Care Plan Task 輸出）,pathology/laboratory DiagnosticReport + Observation + Specimen,pathology finding / tumor marker / specimen-linked observation,derived projection to QBC; plan and QBC are not source-of-truth facts,Observation,Observation.valueInteger,integer,0..1,https://erichuang777777.github.io/TW-Breast-Cancer-FHIR-IG/StructureDefinition/qbc-integer-data-item-observation,1.0.0-preview.1,,,QBC field-specific ValueSet or source terminology; copy or field-specific ConceptMap; raw QBC value retained in Provenance,equivalent,copy after Big5/max-length validation; preserve exact source in Provenance,reject missing when condition is true; otherwise omit target element; never invent a value,create one target item per source repetition; multi-select values are separate codings unless profile requires one CodeableConcept,lossless with raw QBC value retained in Provenance,QBC export MUST use retained raw value plus validated canonical value; fail closed if they disagree,implemented-and-tested,QBC-DIAGTYPE3-RECURRENCE-REQUIRED,ready-for-human-review
QBC-MAP-D075,D075,(復發) 腋下淋巴結：腋下淋巴結顆數,11507 定版,f63be9eae07c552af4f03e9771e48bcda1c5b4eb14c36ae6291c1fc0fb4e069d,"DIAG_TYPE=3 AND D073 IN (0,1)",0..1,integer,癌症診療計畫書 JSON（過渡期 secondary source；非 Care Plan Task 輸出）,pathology/laboratory DiagnosticReport + Observation + Specimen,pathology finding / tumor marker / specimen-linked observation,derived projection to QBC; plan and QBC are not source-of-truth facts,Observation,Observation.valueInteger,integer,0..1,https://erichuang777777.github.io/TW-Breast-Cancer-FHIR-IG/StructureDefinition/qbc-integer-data-item-observation,1.0.0-preview.1,,,QBC field-specific ValueSet or source terminology; copy or field-specific ConceptMap; raw QBC value retained in Provenance,equivalent,copy after Big5/max-length validation; preserve exact source in Provenance,reject missing when condition is true; otherwise omit target element; never invent a value,create one target item per source repetition; multi-select values are separate codings unless profile requires one CodeableConcept,lossless with raw QBC value retained in Provenance,QBC export MUST use retained raw value plus validated canonical value; fail closed if they disagree,implemented-and-tested,QBC-DIAGTYPE3-RECURRENCE-REQUIRED,ready-for-human-review
QBC-MAP-D076,D076,(復發) ER,11507 定版,f63be9eae07c552af4f03e9771e48bcda1c5b4eb14c36ae6291c1fc0fb4e069d,DIAG_TYPE=3,0..1,code,癌症診療計畫書 JSON（過渡期 secondary source；非 Care Plan Task 輸出）,pathology/laboratory DiagnosticReport + Observation + Specimen,pathology finding / tumor marker / specimen-linked observation,derived projection to QBC; plan and QBC are not source-of-truth facts,Observation,Observation.valueCodeableConcept,CodeableConcept,0..1,https://erichuang777777.github.io/TW-Breast-Cancer-FHIR-IG/StructureDefinition/qbc-data-item-observation,1.0.0-preview.1,http://hl7.org/fhir/us/mcode/StructureDefinition/mcode-tumor-marker-test,4.0.0,LOINC 85329-1 + UCUM %; qualitative and percentage values remain separate QBC observations,related-to,validate against QBC field ValueSet; translate when ConceptMap exists; preserve raw code,reject missing when condition is true; otherwise omit target element; never invent a value,create one target item per source repetition; multi-select values are separate codings unless profile requires one CodeableConcept,lossless with raw QBC value retained in Provenance,QBC export MUST use retained raw value plus validated canonical value; fail closed if they disagree,implemented-and-tested,QBC-DIAGTYPE3-RECURRENCE-REQUIRED; FHIR-MCODE-SCOPE,ready-for-human-review
QBC-MAP-D077,D077,(復發) ER 數值,11507 定版,f63be9eae07c552af4f03e9771e48bcda1c5b4eb14c36ae6291c1fc0fb4e069d,DIAG_TYPE=3 AND D076=1,0..1,integer,癌症診療計畫書 JSON（過渡期 secondary source；非 Care Plan Task 輸出）,pathology/laboratory DiagnosticReport + Observation + Specimen,pathology finding / tumor marker / specimen-linked observation,derived projection to QBC; plan and QBC are not source-of-truth facts,Observation,Observation.valueQuantity,Quantity,0..1,https://erichuang777777.github.io/TW-Breast-Cancer-FHIR-IG/StructureDefinition/qbc-quantity-data-item-observation,1.0.0-preview.1,http://hl7.org/fhir/us/mcode/StructureDefinition/mcode-tumor-marker-test,4.0.0,LOINC 85329-1 + UCUM %; qualitative and percentage values remain separate QBC observations,related-to,parse decimal; set UCUM system and code '%',reject missing when condition is true; otherwise omit target element; never invent a value,create one target item per source repetition; multi-select values are separate codings unless profile requires one CodeableConcept,lossless with raw QBC value retained in Provenance,QBC export MUST use retained raw value plus validated canonical value; fail closed if they disagree,implemented-and-tested,QBC-DIAGTYPE3-RECURRENCE-REQUIRED; FHIR-MCODE-SCOPE,ready-for-human-review
QBC-MAP-D078,D078,(復發) PR,11507 定版,f63be9eae07c552af4f03e9771e48bcda1c5b4eb14c36ae6291c1fc0fb4e069d,DIAG_TYPE=3,0..1,code,癌症診療計畫書 JSON（過渡期 secondary source；非 Care Plan Task 輸出）,pathology/laboratory DiagnosticReport + Observation + Specimen,pathology finding / tumor marker / specimen-linked observation,derived projection to QBC; plan and QBC are not source-of-truth facts,Observation,Observation.valueCodeableConcept,CodeableConcept,0..1,https://erichuang777777.github.io/TW-Breast-Cancer-FHIR-IG/StructureDefinition/qbc-data-item-observation,1.0.0-preview.1,http://hl7.org/fhir/us/mcode/StructureDefinition/mcode-tumor-marker-test,4.0.0,LOINC 85339-0 (presence); 85325-9 (%); assay=immune stain; preserve original QBC value,related-to,validate against QBC field ValueSet; translate when ConceptMap exists; preserve raw code,reject missing when condition is true; otherwise omit target element; never invent a value,create one target item per source repetition; multi-select values are separate codings unless profile requires one CodeableConcept,lossless with raw QBC value retained in Provenance,QBC export MUST use retained raw value plus validated canonical value; fail closed if they disagree,implemented-and-tested,QBC-DIAGTYPE3-RECURRENCE-REQUIRED; TERM-PR; FHIR-MCODE-SCOPE,ready-for-human-review
QBC-MAP-D079,D079,(復發) PR 數值,11507 定版,f63be9eae07c552af4f03e9771e48bcda1c5b4eb14c36ae6291c1fc0fb4e069d,DIAG_TYPE=3 AND D078=1,0..1,integer,癌症診療計畫書 JSON（過渡期 secondary source；非 Care Plan Task 輸出）,pathology/laboratory DiagnosticReport + Observation + Specimen,pathology finding / tumor marker / specimen-linked observation,derived projection to QBC; plan and QBC are not source-of-truth facts,Observation,Observation.valueQuantity,Quantity,0..1,https://erichuang777777.github.io/TW-Breast-Cancer-FHIR-IG/StructureDefinition/qbc-quantity-data-item-observation,1.0.0-preview.1,http://hl7.org/fhir/us/mcode/StructureDefinition/mcode-tumor-marker-test,4.0.0,LOINC 85339-0 (presence); 85325-9 (%); assay=immune stain; preserve original QBC value,related-to,parse decimal; set UCUM system and code '%',reject missing when condition is true; otherwise omit target element; never invent a value,create one target item per source repetition; multi-select values are separate codings unless profile requires one CodeableConcept,lossless with raw QBC value retained in Provenance,QBC export MUST use retained raw value plus validated canonical value; fail closed if they disagree,implemented-and-tested,QBC-DIAGTYPE3-RECURRENCE-REQUIRED; TERM-PR; FHIR-MCODE-SCOPE,ready-for-human-review
QBC-MAP-D080,D080,(復發) HER2,11507 定版,f63be9eae07c552af4f03e9771e48bcda1c5b4eb14c36ae6291c1fc0fb4e069d,DIAG_TYPE=3,0..1,code,癌症診療計畫書 JSON（過渡期 secondary source；非 Care Plan Task 輸出）,pathology/laboratory DiagnosticReport + Observation + Specimen,pathology finding / tumor marker / specimen-linked observation,derived projection to QBC; plan and QBC are not source-of-truth facts,Observation,Observation.valueCodeableConcept,CodeableConcept,0..1,https://erichuang777777.github.io/TW-Breast-Cancer-FHIR-IG/StructureDefinition/qbc-data-item-observation,1.0.0-preview.1,http://hl7.org/fhir/us/mcode/StructureDefinition/mcode-tumor-marker-test,4.0.0,QBC field-specific ValueSet or source terminology; copy or field-specific ConceptMap; raw QBC value retained in Provenance,equivalent,validate against QBC field ValueSet; translate when ConceptMap exists; preserve raw code,reject missing when condition is true; otherwise omit target element; never invent a value,create one target item per source repetition; multi-select values are separate codings unless profile requires one CodeableConcept,lossless with raw QBC value retained in Provenance,QBC export MUST use retained raw value plus validated canonical value; fail closed if they disagree,implemented-and-tested,QBC-DIAGTYPE3-RECURRENCE-REQUIRED; FHIR-MCODE-SCOPE,ready-for-human-review
QBC-MAP-D081,D081,(復發) HER2_FISH,11507 定版,f63be9eae07c552af4f03e9771e48bcda1c5b4eb14c36ae6291c1fc0fb4e069d,DIAG_TYPE=3 AND D080=2,0..1,code,癌症診療計畫書 JSON（過渡期 secondary source；非 Care Plan Task 輸出）,pathology/laboratory DiagnosticReport + Observation + Specimen,pathology finding / tumor marker / specimen-linked observation,derived projection to QBC; plan and QBC are not source-of-truth facts,Observation,Observation.valueCodeableConcept,CodeableConcept,0..1,https://erichuang777777.github.io/TW-Breast-Cancer-FHIR-IG/StructureDefinition/qbc-data-item-observation,1.0.0-preview.1,http://hl7.org/fhir/us/mcode/StructureDefinition/mcode-tumor-marker-test,4.0.0,LOINC 85318-4 (breast specimen FISH); 31150-6 fallback; use 85318-4 only when breast specimen and FISH are confirmed,related-to,validate against QBC field ValueSet; translate when ConceptMap exists; preserve raw code,reject missing when condition is true; otherwise omit target element; never invent a value,create one target item per source repetition; multi-select values are separate codings unless profile requires one CodeableConcept,lossless with raw QBC value retained in Provenance,QBC export MUST use retained raw value plus validated canonical value; fail closed if they disagree,implemented-and-tested,QBC-DIAGTYPE3-RECURRENCE-REQUIRED; TERM-HER2-FISH; FHIR-MCODE-SCOPE,ready-for-human-review
QBC-MAP-D082,D082,(復發) Ki-67,11507 定版,f63be9eae07c552af4f03e9771e48bcda1c5b4eb14c36ae6291c1fc0fb4e069d,DIAG_TYPE=3,0..1,code,癌症診療計畫書 JSON（過渡期 secondary source；非 Care Plan Task 輸出）,pathology/laboratory DiagnosticReport + Observation + Specimen,pathology finding / tumor marker / specimen-linked observation,derived projection to QBC; plan and QBC are not source-of-truth facts,Observation,Observation.valueCodeableConcept,CodeableConcept,0..1,https://erichuang777777.github.io/TW-Breast-Cancer-FHIR-IG/StructureDefinition/qbc-data-item-observation,1.0.0-preview.1,http://hl7.org/fhir/us/mcode/StructureDefinition/mcode-tumor-marker-test,4.0.0,QBC field-specific ValueSet or source terminology; copy or field-specific ConceptMap; raw QBC value retained in Provenance,equivalent,validate against QBC field ValueSet; translate when ConceptMap exists; preserve raw code,reject missing when condition is true; otherwise omit target element; never invent a value,create one target item per source repetition; multi-select values are separate codings unless profile requires one CodeableConcept,lossless with raw QBC value retained in Provenance,QBC export MUST use retained raw value plus validated canonical value; fail closed if they disagree,implemented-and-tested,QBC-DIAGTYPE3-RECURRENCE-REQUIRED; FHIR-MCODE-SCOPE,ready-for-human-review
QBC-MAP-D083,D083,(復發) Ki-67數值,11507 定版,f63be9eae07c552af4f03e9771e48bcda1c5b4eb14c36ae6291c1fc0fb4e069d,DIAG_TYPE=3,0..1,integer,癌症診療計畫書 JSON（過渡期 secondary source；非 Care Plan Task 輸出）,pathology/laboratory DiagnosticReport + Observation + Specimen,pathology finding / tumor marker / specimen-linked observation,derived projection to QBC; plan and QBC are not source-of-truth facts,Observation,Observation.valueQuantity,Quantity,0..1,https://erichuang777777.github.io/TW-Breast-Cancer-FHIR-IG/StructureDefinition/qbc-quantity-data-item-observation,1.0.0-preview.1,http://hl7.org/fhir/us/mcode/StructureDefinition/mcode-tumor-marker-test,4.0.0,QBC field-specific ValueSet or source terminology; copy or field-specific ConceptMap; raw QBC value retained in Provenance,equivalent,parse decimal; set UCUM system and code '%',reject missing when condition is true; otherwise omit target element; never invent a value,create one target item per source repetition; multi-select values are separate codings unless profile requires one CodeableConcept,lossless with raw QBC value retained in Provenance,QBC export MUST use retained raw value plus validated canonical value; fail closed if they disagree,implemented-and-tested,QBC-DIAGTYPE3-RECURRENCE-REQUIRED; FHIR-MCODE-SCOPE,ready-for-human-review
QBC-MAP-D084,D084,(復發) BRCA 1/2,11507 定版,f63be9eae07c552af4f03e9771e48bcda1c5b4eb14c36ae6291c1fc0fb4e069d,DIAG_TYPE=3,0..1,code,癌症診療計畫書 JSON（過渡期 secondary source；非 Care Plan Task 輸出）,pathology/laboratory DiagnosticReport + Observation + Specimen,pathology finding / tumor marker / specimen-linked observation,derived projection to QBC; plan and QBC are not source-of-truth facts,Observation,Observation.valueCodeableConcept,CodeableConcept,0..1,https://erichuang777777.github.io/TW-Breast-Cancer-FHIR-IG/StructureDefinition/qbc-data-item-observation,1.0.0-preview.1,http://hl7.org/fhir/us/mcode/StructureDefinition/mcode-genomic-variant,4.0.0,QBC field-specific ValueSet or source terminology; copy or field-specific ConceptMap; raw QBC value retained in Provenance,equivalent,validate against QBC field ValueSet; translate when ConceptMap exists; preserve raw code,reject missing when condition is true; otherwise omit target element; never invent a value,create one target item per source repetition; multi-select values are separate codings unless profile requires one CodeableConcept,lossless with raw QBC value retained in Provenance,QBC export MUST use retained raw value plus validated canonical value; fail closed if they disagree,implemented-and-tested,QBC-DIAGTYPE3-RECURRENCE-REQUIRED; FHIR-MCODE-SCOPE,ready-for-human-review
QBC-MAP-D085,D085,(復發) PD-L1,11507 定版,f63be9eae07c552af4f03e9771e48bcda1c5b4eb14c36ae6291c1fc0fb4e069d,DIAG_TYPE=3,0..1,code,癌症診療計畫書 JSON（過渡期 secondary source；非 Care Plan Task 輸出）,pathology/laboratory DiagnosticReport + Observation + Specimen,pathology finding / tumor marker / specimen-linked observation,derived projection to QBC; plan and QBC are not source-of-truth facts,Observation,Observation.valueCodeableConcept,CodeableConcept,0..1,https://erichuang777777.github.io/TW-Breast-Cancer-FHIR-IG/StructureDefinition/qbc-data-item-observation,1.0.0-preview.1,http://hl7.org/fhir/us/mcode/StructureDefinition/mcode-tumor-marker-test,4.0.0,"No fixed LOINC without clone/assay; candidates 83052-1, 83055-4, 83057-0; QBC lacks clone, CPS/TPS and threshold; preserve raw value and method metadata",unmatched,validate against QBC field ValueSet; translate when ConceptMap exists; preserve raw code,reject missing when condition is true; otherwise omit target element; never invent a value,create one target item per source repetition; multi-select values are separate codings unless profile requires one CodeableConcept,lossy for assay/clone/CPS/TPS because QBC does not carry them; do not infer,QBC export MUST use retained raw value plus validated canonical value; fail closed if they disagree,implemented-and-tested,QBC-DIAGTYPE3-RECURRENCE-REQUIRED; TERM-PDL1; FHIR-MCODE-SCOPE,ready-for-human-review
QBC-MAP-TM01,TM01,治療順序,11507 定版,f63be9eae07c552af4f03e9771e48bcda1c5b4eb14c36ae6291c1fc0fb4e069d,source value exists,0..*,integer,癌症診療計畫書／個管整理的治療資料,"Procedure, MedicationAdministration, radiotherapy or treatment-system source",cancer treatment fact,derived projection to QBC; plan and QBC are not source-of-truth facts,Procedure,Procedure.extension[qbc-treatment-sequence],positiveInt,0..1,https://twcore.mohw.gov.tw/ig/twcore/StructureDefinition/Procedure-twcore,1.0.0,,,QBC field-specific ValueSet or source terminology; copy or field-specific ConceptMap; raw QBC value retained in Provenance,equivalent,copy after Big5/max-length validation; preserve exact source in Provenance,reject missing when condition is true; otherwise omit target element; never invent a value,create one target item per source repetition; multi-select values are separate codings unless profile requires one CodeableConcept,lossless with raw QBC value retained in Provenance,QBC export MUST use retained raw value plus validated canonical value; fail closed if they disagree,implemented-and-tested,FHIR-EXTENSIONS,ready-for-human-review
QBC-MAP-TM02,TM02,治療方式,11507 定版,f63be9eae07c552af4f03e9771e48bcda1c5b4eb14c36ae6291c1fc0fb4e069d,source value exists,0..*,code,癌症診療計畫書／個管整理的治療資料,"Procedure, MedicationAdministration, radiotherapy or treatment-system source",cancer treatment fact,derived projection to QBC; plan and QBC are not source-of-truth facts,Procedure,Procedure.extension[qbc-treatment-type],CodeableConcept,0..1,https://twcore.mohw.gov.tw/ig/twcore/StructureDefinition/Procedure-twcore,1.0.0,,,QBC field-specific ValueSet or source terminology; copy or field-specific ConceptMap; raw QBC value retained in Provenance,equivalent,validate against QBC field ValueSet; translate when ConceptMap exists; preserve raw code,reject missing when condition is true; otherwise omit target element; never invent a value,create one target item per source repetition; multi-select values are separate codings unless profile requires one CodeableConcept,lossless with raw QBC value retained in Provenance,QBC export MUST use retained raw value plus validated canonical value; fail closed if they disagree,implemented-and-tested,FHIR-EXTENSIONS,ready-for-human-review
QBC-MAP-TM03,TM03,治療情況,11507 定版,f63be9eae07c552af4f03e9771e48bcda1c5b4eb14c36ae6291c1fc0fb4e069d,source value exists,0..*,code,癌症診療計畫書／個管整理的治療資料,"Procedure, MedicationAdministration, radiotherapy or treatment-system source",cancer treatment fact,derived projection to QBC; plan and QBC are not source-of-truth facts,Procedure,Procedure.extension[qbc-treatment-facility-class],CodeableConcept,0..1,https://twcore.mohw.gov.tw/ig/twcore/StructureDefinition/Procedure-twcore,1.0.0,,,QBC field-specific ValueSet or source terminology; copy or field-specific ConceptMap; raw QBC value retained in Provenance,equivalent,validate against QBC field ValueSet; translate when ConceptMap exists; preserve raw code,reject missing when condition is true; otherwise omit target element; never invent a value,create one target item per source repetition; multi-select values are separate codings unless profile requires one CodeableConcept,lossless with raw QBC value retained in Provenance,QBC export MUST use retained raw value plus validated canonical value; fail closed if they disagree,implemented-and-tested,FHIR-EXTENSIONS,ready-for-human-review
QBC-MAP-TM04,TM04,手術項目,11507 定版,f63be9eae07c552af4f03e9771e48bcda1c5b4eb14c36ae6291c1fc0fb4e069d,source value exists,0..*,code,癌症診療計畫書／個管整理的治療資料,"Procedure, MedicationAdministration, radiotherapy or treatment-system source",cancer treatment fact,derived projection to QBC; plan and QBC are not source-of-truth facts,Procedure,Procedure.code,CodeableConcept,1..1,https://twcore.mohw.gov.tw/ig/twcore/StructureDefinition/Procedure-twcore,1.0.0,,,QBC field-specific ValueSet or source terminology; copy or field-specific ConceptMap; raw QBC value retained in Provenance,equivalent,validate against QBC field ValueSet; translate when ConceptMap exists; preserve raw code,reject missing when condition is true; otherwise omit target element; never invent a value,create one target item per source repetition; multi-select values are separate codings unless profile requires one CodeableConcept,lossless with raw QBC value retained in Provenance,QBC export MUST use retained raw value plus validated canonical value; fail closed if they disagree,implemented-and-tested,none,technically-ready
QBC-MAP-TM05,TM05,藥物,11507 定版,f63be9eae07c552af4f03e9771e48bcda1c5b4eb14c36ae6291c1fc0fb4e069d,source value exists,0..*,code-list (comma-separated repeating codes),癌症診療計畫書／個管整理的治療資料,"Procedure, MedicationAdministration, radiotherapy or treatment-system source",cancer treatment fact,derived projection to QBC; plan and QBC are not source-of-truth facts,MedicationAdministration,MedicationAdministration.medicationCodeableConcept,CodeableConcept,1..1,http://hl7.org/fhir/StructureDefinition/MedicationAdministration,4.0.1,,,QBC field-specific ValueSet or source terminology; copy or field-specific ConceptMap; raw QBC value retained in Provenance,equivalent,split on ASCII comma; trim; de-duplicate; preserve source order,reject missing when condition is true; otherwise omit target element; never invent a value,create one target item per source repetition; multi-select values are separate codings unless profile requires one CodeableConcept,lossless with raw QBC value retained in Provenance,QBC export MUST use retained raw value plus validated canonical value; fail closed if they disagree,implemented-and-tested,none,technically-ready
QBC-MAP-TM06,TM06,藥物 (其他),11507 定版,f63be9eae07c552af4f03e9771e48bcda1c5b4eb14c36ae6291c1fc0fb4e069d,source value exists,0..*,string,癌症診療計畫書／個管整理的治療資料,"Procedure, MedicationAdministration, radiotherapy or treatment-system source",cancer treatment fact,derived projection to QBC; plan and QBC are not source-of-truth facts,MedicationAdministration,MedicationAdministration.medicationCodeableConcept.text,string,0..1,http://hl7.org/fhir/StructureDefinition/MedicationAdministration,4.0.1,,,QBC field-specific ValueSet or source terminology; copy or field-specific ConceptMap; raw QBC value retained in Provenance,equivalent,copy after Big5/max-length validation; preserve exact source in Provenance,reject missing when condition is true; otherwise omit target element; never invent a value,create one target item per source repetition; multi-select values are separate codings unless profile requires one CodeableConcept,lossless with raw QBC value retained in Provenance,QBC export MUST use retained raw value plus validated canonical value; fail closed if they disagree,implemented-and-tested,none,technically-ready
QBC-MAP-TM07,TM07,部位,11507 定版,f63be9eae07c552af4f03e9771e48bcda1c5b4eb14c36ae6291c1fc0fb4e069d,source value exists,0..*,code-list (comma-separated repeating codes),癌症診療計畫書／個管整理的治療資料,"Procedure, MedicationAdministration, radiotherapy or treatment-system source",cancer treatment fact,derived projection to QBC; plan and QBC are not source-of-truth facts,Procedure,Procedure.bodySite,CodeableConcept,0..*,https://twcore.mohw.gov.tw/ig/twcore/StructureDefinition/Procedure-twcore,1.0.0,,,QBC field-specific ValueSet or source terminology; copy or field-specific ConceptMap; raw QBC value retained in Provenance,equivalent,split on ASCII comma; trim; de-duplicate; preserve source order,reject missing when condition is true; otherwise omit target element; never invent a value,create one target item per source repetition; multi-select values are separate codings unless profile requires one CodeableConcept,lossless with raw QBC value retained in Provenance,QBC export MUST use retained raw value plus validated canonical value; fail closed if they disagree,implemented-and-tested,none,technically-ready
QBC-MAP-TM08,TM08,部位 (其他),11507 定版,f63be9eae07c552af4f03e9771e48bcda1c5b4eb14c36ae6291c1fc0fb4e069d,source value exists,0..*,string,癌症診療計畫書／個管整理的治療資料,"Procedure, MedicationAdministration, radiotherapy or treatment-system source",cancer treatment fact,derived projection to QBC; plan and QBC are not source-of-truth facts,Procedure,Procedure.bodySite.text,string,0..1,https://twcore.mohw.gov.tw/ig/twcore/StructureDefinition/Procedure-twcore,1.0.0,,,QBC field-specific ValueSet or source terminology; copy or field-specific ConceptMap; raw QBC value retained in Provenance,equivalent,copy after Big5/max-length validation; preserve exact source in Provenance,reject missing when condition is true; otherwise omit target element; never invent a value,create one target item per source repetition; multi-select values are separate codings unless profile requires one CodeableConcept,lossless with raw QBC value retained in Provenance,QBC export MUST use retained raw value plus validated canonical value; fail closed if they disagree,implemented-and-tested,none,technically-ready
QBC-MAP-TM09,TM09,治療項目開始日期,11507 定版,f63be9eae07c552af4f03e9771e48bcda1c5b4eb14c36ae6291c1fc0fb4e069d,source value exists,0..*,date,癌症診療計畫書／個管整理的治療資料,"Procedure, MedicationAdministration, radiotherapy or treatment-system source",cancer treatment fact,derived projection to QBC; plan and QBC are not source-of-truth facts,Procedure,Procedure.performedPeriod.start,dateTime,0..1,https://twcore.mohw.gov.tw/ig/twcore/StructureDefinition/Procedure-twcore,1.0.0,,,FHIR date/dateTime; YYYYMMDD → YYYY-MM-DD; timezone not inferred,equivalent,parse YYYYMMDD as FHIR date/dateTime; reject invalid calendar dates,reject missing when condition is true; otherwise omit target element; never invent a value,create one target item per source repetition; multi-select values are separate codings unless profile requires one CodeableConcept,lossless with raw QBC value retained in Provenance,QBC export MUST use retained raw value plus validated canonical value; fail closed if they disagree,implemented-and-tested,none,technically-ready
QBC-MAP-TM10,TM10,治療項目結束日期,11507 定版,f63be9eae07c552af4f03e9771e48bcda1c5b4eb14c36ae6291c1fc0fb4e069d,source value exists,0..*,date,癌症診療計畫書／個管整理的治療資料,"Procedure, MedicationAdministration, radiotherapy or treatment-system source",cancer treatment fact,derived projection to QBC; plan and QBC are not source-of-truth facts,Procedure,Procedure.performedPeriod.end,dateTime,0..1,https://twcore.mohw.gov.tw/ig/twcore/StructureDefinition/Procedure-twcore,1.0.0,,,FHIR date/dateTime; YYYYMMDD → YYYY-MM-DD; timezone not inferred,equivalent,parse YYYYMMDD as FHIR date/dateTime; reject invalid calendar dates,reject missing when condition is true; otherwise omit target element; never invent a value,create one target item per source repetition; multi-select values are separate codings unless profile requires one CodeableConcept,lossless with raw QBC value retained in Provenance,QBC export MUST use retained raw value plus validated canonical value; fail closed if they disagree,implemented-and-tested,none,technically-ready
QBC-MAP-T01,T01,追蹤年度,11507 定版,f63be9eae07c552af4f03e9771e48bcda1c5b4eb14c36ae6291c1fc0fb4e069d,source value exists,0..*,date,癌症診療計畫書／個管追蹤資料,"follow-up encounter, vital status, transfer or outcome source",follow-up/outcome fact,derived projection to QBC; plan and QBC are not source-of-truth facts,Observation,Observation.effectiveDateTime,dateTime,0..1,https://erichuang777777.github.io/TW-Breast-Cancer-FHIR-IG/StructureDefinition/qbc-date-data-item-observation,1.0.0-preview.1,,,FHIR date/dateTime; YYYYMMDD → YYYY-MM-DD; timezone not inferred,equivalent,parse YYYYMMDD as FHIR date/dateTime; reject invalid calendar dates,reject missing when condition is true; otherwise omit target element; never invent a value,create one target item per source repetition; multi-select values are separate codings unless profile requires one CodeableConcept,lossless with raw QBC value retained in Provenance,QBC export MUST use retained raw value plus validated canonical value; fail closed if they disagree,implemented-and-tested,none,technically-ready
QBC-MAP-T02,T02,治療狀況,11507 定版,f63be9eae07c552af4f03e9771e48bcda1c5b4eb14c36ae6291c1fc0fb4e069d,source value exists,0..*,code,癌症診療計畫書／個管追蹤資料,"follow-up encounter, vital status, transfer or outcome source",follow-up/outcome fact,derived projection to QBC; plan and QBC are not source-of-truth facts,EpisodeOfCare,EpisodeOfCare.extension[qbc-treatment-status],CodeableConcept,0..1,http://hl7.org/fhir/StructureDefinition/EpisodeOfCare,4.0.1,,,QBC field-specific ValueSet or source terminology; copy or field-specific ConceptMap; raw QBC value retained in Provenance,equivalent,validate against QBC field ValueSet; translate when ConceptMap exists; preserve raw code,reject missing when condition is true; otherwise omit target element; never invent a value,create one target item per source repetition; multi-select values are separate codings unless profile requires one CodeableConcept,lossless with raw QBC value retained in Provenance,QBC export MUST use retained raw value plus validated canonical value; fail closed if they disagree,implemented-and-tested,FHIR-EXTENSIONS,ready-for-human-review
QBC-MAP-T03,T03,追蹤狀況,11507 定版,f63be9eae07c552af4f03e9771e48bcda1c5b4eb14c36ae6291c1fc0fb4e069d,source value exists,0..*,code,癌症診療計畫書／個管追蹤資料,"follow-up encounter, vital status, transfer or outcome source",follow-up/outcome fact,derived projection to QBC; plan and QBC are not source-of-truth facts,EpisodeOfCare,EpisodeOfCare.extension[qbc-followup-status],CodeableConcept,0..1,http://hl7.org/fhir/StructureDefinition/EpisodeOfCare,4.0.1,,,QBC field-specific ValueSet or source terminology; copy or field-specific ConceptMap; raw QBC value retained in Provenance,equivalent,validate against QBC field ValueSet; translate when ConceptMap exists; preserve raw code,reject missing when condition is true; otherwise omit target element; never invent a value,create one target item per source repetition; multi-select values are separate codings unless profile requires one CodeableConcept,lossless with raw QBC value retained in Provenance,QBC export MUST use retained raw value plus validated canonical value; fail closed if they disagree,implemented-and-tested,FHIR-EXTENSIONS,ready-for-human-review
QBC-MAP-T04,T04,轉出日期,11507 定版,f63be9eae07c552af4f03e9771e48bcda1c5b4eb14c36ae6291c1fc0fb4e069d,source value exists,0..*,date,癌症診療計畫書／個管追蹤資料,"follow-up encounter, vital status, transfer or outcome source",follow-up/outcome fact,derived projection to QBC; plan and QBC are not source-of-truth facts,EpisodeOfCare,EpisodeOfCare.extension[qbc-transfer-date],date,0..1,http://hl7.org/fhir/StructureDefinition/EpisodeOfCare,4.0.1,,,FHIR date/dateTime; YYYYMMDD → YYYY-MM-DD; timezone not inferred,equivalent,parse YYYYMMDD as FHIR date/dateTime; reject invalid calendar dates,reject missing when condition is true; otherwise omit target element; never invent a value,create one target item per source repetition; multi-select values are separate codings unless profile requires one CodeableConcept,lossless with raw QBC value retained in Provenance,QBC export MUST use retained raw value plus validated canonical value; fail closed if they disagree,implemented-and-tested,FHIR-EXTENSIONS,ready-for-human-review
QBC-MAP-T05,T05,結案日期,11507 定版,f63be9eae07c552af4f03e9771e48bcda1c5b4eb14c36ae6291c1fc0fb4e069d,source value exists,0..*,date,癌症診療計畫書／個管追蹤資料,"follow-up encounter, vital status, transfer or outcome source",follow-up/outcome fact,derived projection to QBC; plan and QBC are not source-of-truth facts,EpisodeOfCare,EpisodeOfCare.period.end,dateTime,0..1,http://hl7.org/fhir/StructureDefinition/EpisodeOfCare,4.0.1,,,FHIR date/dateTime; YYYYMMDD → YYYY-MM-DD; timezone not inferred,equivalent,parse YYYYMMDD as FHIR date/dateTime; reject invalid calendar dates,reject missing when condition is true; otherwise omit target element; never invent a value,create one target item per source repetition; multi-select values are separate codings unless profile requires one CodeableConcept,lossless with raw QBC value retained in Provenance,QBC export MUST use retained raw value plus validated canonical value; fail closed if they disagree,implemented-and-tested,none,technically-ready
QBC-MAP-T06,T06,死亡日期,11507 定版,f63be9eae07c552af4f03e9771e48bcda1c5b4eb14c36ae6291c1fc0fb4e069d,source value exists,0..*,date,癌症診療計畫書／個管追蹤資料,"follow-up encounter, vital status, transfer or outcome source",follow-up/outcome fact,derived projection to QBC; plan and QBC are not source-of-truth facts,Patient,Patient.deceasedDateTime,dateTime,0..1,https://erichuang777777.github.io/TW-Breast-Cancer-FHIR-IG/StructureDefinition/qbc-patient,1.0.0-preview.1,,,FHIR date/dateTime; YYYYMMDD → YYYY-MM-DD; timezone not inferred,equivalent,parse YYYYMMDD as FHIR date/dateTime; reject invalid calendar dates,reject missing when condition is true; otherwise omit target element; never invent a value,create one target item per source repetition; multi-select values are separate codings unless profile requires one CodeableConcept,lossless with raw QBC value retained in Provenance,QBC export MUST use retained raw value plus validated canonical value; fail closed if they disagree,implemented-and-tested,none,technically-ready
